-- MySQL dump 10.13  Distrib 5.1.51, for unknown-linux-gnu (x86_64)
--
-- Host: localhost    Database: gds
-- ------------------------------------------------------
-- Server version	5.1.51-ElEX-DB-log

/*!40101 SET @OLD_CHARACTER_SET_CLIENT=@@CHARACTER_SET_CLIENT */;
/*!40101 SET @OLD_CHARACTER_SET_RESULTS=@@CHARACTER_SET_RESULTS */;
/*!40101 SET @OLD_COLLATION_CONNECTION=@@COLLATION_CONNECTION */;
/*!40101 SET NAMES utf8 */;
/*!40103 SET @OLD_TIME_ZONE=@@TIME_ZONE */;
/*!40103 SET TIME_ZONE='+00:00' */;
/*!40014 SET @OLD_UNIQUE_CHECKS=@@UNIQUE_CHECKS, UNIQUE_CHECKS=0 */;
/*!40014 SET @OLD_FOREIGN_KEY_CHECKS=@@FOREIGN_KEY_CHECKS, FOREIGN_KEY_CHECKS=0 */;
/*!40101 SET @OLD_SQL_MODE=@@SQL_MODE, SQL_MODE='NO_AUTO_VALUE_ON_ZERO' */;
/*!40111 SET @OLD_SQL_NOTES=@@SQL_NOTES, SQL_NOTES=0 */;

--
-- Table structure for table `gds_address`
--

DROP TABLE IF EXISTS `gds_address`;
/*!40101 SET @saved_cs_client     = @@character_set_client */;
/*!40101 SET character_set_client = utf8 */;
CREATE TABLE `gds_address` (
  `address_id` int(11) NOT NULL AUTO_INCREMENT,
  `customer_id` int(11) NOT NULL,
  `firstname` varchar(32) COLLATE utf8_bin NOT NULL DEFAULT '',
  `lastname` varchar(32) COLLATE utf8_bin NOT NULL DEFAULT '',
  `company` varchar(32) COLLATE utf8_bin NOT NULL,
  `address_1` varchar(128) COLLATE utf8_bin NOT NULL,
  `address_2` varchar(128) COLLATE utf8_bin NOT NULL,
  `city` varchar(128) COLLATE utf8_bin NOT NULL,
  `postcode` varchar(10) COLLATE utf8_bin NOT NULL,
  `country_id` int(11) NOT NULL DEFAULT '0',
  `zone_id` int(11) NOT NULL DEFAULT '0',
  PRIMARY KEY (`address_id`),
  KEY `customer_id` (`customer_id`)
) ENGINE=MyISAM AUTO_INCREMENT=2 DEFAULT CHARSET=utf8 COLLATE=utf8_bin;
/*!40101 SET character_set_client = @saved_cs_client */;

--
-- Dumping data for table `gds_address`
--

LOCK TABLES `gds_address` WRITE;
/*!40000 ALTER TABLE `gds_address` DISABLE KEYS */;
INSERT INTO `gds_address` VALUES (1,1,'Chang','Wu','','Address 1','','beijing','100080',44,685);
/*!40000 ALTER TABLE `gds_address` ENABLE KEYS */;
UNLOCK TABLES;

--
-- Table structure for table `gds_affiliate`
--

DROP TABLE IF EXISTS `gds_affiliate`;
/*!40101 SET @saved_cs_client     = @@character_set_client */;
/*!40101 SET character_set_client = utf8 */;
CREATE TABLE `gds_affiliate` (
  `affiliate_id` int(11) NOT NULL AUTO_INCREMENT,
  `firstname` varchar(32) COLLATE utf8_bin NOT NULL DEFAULT '',
  `lastname` varchar(32) COLLATE utf8_bin NOT NULL DEFAULT '',
  `email` varchar(96) COLLATE utf8_bin NOT NULL DEFAULT '',
  `telephone` varchar(32) COLLATE utf8_bin NOT NULL DEFAULT '',
  `fax` varchar(32) COLLATE utf8_bin NOT NULL DEFAULT '',
  `password` varchar(40) COLLATE utf8_bin NOT NULL DEFAULT '',
  `company` varchar(32) COLLATE utf8_bin NOT NULL,
  `website` varchar(255) COLLATE utf8_bin NOT NULL,
  `address_1` varchar(128) COLLATE utf8_bin NOT NULL DEFAULT '',
  `address_2` varchar(128) COLLATE utf8_bin NOT NULL,
  `city` varchar(128) COLLATE utf8_bin NOT NULL DEFAULT '',
  `postcode` varchar(10) COLLATE utf8_bin NOT NULL DEFAULT '',
  `country_id` int(11) NOT NULL,
  `zone_id` int(11) NOT NULL,
  `code` varchar(64) COLLATE utf8_bin NOT NULL,
  `commission` decimal(4,2) NOT NULL DEFAULT '0.00',
  `tax` varchar(64) COLLATE utf8_bin NOT NULL,
  `payment` varchar(6) COLLATE utf8_bin NOT NULL,
  `cheque` varchar(100) COLLATE utf8_bin NOT NULL DEFAULT '',
  `paypal` varchar(64) COLLATE utf8_bin NOT NULL DEFAULT '',
  `bank_name` varchar(64) COLLATE utf8_bin NOT NULL DEFAULT '',
  `bank_branch_number` varchar(64) COLLATE utf8_bin NOT NULL DEFAULT '',
  `bank_swift_code` varchar(64) COLLATE utf8_bin NOT NULL DEFAULT '',
  `bank_account_name` varchar(64) COLLATE utf8_bin NOT NULL DEFAULT '',
  `bank_account_number` varchar(64) COLLATE utf8_bin NOT NULL DEFAULT '',
  `ip` varchar(15) COLLATE utf8_bin NOT NULL,
  `status` tinyint(1) NOT NULL,
  `approved` tinyint(1) NOT NULL,
  `date_added` datetime NOT NULL,
  PRIMARY KEY (`affiliate_id`)
) ENGINE=MyISAM DEFAULT CHARSET=utf8 COLLATE=utf8_bin;
/*!40101 SET character_set_client = @saved_cs_client */;

--
-- Dumping data for table `gds_affiliate`
--

LOCK TABLES `gds_affiliate` WRITE;
/*!40000 ALTER TABLE `gds_affiliate` DISABLE KEYS */;
/*!40000 ALTER TABLE `gds_affiliate` ENABLE KEYS */;
UNLOCK TABLES;

--
-- Table structure for table `gds_affiliate_transaction`
--

DROP TABLE IF EXISTS `gds_affiliate_transaction`;
/*!40101 SET @saved_cs_client     = @@character_set_client */;
/*!40101 SET character_set_client = utf8 */;
CREATE TABLE `gds_affiliate_transaction` (
  `affiliate_transaction_id` int(11) NOT NULL AUTO_INCREMENT,
  `affiliate_id` int(11) NOT NULL,
  `order_id` int(11) NOT NULL,
  `description` text COLLATE utf8_bin NOT NULL,
  `amount` decimal(15,4) NOT NULL,
  `date_added` datetime NOT NULL,
  PRIMARY KEY (`affiliate_transaction_id`)
) ENGINE=MyISAM DEFAULT CHARSET=utf8 COLLATE=utf8_bin;
/*!40101 SET character_set_client = @saved_cs_client */;

--
-- Dumping data for table `gds_affiliate_transaction`
--

LOCK TABLES `gds_affiliate_transaction` WRITE;
/*!40000 ALTER TABLE `gds_affiliate_transaction` DISABLE KEYS */;
/*!40000 ALTER TABLE `gds_affiliate_transaction` ENABLE KEYS */;
UNLOCK TABLES;

--
-- Table structure for table `gds_attribute`
--

DROP TABLE IF EXISTS `gds_attribute`;
/*!40101 SET @saved_cs_client     = @@character_set_client */;
/*!40101 SET character_set_client = utf8 */;
CREATE TABLE `gds_attribute` (
  `attribute_id` int(11) NOT NULL AUTO_INCREMENT,
  `attribute_group_id` int(11) NOT NULL,
  `sort_order` int(3) NOT NULL,
  PRIMARY KEY (`attribute_id`)
) ENGINE=MyISAM AUTO_INCREMENT=12 DEFAULT CHARSET=utf8 COLLATE=utf8_bin;
/*!40101 SET character_set_client = @saved_cs_client */;

--
-- Dumping data for table `gds_attribute`
--

LOCK TABLES `gds_attribute` WRITE;
/*!40000 ALTER TABLE `gds_attribute` DISABLE KEYS */;
INSERT INTO `gds_attribute` VALUES (3,6,1),(4,3,1),(2,6,2);
/*!40000 ALTER TABLE `gds_attribute` ENABLE KEYS */;
UNLOCK TABLES;

--
-- Table structure for table `gds_attribute_description`
--

DROP TABLE IF EXISTS `gds_attribute_description`;
/*!40101 SET @saved_cs_client     = @@character_set_client */;
/*!40101 SET character_set_client = utf8 */;
CREATE TABLE `gds_attribute_description` (
  `attribute_id` int(11) NOT NULL,
  `language_id` int(11) NOT NULL,
  `name` varchar(64) COLLATE utf8_bin NOT NULL,
  PRIMARY KEY (`attribute_id`,`language_id`)
) ENGINE=MyISAM DEFAULT CHARSET=utf8 COLLATE=utf8_bin;
/*!40101 SET character_set_client = @saved_cs_client */;

--
-- Dumping data for table `gds_attribute_description`
--

LOCK TABLES `gds_attribute_description` WRITE;
/*!40000 ALTER TABLE `gds_attribute_description` DISABLE KEYS */;
INSERT INTO `gds_attribute_description` VALUES (2,1,'No. of Cores'),(4,1,'test 1'),(3,1,'Clockspeed');
/*!40000 ALTER TABLE `gds_attribute_description` ENABLE KEYS */;
UNLOCK TABLES;

--
-- Table structure for table `gds_attribute_group`
--

DROP TABLE IF EXISTS `gds_attribute_group`;
/*!40101 SET @saved_cs_client     = @@character_set_client */;
/*!40101 SET character_set_client = utf8 */;
CREATE TABLE `gds_attribute_group` (
  `attribute_group_id` int(11) NOT NULL AUTO_INCREMENT,
  `sort_order` int(3) NOT NULL,
  PRIMARY KEY (`attribute_group_id`)
) ENGINE=MyISAM AUTO_INCREMENT=7 DEFAULT CHARSET=utf8 COLLATE=utf8_bin;
/*!40101 SET character_set_client = @saved_cs_client */;

--
-- Dumping data for table `gds_attribute_group`
--

LOCK TABLES `gds_attribute_group` WRITE;
/*!40000 ALTER TABLE `gds_attribute_group` DISABLE KEYS */;
INSERT INTO `gds_attribute_group` VALUES (6,1),(3,2);
/*!40000 ALTER TABLE `gds_attribute_group` ENABLE KEYS */;
UNLOCK TABLES;

--
-- Table structure for table `gds_attribute_group_description`
--

DROP TABLE IF EXISTS `gds_attribute_group_description`;
/*!40101 SET @saved_cs_client     = @@character_set_client */;
/*!40101 SET character_set_client = utf8 */;
CREATE TABLE `gds_attribute_group_description` (
  `attribute_group_id` int(11) NOT NULL,
  `language_id` int(11) NOT NULL,
  `name` varchar(64) COLLATE utf8_bin NOT NULL,
  PRIMARY KEY (`attribute_group_id`,`language_id`)
) ENGINE=MyISAM DEFAULT CHARSET=utf8 COLLATE=utf8_bin;
/*!40101 SET character_set_client = @saved_cs_client */;

--
-- Dumping data for table `gds_attribute_group_description`
--

LOCK TABLES `gds_attribute_group_description` WRITE;
/*!40000 ALTER TABLE `gds_attribute_group_description` DISABLE KEYS */;
INSERT INTO `gds_attribute_group_description` VALUES (3,1,'Memory'),(6,1,'Processor');
/*!40000 ALTER TABLE `gds_attribute_group_description` ENABLE KEYS */;
UNLOCK TABLES;

--
-- Table structure for table `gds_banner`
--

DROP TABLE IF EXISTS `gds_banner`;
/*!40101 SET @saved_cs_client     = @@character_set_client */;
/*!40101 SET character_set_client = utf8 */;
CREATE TABLE `gds_banner` (
  `banner_id` int(11) NOT NULL AUTO_INCREMENT,
  `name` varchar(64) COLLATE utf8_bin NOT NULL,
  `status` tinyint(1) NOT NULL,
  PRIMARY KEY (`banner_id`)
) ENGINE=MyISAM AUTO_INCREMENT=9 DEFAULT CHARSET=utf8 COLLATE=utf8_bin;
/*!40101 SET character_set_client = @saved_cs_client */;

--
-- Dumping data for table `gds_banner`
--

LOCK TABLES `gds_banner` WRITE;
/*!40000 ALTER TABLE `gds_banner` DISABLE KEYS */;
INSERT INTO `gds_banner` VALUES (6,'HP Products',1),(7,'Samsung Tab',1),(8,'Manufacturers',1);
/*!40000 ALTER TABLE `gds_banner` ENABLE KEYS */;
UNLOCK TABLES;

--
-- Table structure for table `gds_banner_image`
--

DROP TABLE IF EXISTS `gds_banner_image`;
/*!40101 SET @saved_cs_client     = @@character_set_client */;
/*!40101 SET character_set_client = utf8 */;
CREATE TABLE `gds_banner_image` (
  `banner_image_id` int(11) NOT NULL AUTO_INCREMENT,
  `banner_id` int(11) NOT NULL,
  `link` varchar(255) COLLATE utf8_bin NOT NULL,
  `image` varchar(255) COLLATE utf8_bin NOT NULL,
  PRIMARY KEY (`banner_image_id`)
) ENGINE=MyISAM AUTO_INCREMENT=78 DEFAULT CHARSET=utf8 COLLATE=utf8_bin;
/*!40101 SET character_set_client = @saved_cs_client */;

--
-- Dumping data for table `gds_banner_image`
--

LOCK TABLES `gds_banner_image` WRITE;
/*!40000 ALTER TABLE `gds_banner_image` DISABLE KEYS */;
INSERT INTO `gds_banner_image` VALUES (54,7,'index.php?route=product/product&amp;path=57&amp;product_id=49','data/samsung_banner.jpg'),(77,6,'/index.php?route=product/manufacturer/product&amp;manufacturer_id=7','data/hp_banner.jpg'),(75,8,'/index.php?route=product/manufacturer/product&amp;manufacturer_id=5','data/htc_logo.jpg'),(73,8,'/index.php?route=product/manufacturer/product&amp;manufacturer_id=8','data/apple_logo.jpg'),(74,8,'/index.php?route=product/manufacturer/product&amp;manufacturer_id=9','data/canon_logo.jpg'),(71,8,'/index.php?route=product/manufacturer/product&amp;manufacturer_id=10','data/sony_logo.jpg'),(72,8,'/index.php?route=product/manufacturer/product&amp;manufacturer_id=6','data/palm_logo.jpg'),(76,8,'/index.php?route=product/manufacturer/product&amp;manufacturer_id=7','data/hp_logo.jpg');
/*!40000 ALTER TABLE `gds_banner_image` ENABLE KEYS */;
UNLOCK TABLES;

--
-- Table structure for table `gds_banner_image_description`
--

DROP TABLE IF EXISTS `gds_banner_image_description`;
/*!40101 SET @saved_cs_client     = @@character_set_client */;
/*!40101 SET character_set_client = utf8 */;
CREATE TABLE `gds_banner_image_description` (
  `banner_image_id` int(11) NOT NULL,
  `language_id` int(11) NOT NULL,
  `banner_id` int(11) NOT NULL,
  `title` varchar(64) COLLATE utf8_bin NOT NULL,
  PRIMARY KEY (`banner_image_id`,`language_id`)
) ENGINE=MyISAM DEFAULT CHARSET=utf8 COLLATE=utf8_bin;
/*!40101 SET character_set_client = @saved_cs_client */;

--
-- Dumping data for table `gds_banner_image_description`
--

LOCK TABLES `gds_banner_image_description` WRITE;
/*!40000 ALTER TABLE `gds_banner_image_description` DISABLE KEYS */;
INSERT INTO `gds_banner_image_description` VALUES (54,1,7,'Samsung Tab 10.1'),(77,1,6,'HP Banner'),(75,1,8,'HTC'),(74,1,8,'Canon'),(73,1,8,'Apple'),(72,1,8,'Palm'),(71,1,8,'Sony'),(76,1,8,'Hewlett-Packard');
/*!40000 ALTER TABLE `gds_banner_image_description` ENABLE KEYS */;
UNLOCK TABLES;

--
-- Table structure for table `gds_category`
--

DROP TABLE IF EXISTS `gds_category`;
/*!40101 SET @saved_cs_client     = @@character_set_client */;
/*!40101 SET character_set_client = utf8 */;
CREATE TABLE `gds_category` (
  `category_id` int(11) NOT NULL AUTO_INCREMENT,
  `image` varchar(255) COLLATE utf8_bin DEFAULT NULL,
  `parent_id` int(11) NOT NULL DEFAULT '0',
  `top` tinyint(1) NOT NULL,
  `column` int(3) NOT NULL,
  `sort_order` int(3) NOT NULL DEFAULT '0',
  `status` tinyint(1) NOT NULL,
  `date_added` datetime NOT NULL DEFAULT '0000-00-00 00:00:00',
  `date_modified` datetime NOT NULL DEFAULT '0000-00-00 00:00:00',
  PRIMARY KEY (`category_id`)
) ENGINE=MyISAM AUTO_INCREMENT=170 DEFAULT CHARSET=utf8 COLLATE=utf8_bin;
/*!40101 SET character_set_client = @saved_cs_client */;

--
-- Dumping data for table `gds_category`
--

LOCK TABLES `gds_category` WRITE;
/*!40000 ALTER TABLE `gds_category` DISABLE KEYS */;
INSERT INTO `gds_category` VALUES (1,'',0,1,1,1,1,'2012-06-01 02:19:19','2012-06-11 23:53:58'),(2,'',0,1,1,2,1,'2012-06-01 02:19:20','2012-06-01 02:19:19'),(3,'',0,1,1,3,1,'2012-06-01 02:19:21','2012-06-01 02:19:19'),(4,'',0,1,1,4,1,'2012-06-01 02:19:22','2012-06-01 02:19:19'),(5,'',0,1,1,5,1,'2012-06-01 02:19:23','2012-06-01 02:19:19'),(6,'',0,0,1,6,1,'2012-06-01 02:19:24','2012-06-01 02:19:19'),(7,'',0,0,1,7,1,'2012-06-01 02:19:25','2012-06-01 02:19:19'),(8,'',1,0,1,1,1,'2012-06-01 02:19:26','2012-06-01 02:19:19'),(9,'',1,0,1,2,1,'2012-06-01 02:19:27','2012-06-01 02:19:19'),(10,'',1,0,1,3,1,'2012-06-01 02:19:28','2012-06-01 02:19:19'),(11,'',1,0,1,4,1,'2012-06-01 02:19:29','2012-06-01 02:19:19'),(12,'',1,0,1,5,1,'2012-06-01 02:19:30','2012-06-01 02:19:19'),(13,'',1,0,1,6,1,'2012-06-01 02:19:31','2012-06-11 23:53:59'),(14,'',2,0,1,1,1,'2012-06-01 02:19:32','2012-06-01 02:19:19'),(15,'',2,0,1,2,1,'2012-06-01 02:19:33','2012-06-01 02:19:19'),(16,'',2,0,1,3,1,'2012-06-01 02:19:34','2012-06-01 02:19:19'),(17,'',2,0,1,4,1,'2012-06-01 02:19:35','2012-06-01 02:19:19'),(18,'',2,0,1,5,1,'2012-06-01 02:19:36','2012-06-01 02:19:19'),(19,'',2,0,1,6,1,'2012-06-01 02:19:37','2012-06-01 02:19:19'),(20,'',2,0,1,7,1,'2012-06-01 02:19:38','2012-06-01 02:19:19'),(21,'',2,0,1,8,1,'2012-06-01 02:19:39','2012-06-01 02:19:19'),(22,'',2,0,1,9,1,'2012-06-01 02:19:40','2012-06-01 02:19:19'),(23,'',2,0,1,10,1,'2012-06-01 02:19:41','2012-06-01 02:19:19'),(24,'',2,0,1,11,1,'2012-06-01 02:19:42','2012-06-01 02:19:19'),(25,'',2,0,1,12,1,'2012-06-01 02:19:43','0000-00-00 00:00:00'),(26,'',2,0,1,13,1,'2012-06-01 02:19:44','2012-06-01 02:19:19'),(27,'',2,0,1,14,1,'2012-06-01 02:19:45','2012-06-01 02:19:19'),(28,'',3,0,1,1,1,'2012-06-01 02:19:46','2012-06-01 02:19:19'),(29,'',3,0,1,2,1,'2012-06-01 02:19:47','2012-06-01 02:19:19'),(30,'',3,0,1,3,1,'2012-06-01 02:19:48','2012-06-01 02:19:19'),(31,'',3,0,1,4,1,'2012-06-01 02:19:49','2012-06-01 02:19:19'),(32,'',3,0,1,5,1,'2012-06-01 02:19:50','2012-06-01 02:19:19'),(33,'',3,0,1,6,1,'2012-06-01 02:19:51','2012-06-01 02:19:19'),(34,'',3,0,1,7,1,'2012-06-01 02:19:52','2012-06-01 02:19:19'),(35,'',3,0,1,8,1,'2012-06-01 02:19:53','2012-06-01 02:19:19'),(36,'',3,0,1,9,1,'2012-06-01 02:19:54','2012-06-01 02:19:19'),(37,'',3,0,1,10,1,'2012-06-01 02:19:55','0000-00-00 00:00:00'),(38,'',3,0,1,11,1,'2012-06-01 02:19:56','2012-06-01 02:19:19'),(39,'',3,0,1,12,1,'2012-06-01 02:19:57','2012-06-01 02:19:19'),(40,'',4,0,1,1,1,'2012-06-01 02:19:58','2012-06-01 02:19:19'),(41,'',4,0,1,2,1,'2012-06-01 02:19:59','2012-06-01 02:19:19'),(42,'',4,0,1,3,1,'0000-00-00 00:00:00','2012-06-01 02:19:19'),(43,'',4,0,1,4,1,'0000-00-00 00:00:00','2012-06-01 02:19:19'),(44,'',4,0,1,5,1,'0000-00-00 00:00:00','2012-06-01 02:19:19'),(45,'',4,0,1,6,1,'0000-00-00 00:00:00','2012-06-01 02:19:19'),(46,'',4,0,1,7,1,'0000-00-00 00:00:00','2012-06-01 02:19:19'),(47,'',4,0,1,8,1,'0000-00-00 00:00:00','2012-06-01 02:19:19'),(48,'',4,0,1,9,1,'0000-00-00 00:00:00','2012-06-01 02:19:19'),(49,'',4,0,1,10,1,'0000-00-00 00:00:00','0000-00-00 00:00:00'),(50,'',5,0,1,1,1,'0000-00-00 00:00:00','2012-06-01 02:19:19'),(51,'',5,0,1,2,1,'0000-00-00 00:00:00','2012-06-01 02:19:19'),(52,'',5,0,1,3,1,'0000-00-00 00:00:00','2012-06-01 02:19:19'),(53,'',5,0,1,4,1,'0000-00-00 00:00:00','2012-06-01 02:19:19'),(54,'',5,0,1,5,1,'0000-00-00 00:00:00','2012-06-01 02:19:19'),(55,'',5,0,1,6,1,'0000-00-00 00:00:00','2012-06-01 02:19:19'),(56,'',5,0,1,7,1,'0000-00-00 00:00:00','2012-06-01 02:19:19'),(57,'',5,0,1,8,1,'0000-00-00 00:00:00','2012-06-01 02:19:19'),(58,'',5,0,1,9,1,'0000-00-00 00:00:00','2012-06-01 02:19:19'),(59,'',5,0,1,10,1,'0000-00-00 00:00:00','2012-06-01 02:19:19'),(60,'',5,0,1,11,1,'0000-00-00 00:00:00','2012-06-01 02:19:19'),(61,'',6,0,1,1,1,'0000-00-00 00:00:00','0000-00-00 00:00:00'),(62,'',6,0,1,2,1,'0000-00-00 00:00:00','2012-06-01 02:19:19'),(63,'',6,0,1,3,1,'0000-00-00 00:00:00','2012-06-01 02:19:19'),(64,'',6,0,1,4,1,'0000-00-00 00:00:00','2012-06-01 02:19:19'),(65,'',6,0,1,5,1,'0000-00-00 00:00:00','2012-06-01 02:19:19'),(66,'',6,0,1,6,1,'0000-00-00 00:00:00','2012-06-01 02:19:19'),(67,'',6,0,1,7,1,'0000-00-00 00:00:00','2012-06-01 02:19:19'),(68,'',6,0,1,8,1,'0000-00-00 00:00:00','2012-06-01 02:19:19'),(69,'',7,0,1,1,1,'0000-00-00 00:00:00','2012-06-01 02:19:19'),(70,'',8,0,1,1,1,'0000-00-00 00:00:00','2012-06-01 02:19:19'),(71,'',9,0,1,1,1,'0000-00-00 00:00:00','2012-06-01 02:19:19'),(72,'',9,0,1,2,1,'0000-00-00 00:00:00','2012-06-01 02:19:19'),(73,'',9,0,1,3,1,'0000-00-00 00:00:00','0000-00-00 00:00:00'),(74,'',9,0,1,4,1,'0000-00-00 00:00:00','2012-06-01 02:19:19'),(75,'',9,0,1,5,1,'0000-00-00 00:00:00','2012-06-01 02:19:19'),(76,'',9,0,1,6,1,'0000-00-00 00:00:00','2012-06-01 02:19:19'),(77,'',10,0,1,1,1,'0000-00-00 00:00:00','2012-06-01 02:19:19'),(78,'',10,0,1,2,1,'0000-00-00 00:00:00','2012-06-01 02:19:19'),(79,'',11,0,1,1,1,'0000-00-00 00:00:00','2012-06-01 02:19:19'),(80,'',11,0,1,2,1,'0000-00-00 00:00:00','2012-06-01 02:19:19'),(81,'',11,0,1,3,1,'0000-00-00 00:00:00','2012-06-01 02:19:19'),(82,'',11,0,1,4,1,'0000-00-00 00:00:00','2012-06-01 02:19:19'),(83,'',11,0,1,5,1,'0000-00-00 00:00:00','2012-06-01 02:19:19'),(84,'',11,0,1,6,1,'0000-00-00 00:00:00','2012-06-01 02:19:19'),(85,'',11,0,1,7,1,'0000-00-00 00:00:00','0000-00-00 00:00:00'),(86,'',11,0,1,8,1,'0000-00-00 00:00:00','2012-06-01 02:19:19'),(87,'',11,0,1,9,1,'0000-00-00 00:00:00','2012-06-01 02:19:19'),(88,'',12,0,1,1,1,'0000-00-00 00:00:00','2012-06-01 02:19:19'),(89,'',12,0,1,2,1,'0000-00-00 00:00:00','2012-06-01 02:19:19'),(90,'',12,0,1,3,1,'0000-00-00 00:00:00','2012-06-01 02:19:19'),(91,'',12,0,1,4,1,'0000-00-00 00:00:00','2012-06-01 02:19:19'),(92,'',13,0,1,1,1,'0000-00-00 00:00:00','2012-06-01 02:19:19'),(93,'',17,0,1,1,1,'0000-00-00 00:00:00','2012-06-01 02:19:19'),(94,'',17,0,1,2,1,'0000-00-00 00:00:00','2012-06-01 02:19:19'),(95,'',17,0,1,3,1,'0000-00-00 00:00:00','2012-06-01 02:19:19'),(96,'',17,0,1,4,1,'0000-00-00 00:00:00','2012-06-01 02:19:19'),(97,'',17,0,1,5,1,'0000-00-00 00:00:00','0000-00-00 00:00:00'),(98,'',22,0,1,1,1,'0000-00-00 00:00:00','2012-06-01 02:19:19'),(99,'',23,0,1,2,1,'0000-00-00 00:00:00','2012-06-01 02:19:19'),(100,'',23,0,1,3,1,'0000-00-00 00:00:00','2012-06-01 02:19:19'),(101,'',23,0,1,4,1,'0000-00-00 00:00:00','2012-06-01 02:19:19'),(102,'',42,0,1,1,1,'0000-00-00 00:00:00','2012-06-01 02:19:19'),(103,'',42,0,1,2,1,'0000-00-00 00:00:00','2012-06-01 02:19:19'),(104,'',42,0,1,3,1,'0000-00-00 00:00:00','2012-06-01 02:19:19'),(105,'',42,0,1,4,1,'0000-00-00 00:00:00','2012-06-01 02:19:19'),(106,'',42,0,1,5,1,'0000-00-00 00:00:00','2012-06-01 02:19:19'),(107,'',42,0,1,6,1,'0000-00-00 00:00:00','2012-06-01 02:19:19'),(108,'',44,0,1,1,1,'0000-00-00 00:00:00','2012-06-01 02:19:19'),(109,'',44,0,1,2,1,'0000-00-00 00:00:00','0000-00-00 00:00:00'),(110,'',44,0,1,3,1,'0000-00-00 00:00:00','2012-06-01 02:19:19'),(111,'',44,0,1,4,1,'0000-00-00 00:00:00','2012-06-01 02:19:19'),(112,'',48,0,1,1,1,'0000-00-00 00:00:00','2012-06-01 02:19:19'),(113,'',48,0,1,2,1,'0000-00-00 00:00:00','2012-06-01 02:19:19'),(114,'',48,0,1,3,1,'0000-00-00 00:00:00','2012-06-01 02:19:19'),(115,'',48,0,1,4,1,'0000-00-00 00:00:00','2012-06-01 02:19:19'),(116,'',48,0,1,5,1,'0000-00-00 00:00:00','2012-06-01 02:19:19'),(117,'',48,0,1,6,1,'0000-00-00 00:00:00','2012-06-01 02:19:19'),(118,'',48,0,1,7,1,'0000-00-00 00:00:00','2012-06-01 02:19:19'),(119,'',48,0,1,8,1,'0000-00-00 00:00:00','2012-06-01 02:19:19'),(120,'',50,0,1,1,1,'0000-00-00 00:00:00','2012-06-01 02:19:19'),(121,'',50,0,1,2,1,'0000-00-00 00:00:00','0000-00-00 00:00:00'),(122,'',50,0,1,3,1,'0000-00-00 00:00:00','2012-06-01 02:19:19'),(123,'',50,0,1,4,1,'0000-00-00 00:00:00','2012-06-01 02:19:19'),(124,'',50,0,1,5,1,'0000-00-00 00:00:00','2012-06-01 02:19:19'),(125,'',50,0,1,6,1,'0000-00-00 00:00:00','2012-06-01 02:19:19'),(126,'',58,0,1,1,1,'0000-00-00 00:00:00','2012-06-01 02:19:19'),(127,'',58,0,1,2,1,'0000-00-00 00:00:00','2012-06-01 02:19:19'),(128,'',58,0,1,3,1,'0000-00-00 00:00:00','2012-06-01 02:19:19'),(129,'',61,0,1,1,1,'0000-00-00 00:00:00','2012-06-01 02:19:19'),(130,'',61,0,1,2,1,'0000-00-00 00:00:00','2012-06-01 02:19:19'),(131,'',61,0,1,3,1,'0000-00-00 00:00:00','2012-06-01 02:19:19'),(132,'',61,0,1,4,1,'0000-00-00 00:00:00','2012-06-01 02:19:19'),(133,'',62,0,1,5,1,'0000-00-00 00:00:00','0000-00-00 00:00:00'),(134,'',62,0,1,6,1,'0000-00-00 00:00:00','2012-06-01 02:19:19'),(135,'',62,0,1,7,1,'0000-00-00 00:00:00','2012-06-01 02:19:19'),(136,'',62,0,1,8,1,'0000-00-00 00:00:00','2012-06-01 02:19:19'),(137,'',62,0,1,9,1,'0000-00-00 00:00:00','2012-06-01 02:19:19'),(138,'',62,0,1,10,1,'0000-00-00 00:00:00','2012-06-01 02:19:19'),(139,'',64,0,1,1,1,'0000-00-00 00:00:00','2012-06-01 02:19:19'),(140,'',64,0,1,2,1,'0000-00-00 00:00:00','2012-06-01 02:19:19'),(141,'',64,0,1,3,1,'0000-00-00 00:00:00','2012-06-01 02:19:19'),(142,'',64,0,1,4,1,'0000-00-00 00:00:00','2012-06-01 02:19:19'),(143,'',65,0,1,1,1,'0000-00-00 00:00:00','2012-06-01 02:19:19'),(144,'',65,0,1,2,1,'0000-00-00 00:00:00','2012-06-01 02:19:19'),(145,'',65,0,1,3,1,'0000-00-00 00:00:00','0000-00-00 00:00:00'),(146,'',65,0,1,4,1,'0000-00-00 00:00:00','2012-06-01 02:19:19'),(147,'',65,0,1,5,1,'0000-00-00 00:00:00','2012-06-01 02:19:19'),(148,'',65,0,1,6,1,'0000-00-00 00:00:00','2012-06-01 02:19:19'),(149,'',66,0,1,1,1,'0000-00-00 00:00:00','2012-06-01 02:19:19'),(150,'',66,0,1,2,1,'0000-00-00 00:00:00','2012-06-01 02:19:19'),(151,'',66,0,1,3,1,'0000-00-00 00:00:00','2012-06-01 02:19:19'),(152,'',66,0,1,4,1,'0000-00-00 00:00:00','2012-06-01 02:19:19'),(153,'',66,0,1,5,1,'0000-00-00 00:00:00','2012-06-01 02:19:19'),(154,'',67,0,1,1,1,'0000-00-00 00:00:00','2012-06-01 02:19:19'),(155,'',67,0,1,2,1,'0000-00-00 00:00:00','2012-06-01 02:19:19'),(156,'',67,0,1,3,1,'0000-00-00 00:00:00','2012-06-01 02:19:19'),(157,'',67,0,1,4,1,'0000-00-00 00:00:00','0000-00-00 00:00:00'),(158,'',67,0,1,5,1,'0000-00-00 00:00:00','2012-06-01 02:19:19'),(159,'',67,0,1,6,1,'0000-00-00 00:00:00','2012-06-01 02:19:19'),(160,'',67,0,1,7,1,'0000-00-00 00:00:00','2012-06-01 02:19:19'),(161,'',68,0,1,1,1,'0000-00-00 00:00:00','2012-06-01 02:19:19'),(162,'',68,0,1,2,1,'0000-00-00 00:00:00','2012-06-01 02:19:19'),(163,'',68,0,1,3,1,'0000-00-00 00:00:00','2012-06-01 02:19:19'),(164,'',68,0,1,4,1,'0000-00-00 00:00:00','2012-06-01 02:19:19'),(165,'',68,0,1,5,1,'0000-00-00 00:00:00','2012-06-01 02:19:19'),(166,'',68,0,1,6,1,'0000-00-00 00:00:00','2012-06-01 02:19:19'),(167,'',68,0,1,7,1,'0000-00-00 00:00:00','2012-06-01 02:19:19'),(168,'',68,0,1,8,1,'0000-00-00 00:00:00','2012-06-01 02:19:19'),(169,'',68,0,1,9,1,'0000-00-00 00:00:00','0000-00-00 00:00:00');
/*!40000 ALTER TABLE `gds_category` ENABLE KEYS */;
UNLOCK TABLES;

--
-- Table structure for table `gds_category_description`
--

DROP TABLE IF EXISTS `gds_category_description`;
/*!40101 SET @saved_cs_client     = @@character_set_client */;
/*!40101 SET character_set_client = utf8 */;
CREATE TABLE `gds_category_description` (
  `category_id` int(11) NOT NULL,
  `language_id` int(11) NOT NULL,
  `name` varchar(255) COLLATE utf8_bin NOT NULL DEFAULT '',
  `description` text COLLATE utf8_bin NOT NULL,
  `meta_description` varchar(255) COLLATE utf8_bin NOT NULL,
  `meta_keyword` varchar(255) COLLATE utf8_bin NOT NULL,
  PRIMARY KEY (`category_id`,`language_id`),
  KEY `name` (`name`)
) ENGINE=MyISAM DEFAULT CHARSET=utf8 COLLATE=utf8_bin;
/*!40101 SET character_set_client = @saved_cs_client */;

--
-- Dumping data for table `gds_category_description`
--

LOCK TABLES `gds_category_description` WRITE;
/*!40000 ALTER TABLE `gds_category_description` DISABLE KEYS */;
INSERT INTO `gds_category_description` VALUES (45,1,'Lifestyle Gadgets','','',''),(36,1,'Precision Instruments','','',''),(37,1,'Professional Tools','','',''),(38,1,'Thermometers','','',''),(39,1,'USB Warmer','','',''),(40,1,'Alarm and  Security','','',''),(41,1,'Alarm Clocks','','',''),(42,1,'Health and Beauty','','',''),(43,1,'Home Electronics','','',''),(44,1,'Kitchen Utensils and Gadgets','','',''),(35,1,'Plastic Gadgets','','',''),(34,1,'Media Player','','',''),(33,1,'LCD Photo Frames','','',''),(7,1,'Watches','','',''),(8,1,'iPad','','',''),(9,1,'iPad 2','','',''),(10,1,'iPhone 3G or 3GS','','',''),(11,1,'iPhone 4 or 4S','','',''),(12,1,'iPod','','',''),(13,1,'The New iPad','','',''),(14,1,'Bluetooth and IrDA','','',''),(15,1,'Card Readers','','',''),(16,1,'Hardware Parts','','',''),(17,1,'Laptop Gadgets','','',''),(18,1,'Memory Cards','','',''),(19,1,'Mice and Keyboards','','',''),(20,1,'Microphone','','',''),(21,1,'Networking','','',''),(22,1,'Speakers and Earphones','','',''),(23,1,'Tablet Accessories','','',''),(24,1,'USB Flash Drives','','',''),(25,1,'USB Gadgets','','',''),(26,1,'USB Hubs and Switches','','',''),(27,1,'Webcams','','',''),(28,1,'3D Glasses','','',''),(29,1,'Alcohol Testers','','',''),(30,1,'Audio and Video equipment','','',''),(31,1,'Calculators','','',''),(32,1,'Digital Scales','','',''),(6,1,'Video Games Accessories','','',''),(5,1,'Toys and Hobbies','','',''),(4,1,'Home &amp; Office Gadgets','','',''),(3,1,'Electronics Gadgets','','',''),(2,1,'Computer Gadgets','','',''),(1,1,'Apple Accessories','','',''),(46,1,'Oil Paintings','','',''),(47,1,'Pet Supplies','','',''),(48,1,'Stationery','','',''),(49,1,'Storage and Organization','','',''),(50,1,'Camera Accessories','','',''),(51,1,'Cigar Pipes and Cases','','',''),(52,1,'IQ Cubes','','',''),(53,1,'Jet Lighter','','',''),(54,1,'Keychains','','',''),(55,1,'Magic Props','','',''),(56,1,'Microscopes &amp; Magnifiers','','',''),(57,1,'Practical Joke Gadgets','','',''),(58,1,'Remote Control','','',''),(59,1,'Solar Powered Gadgets','','',''),(60,1,'Toys For All Ages','','',''),(61,1,'Nintendo 3DS Accessories','','',''),(62,1,'Nintendo DS Accessories','','',''),(63,1,'PC Game Accessories','','',''),(64,1,'PS2 Accessories','','',''),(65,1,'PS3 Accessories','','',''),(66,1,'PSP Accessories','','',''),(67,1,'Wii Accessories','','',''),(68,1,'Xbox 360 Accessorie','','',''),(69,1,'Watch Accessories','','',''),(70,1,'Cases or Overlays','','',''),(71,1,'Cables and Adapters','','',''),(72,1,'Cases Overlays','','',''),(73,1,'Chargers','','',''),(74,1,'iPad Screen Protectors','','',''),(75,1,'Stands','','',''),(76,1,'Stylus and Touch Gloves','','',''),(77,1,'Cases','','',''),(78,1,'Chargers and Adapters','','',''),(79,1,'Cables','','',''),(80,1,'Cases','','',''),(81,1,'Chargers and Adapters','','',''),(82,1,'Earphones','','',''),(83,1,'iPhone Lens','','',''),(84,1,'iPhone Replacement Parts','','',''),(85,1,'Other iPhone Accessories','','',''),(86,1,'Protectors','','',''),(87,1,'Stands','','',''),(88,1,'Cables','','',''),(89,1,'Cases','','',''),(90,1,'Earphones','','',''),(91,1,'Protectors','','',''),(92,1,'Cases or Overlays','','',''),(93,1,'Laptop Adapters','','',''),(94,1,'Laptop Case','','',''),(95,1,'Laptop Cooling Fans','','',''),(96,1,'Laptop Cover','','',''),(97,1,'Laptop Screen Protectors','','',''),(98,1,'Earphones','','',''),(99,1,'Tablet Cables','','',''),(100,1,'Tablet Cases','','',''),(101,1,'Tablet Screen Protectors','','',''),(102,1,'Beauty Tools','','',''),(103,1,'Hair Care','','',''),(104,1,'Health and Personal Care','','',''),(105,1,'Nail Care and Art','','',''),(106,1,'Relaxers and Massagers','','',''),(107,1,'Shavers and Razors','','',''),(108,1,'Bottle Opener','','',''),(109,1,'Fridge Magnet','','',''),(110,1,'Kitchen Gadgets','','',''),(111,1,'Kitchen Timer','','',''),(112,1,'Business Card Cases','','',''),(113,1,'Coin Bank','','',''),(114,1,'Memo Pad','','',''),(115,1,'Other Stationaries','','',''),(116,1,'Pen Holders','','',''),(117,1,'Pens','','',''),(118,1,'Stapler','','',''),(119,1,'Tapes','','',''),(120,1,'Camera Remote','','',''),(121,1,'Flash and Accessories','','',''),(122,1,'Lens Accessories','','',''),(123,1,'Other Camera Accessories','','',''),(124,1,'Screen Protectors and Cleaners','','',''),(125,1,'Tripod and Holder Accessories','','',''),(126,1,'i-Control','','',''),(127,1,'R C Cars','','',''),(128,1,'R C Helicopters','','',''),(129,1,'Nintendo 3DS Accessories Kit','','',''),(130,1,'Nintendo 3DS Case','','',''),(131,1,'Nintendo 3DS Charger and Battery','','',''),(132,1,'Nintendo 3DS Pen','','',''),(133,1,'Nintendo DS Accessories Kit','','',''),(134,1,'Nintendo DS Case and Bag','','',''),(135,1,'Nintendo DS Charger and Battery','','',''),(136,1,'Nintendo DS Pen','','',''),(137,1,'Nintendo DS Replacement Parts','','',''),(138,1,'Nintendo DS Screen Protector','','',''),(139,1,'PS2 Adapter','','',''),(140,1,'PS2 Controller','','',''),(141,1,'PS2 Memory Card','','',''),(142,1,'PS2 Replacement Parts','','',''),(143,1,'PS3 Cases','','',''),(144,1,'PS3 Charger and Cable','','',''),(145,1,'PS3 Fan','','',''),(146,1,'PS3 Move Accessories','','',''),(147,1,'PS3 Replacement Parts','','',''),(148,1,'PS3 Wireless Controller','','',''),(149,1,'PSP Accessories Kit','','',''),(150,1,'PSP Cable','','',''),(151,1,'PSP Case and Bag','','',''),(152,1,'PSP Charger and Battery','','',''),(153,1,'PSP Replacement Parts','','',''),(154,1,'Wii Accessories Kit','','',''),(155,1,'Wii Bags and Cases','','',''),(156,1,'Wii Battery and Charger','','',''),(157,1,'Wii Cable and Adapter','','',''),(158,1,'Wii Controller','','',''),(159,1,'Wii Replacement Parts','','',''),(160,1,'Wii SD Card','','',''),(161,1,'Xbox 360 Accessories Kit','','',''),(162,1,'Xbox 360 Battery','','',''),(163,1,'Xbox 360 Cable and Adapter','','',''),(164,1,'Xbox 360 Controller','','',''),(165,1,'Xbox 360 Hard Drive','','',''),(166,1,'Xbox 360 Headphone','','',''),(167,1,'Xbox 360 Kinect Accessories','','',''),(168,1,'Xbox 360 Replacement Parts','','',''),(169,1,'Xbox 360 Skin','','','');
/*!40000 ALTER TABLE `gds_category_description` ENABLE KEYS */;
UNLOCK TABLES;

--
-- Table structure for table `gds_category_to_layout`
--

DROP TABLE IF EXISTS `gds_category_to_layout`;
/*!40101 SET @saved_cs_client     = @@character_set_client */;
/*!40101 SET character_set_client = utf8 */;
CREATE TABLE `gds_category_to_layout` (
  `category_id` int(11) NOT NULL,
  `store_id` int(11) NOT NULL,
  `layout_id` int(11) NOT NULL,
  PRIMARY KEY (`category_id`,`store_id`)
) ENGINE=MyISAM DEFAULT CHARSET=utf8 COLLATE=utf8_bin;
/*!40101 SET character_set_client = @saved_cs_client */;

--
-- Dumping data for table `gds_category_to_layout`
--

LOCK TABLES `gds_category_to_layout` WRITE;
/*!40000 ALTER TABLE `gds_category_to_layout` DISABLE KEYS */;
/*!40000 ALTER TABLE `gds_category_to_layout` ENABLE KEYS */;
UNLOCK TABLES;

--
-- Table structure for table `gds_category_to_store`
--

DROP TABLE IF EXISTS `gds_category_to_store`;
/*!40101 SET @saved_cs_client     = @@character_set_client */;
/*!40101 SET character_set_client = utf8 */;
CREATE TABLE `gds_category_to_store` (
  `category_id` int(11) NOT NULL,
  `store_id` int(11) NOT NULL,
  PRIMARY KEY (`category_id`,`store_id`)
) ENGINE=MyISAM DEFAULT CHARSET=utf8 COLLATE=utf8_bin;
/*!40101 SET character_set_client = @saved_cs_client */;

--
-- Dumping data for table `gds_category_to_store`
--

LOCK TABLES `gds_category_to_store` WRITE;
/*!40000 ALTER TABLE `gds_category_to_store` DISABLE KEYS */;
INSERT INTO `gds_category_to_store` VALUES (1,0),(2,0),(3,0),(4,0),(5,0),(6,0),(7,0),(8,0),(9,0),(10,0),(11,0),(12,0),(13,0),(14,0),(15,0),(16,0),(17,0),(18,0),(19,0),(20,0),(21,0),(22,0),(23,0),(24,0),(25,0),(26,0),(27,0),(28,0),(29,0),(30,0),(31,0),(32,0),(33,0),(34,0),(35,0),(36,0),(37,0),(38,0),(39,0),(40,0),(41,0),(42,0),(43,0),(44,0),(45,0),(46,0),(47,0),(48,0),(49,0),(50,0),(51,0),(52,0),(53,0),(54,0),(55,0),(56,0),(57,0),(58,0),(59,0),(60,0),(61,0),(62,0),(63,0),(64,0),(65,0),(66,0),(67,0),(68,0),(69,0),(70,0),(71,0),(72,0),(73,0),(74,0),(75,0),(76,0),(77,0),(78,0),(79,0),(80,0),(81,0),(82,0),(83,0),(84,0),(85,0),(86,0),(87,0),(88,0),(89,0),(90,0),(91,0),(92,0),(93,0),(94,0),(95,0),(96,0),(97,0),(98,0),(99,0),(100,0),(101,0),(102,0),(103,0),(104,0),(105,0),(106,0),(107,0),(108,0),(109,0),(110,0),(111,0),(112,0),(113,0),(114,0),(115,0),(116,0),(117,0),(118,0),(119,0),(120,0),(121,0),(122,0),(123,0),(124,0),(125,0),(126,0),(127,0),(128,0),(129,0),(130,0),(131,0),(132,0),(133,0),(134,0),(135,0),(136,0),(137,0),(138,0),(139,0),(140,0),(141,0),(142,0),(143,0),(144,0),(145,0),(146,0),(147,0),(148,0),(149,0),(150,0),(151,0),(152,0),(153,0),(154,0),(155,0),(156,0),(157,0),(158,0),(159,0),(160,0),(161,0),(162,0),(163,0),(164,0),(165,0),(166,0),(167,0),(168,0),(169,0);
/*!40000 ALTER TABLE `gds_category_to_store` ENABLE KEYS */;
UNLOCK TABLES;

--
-- Table structure for table `gds_country`
--

DROP TABLE IF EXISTS `gds_country`;
/*!40101 SET @saved_cs_client     = @@character_set_client */;
/*!40101 SET character_set_client = utf8 */;
CREATE TABLE `gds_country` (
  `country_id` int(11) NOT NULL AUTO_INCREMENT,
  `name` varchar(128) COLLATE utf8_bin NOT NULL,
  `iso_code_2` varchar(2) COLLATE utf8_bin NOT NULL DEFAULT '',
  `iso_code_3` varchar(3) COLLATE utf8_bin NOT NULL DEFAULT '',
  `address_format` text COLLATE utf8_bin NOT NULL,
  `postcode_required` tinyint(1) NOT NULL,
  `status` tinyint(1) NOT NULL DEFAULT '1',
  PRIMARY KEY (`country_id`)
) ENGINE=MyISAM AUTO_INCREMENT=240 DEFAULT CHARSET=utf8 COLLATE=utf8_bin;
/*!40101 SET character_set_client = @saved_cs_client */;

--
-- Dumping data for table `gds_country`
--

LOCK TABLES `gds_country` WRITE;
/*!40000 ALTER TABLE `gds_country` DISABLE KEYS */;
INSERT INTO `gds_country` VALUES (1,'Afghanistan','AF','AFG','',0,1),(2,'Albania','AL','ALB','',0,1),(3,'Algeria','DZ','DZA','',0,1),(4,'American Samoa','AS','ASM','',0,1),(5,'Andorra','AD','AND','',0,1),(6,'Angola','AO','AGO','',0,1),(7,'Anguilla','AI','AIA','',0,1),(8,'Antarctica','AQ','ATA','',0,1),(9,'Antigua and Barbuda','AG','ATG','',0,1),(10,'Argentina','AR','ARG','',0,1),(11,'Armenia','AM','ARM','',0,1),(12,'Aruba','AW','ABW','',0,1),(13,'Australia','AU','AUS','',0,1),(14,'Austria','AT','AUT','',0,1),(15,'Azerbaijan','AZ','AZE','',0,1),(16,'Bahamas','BS','BHS','',0,1),(17,'Bahrain','BH','BHR','',0,1),(18,'Bangladesh','BD','BGD','',0,1),(19,'Barbados','BB','BRB','',0,1),(20,'Belarus','BY','BLR','',0,1),(21,'Belgium','BE','BEL','',0,1),(22,'Belize','BZ','BLZ','',0,1),(23,'Benin','BJ','BEN','',0,1),(24,'Bermuda','BM','BMU','',0,1),(25,'Bhutan','BT','BTN','',0,1),(26,'Bolivia','BO','BOL','',0,1),(27,'Bosnia and Herzegowina','BA','BIH','',0,1),(28,'Botswana','BW','BWA','',0,1),(29,'Bouvet Island','BV','BVT','',0,1),(30,'Brazil','BR','BRA','',0,1),(31,'British Indian Ocean Territory','IO','IOT','',0,1),(32,'Brunei Darussalam','BN','BRN','',0,1),(33,'Bulgaria','BG','BGR','',0,1),(34,'Burkina Faso','BF','BFA','',0,1),(35,'Burundi','BI','BDI','',0,1),(36,'Cambodia','KH','KHM','',0,1),(37,'Cameroon','CM','CMR','',0,1),(38,'Canada','CA','CAN','',0,1),(39,'Cape Verde','CV','CPV','',0,1),(40,'Cayman Islands','KY','CYM','',0,1),(41,'Central African Republic','CF','CAF','',0,1),(42,'Chad','TD','TCD','',0,1),(43,'Chile','CL','CHL','',0,1),(44,'China','CN','CHN','',0,1),(45,'Christmas Island','CX','CXR','',0,1),(46,'Cocos (Keeling) Islands','CC','CCK','',0,1),(47,'Colombia','CO','COL','',0,1),(48,'Comoros','KM','COM','',0,1),(49,'Congo','CG','COG','',0,1),(50,'Cook Islands','CK','COK','',0,1),(51,'Costa Rica','CR','CRI','',0,1),(52,'Cote D\'Ivoire','CI','CIV','',0,1),(53,'Croatia','HR','HRV','',0,1),(54,'Cuba','CU','CUB','',0,1),(55,'Cyprus','CY','CYP','',0,1),(56,'Czech Republic','CZ','CZE','',0,1),(57,'Denmark','DK','DNK','',0,1),(58,'Djibouti','DJ','DJI','',0,1),(59,'Dominica','DM','DMA','',0,1),(60,'Dominican Republic','DO','DOM','',0,1),(61,'East Timor','TP','TMP','',0,1),(62,'Ecuador','EC','ECU','',0,1),(63,'Egypt','EG','EGY','',0,1),(64,'El Salvador','SV','SLV','',0,1),(65,'Equatorial Guinea','GQ','GNQ','',0,1),(66,'Eritrea','ER','ERI','',0,1),(67,'Estonia','EE','EST','',0,1),(68,'Ethiopia','ET','ETH','',0,1),(69,'Falkland Islands (Malvinas)','FK','FLK','',0,1),(70,'Faroe Islands','FO','FRO','',0,1),(71,'Fiji','FJ','FJI','',0,1),(72,'Finland','FI','FIN','',0,1),(73,'France','FR','FRA','',0,1),(74,'France, Metropolitan','FX','FXX','',0,1),(75,'French Guiana','GF','GUF','',0,1),(76,'French Polynesia','PF','PYF','',0,1),(77,'French Southern Territories','TF','ATF','',0,1),(78,'Gabon','GA','GAB','',0,1),(79,'Gambia','GM','GMB','',0,1),(80,'Georgia','GE','GEO','',0,1),(81,'Germany','DE','DEU','{company}\r\n{firstname} {lastname}\r\n{address_1}\r\n{address_2}\r\n{postcode} {city}\r\n{country}',0,1),(82,'Ghana','GH','GHA','',0,1),(83,'Gibraltar','GI','GIB','',0,1),(84,'Greece','GR','GRC','',0,1),(85,'Greenland','GL','GRL','',0,1),(86,'Grenada','GD','GRD','',0,1),(87,'Guadeloupe','GP','GLP','',0,1),(88,'Guam','GU','GUM','',0,1),(89,'Guatemala','GT','GTM','',0,1),(90,'Guinea','GN','GIN','',0,1),(91,'Guinea-bissau','GW','GNB','',0,1),(92,'Guyana','GY','GUY','',0,1),(93,'Haiti','HT','HTI','',0,1),(94,'Heard and Mc Donald Islands','HM','HMD','',0,1),(95,'Honduras','HN','HND','',0,1),(96,'Hong Kong','HK','HKG','',0,1),(97,'Hungary','HU','HUN','',0,1),(98,'Iceland','IS','ISL','',0,1),(99,'India','IN','IND','',0,1),(100,'Indonesia','ID','IDN','',0,1),(101,'Iran (Islamic Republic of)','IR','IRN','',0,1),(102,'Iraq','IQ','IRQ','',0,1),(103,'Ireland','IE','IRL','',0,1),(104,'Israel','IL','ISR','',0,1),(105,'Italy','IT','ITA','',0,1),(106,'Jamaica','JM','JAM','',0,1),(107,'Japan','JP','JPN','',0,1),(108,'Jordan','JO','JOR','',0,1),(109,'Kazakhstan','KZ','KAZ','',0,1),(110,'Kenya','KE','KEN','',0,1),(111,'Kiribati','KI','KIR','',0,1),(112,'North Korea','KP','PRK','',0,1),(113,'Korea, Republic of','KR','KOR','',0,1),(114,'Kuwait','KW','KWT','',0,1),(115,'Kyrgyzstan','KG','KGZ','',0,1),(116,'Lao People\'s Democratic Republic','LA','LAO','',0,1),(117,'Latvia','LV','LVA','',0,1),(118,'Lebanon','LB','LBN','',0,1),(119,'Lesotho','LS','LSO','',0,1),(120,'Liberia','LR','LBR','',0,1),(121,'Libyan Arab Jamahiriya','LY','LBY','',0,1),(122,'Liechtenstein','LI','LIE','',0,1),(123,'Lithuania','LT','LTU','',0,1),(124,'Luxembourg','LU','LUX','',0,1),(125,'Macau','MO','MAC','',0,1),(126,'Macedonia','MK','MKD','',0,1),(127,'Madagascar','MG','MDG','',0,1),(128,'Malawi','MW','MWI','',0,1),(129,'Malaysia','MY','MYS','',0,1),(130,'Maldives','MV','MDV','',0,1),(131,'Mali','ML','MLI','',0,1),(132,'Malta','MT','MLT','',0,1),(133,'Marshall Islands','MH','MHL','',0,1),(134,'Martinique','MQ','MTQ','',0,1),(135,'Mauritania','MR','MRT','',0,1),(136,'Mauritius','MU','MUS','',0,1),(137,'Mayotte','YT','MYT','',0,1),(138,'Mexico','MX','MEX','',0,1),(139,'Micronesia, Federated States of','FM','FSM','',0,1),(140,'Moldova, Republic of','MD','MDA','',0,1),(141,'Monaco','MC','MCO','',0,1),(142,'Mongolia','MN','MNG','',0,1),(143,'Montserrat','MS','MSR','',0,1),(144,'Morocco','MA','MAR','',0,1),(145,'Mozambique','MZ','MOZ','',0,1),(146,'Myanmar','MM','MMR','',0,1),(147,'Namibia','NA','NAM','',0,1),(148,'Nauru','NR','NRU','',0,1),(149,'Nepal','NP','NPL','',0,1),(150,'Netherlands','NL','NLD','',0,1),(151,'Netherlands Antilles','AN','ANT','',0,1),(152,'New Caledonia','NC','NCL','',0,1),(153,'New Zealand','NZ','NZL','',0,1),(154,'Nicaragua','NI','NIC','',0,1),(155,'Niger','NE','NER','',0,1),(156,'Nigeria','NG','NGA','',0,1),(157,'Niue','NU','NIU','',0,1),(158,'Norfolk Island','NF','NFK','',0,1),(159,'Northern Mariana Islands','MP','MNP','',0,1),(160,'Norway','NO','NOR','',0,1),(161,'Oman','OM','OMN','',0,1),(162,'Pakistan','PK','PAK','',0,1),(163,'Palau','PW','PLW','',0,1),(164,'Panama','PA','PAN','',0,1),(165,'Papua New Guinea','PG','PNG','',0,1),(166,'Paraguay','PY','PRY','',0,1),(167,'Peru','PE','PER','',0,1),(168,'Philippines','PH','PHL','',0,1),(169,'Pitcairn','PN','PCN','',0,1),(170,'Poland','PL','POL','',0,1),(171,'Portugal','PT','PRT','',0,1),(172,'Puerto Rico','PR','PRI','',0,1),(173,'Qatar','QA','QAT','',0,1),(174,'Reunion','RE','REU','',0,1),(175,'Romania','RO','ROM','',0,1),(176,'Russian Federation','RU','RUS','',0,1),(177,'Rwanda','RW','RWA','',0,1),(178,'Saint Kitts and Nevis','KN','KNA','',0,1),(179,'Saint Lucia','LC','LCA','',0,1),(180,'Saint Vincent and the Grenadines','VC','VCT','',0,1),(181,'Samoa','WS','WSM','',0,1),(182,'San Marino','SM','SMR','',0,1),(183,'Sao Tome and Principe','ST','STP','',0,1),(184,'Saudi Arabia','SA','SAU','',0,1),(185,'Senegal','SN','SEN','',0,1),(186,'Seychelles','SC','SYC','',0,1),(187,'Sierra Leone','SL','SLE','',0,1),(188,'Singapore','SG','SGP','',0,1),(189,'Slovak Republic','SK','SVK','{firstname} {lastname}\r\n{company}\r\n{address_1}\r\n{address_2}\r\n{city} {postcode}\r\n{zone}\r\n{country}',0,1),(190,'Slovenia','SI','SVN','',0,1),(191,'Solomon Islands','SB','SLB','',0,1),(192,'Somalia','SO','SOM','',0,1),(193,'South Africa','ZA','ZAF','',0,1),(194,'South Georgia &amp; South Sandwich Islands','GS','SGS','',0,1),(195,'Spain','ES','ESP','',0,1),(196,'Sri Lanka','LK','LKA','',0,1),(197,'St. Helena','SH','SHN','',0,1),(198,'St. Pierre and Miquelon','PM','SPM','',0,1),(199,'Sudan','SD','SDN','',0,1),(200,'Suriname','SR','SUR','',0,1),(201,'Svalbard and Jan Mayen Islands','SJ','SJM','',0,1),(202,'Swaziland','SZ','SWZ','',0,1),(203,'Sweden','SE','SWE','',0,1),(204,'Switzerland','CH','CHE','',0,1),(205,'Syrian Arab Republic','SY','SYR','',0,1),(206,'Taiwan','TW','TWN','',0,1),(207,'Tajikistan','TJ','TJK','',0,1),(208,'Tanzania, United Republic of','TZ','TZA','',0,1),(209,'Thailand','TH','THA','',0,1),(210,'Togo','TG','TGO','',0,1),(211,'Tokelau','TK','TKL','',0,1),(212,'Tonga','TO','TON','',0,1),(213,'Trinidad and Tobago','TT','TTO','',0,1),(214,'Tunisia','TN','TUN','',0,1),(215,'Turkey','TR','TUR','',0,1),(216,'Turkmenistan','TM','TKM','',0,1),(217,'Turks and Caicos Islands','TC','TCA','',0,1),(218,'Tuvalu','TV','TUV','',0,1),(219,'Uganda','UG','UGA','',0,1),(220,'Ukraine','UA','UKR','',0,1),(221,'United Arab Emirates','AE','ARE','',0,1),(222,'United Kingdom','GB','GBR','',1,1),(223,'United States','US','USA','{firstname} {lastname}\r\n{company}\r\n{address_1}\r\n{address_2}\r\n{city}, {zone} {postcode}\r\n{country}',0,1),(224,'United States Minor Outlying Islands','UM','UMI','',0,1),(225,'Uruguay','UY','URY','',0,1),(226,'Uzbekistan','UZ','UZB','',0,1),(227,'Vanuatu','VU','VUT','',0,1),(228,'Vatican City State (Holy See)','VA','VAT','',0,1),(229,'Venezuela','VE','VEN','',0,1),(230,'Viet Nam','VN','VNM','',0,1),(231,'Virgin Islands (British)','VG','VGB','',0,1),(232,'Virgin Islands (U.S.)','VI','VIR','',0,1),(233,'Wallis and Futuna Islands','WF','WLF','',0,1),(234,'Western Sahara','EH','ESH','',0,1),(235,'Yemen','YE','YEM','',0,1),(236,'Yugoslavia','YU','YUG','',0,1),(237,'Democratic Republic of Congo','CD','COD','',0,1),(238,'Zambia','ZM','ZMB','',0,1),(239,'Zimbabwe','ZW','ZWE','',0,1);
/*!40000 ALTER TABLE `gds_country` ENABLE KEYS */;
UNLOCK TABLES;

--
-- Table structure for table `gds_coupon`
--

DROP TABLE IF EXISTS `gds_coupon`;
/*!40101 SET @saved_cs_client     = @@character_set_client */;
/*!40101 SET character_set_client = utf8 */;
CREATE TABLE `gds_coupon` (
  `coupon_id` int(11) NOT NULL AUTO_INCREMENT,
  `name` varchar(128) COLLATE utf8_bin NOT NULL,
  `code` varchar(10) COLLATE utf8_bin NOT NULL,
  `type` char(1) COLLATE utf8_bin NOT NULL,
  `discount` decimal(15,4) NOT NULL,
  `logged` tinyint(1) NOT NULL,
  `shipping` tinyint(1) NOT NULL,
  `total` decimal(15,4) NOT NULL,
  `date_start` date NOT NULL DEFAULT '0000-00-00',
  `date_end` date NOT NULL DEFAULT '0000-00-00',
  `uses_total` int(11) NOT NULL,
  `uses_customer` varchar(11) COLLATE utf8_bin NOT NULL,
  `status` tinyint(1) NOT NULL,
  `date_added` datetime NOT NULL DEFAULT '0000-00-00 00:00:00',
  PRIMARY KEY (`coupon_id`)
) ENGINE=MyISAM AUTO_INCREMENT=8 DEFAULT CHARSET=utf8 COLLATE=utf8_bin;
/*!40101 SET character_set_client = @saved_cs_client */;

--
-- Dumping data for table `gds_coupon`
--

LOCK TABLES `gds_coupon` WRITE;
/*!40000 ALTER TABLE `gds_coupon` DISABLE KEYS */;
INSERT INTO `gds_coupon` VALUES (4,'-10% Discount','2222','P','10.0000',0,0,'0.0000','2011-01-01','2012-01-01',10,'10',1,'2009-01-27 13:55:03'),(5,'Free Shipping','3333','P','0.0000',0,1,'100.0000','2009-03-01','2009-08-31',10,'10',1,'2009-03-14 21:13:53'),(6,'-10.00 Discount','1111','F','10.0000',0,0,'10.0000','1970-11-01','2020-11-01',100000,'10000',1,'2009-03-14 21:15:18'),(7,'%20 discount','1111111','P','20.0000',1,0,'0.0000','2012-06-14','2012-09-28',0,'0',1,'2012-06-14 14:52:14');
/*!40000 ALTER TABLE `gds_coupon` ENABLE KEYS */;
UNLOCK TABLES;

--
-- Table structure for table `gds_coupon_history`
--

DROP TABLE IF EXISTS `gds_coupon_history`;
/*!40101 SET @saved_cs_client     = @@character_set_client */;
/*!40101 SET character_set_client = utf8 */;
CREATE TABLE `gds_coupon_history` (
  `coupon_history_id` int(11) NOT NULL AUTO_INCREMENT,
  `coupon_id` int(11) NOT NULL,
  `order_id` int(11) NOT NULL,
  `customer_id` int(11) NOT NULL,
  `amount` decimal(15,4) NOT NULL,
  `date_added` datetime NOT NULL,
  PRIMARY KEY (`coupon_history_id`)
) ENGINE=MyISAM DEFAULT CHARSET=utf8 COLLATE=utf8_bin;
/*!40101 SET character_set_client = @saved_cs_client */;

--
-- Dumping data for table `gds_coupon_history`
--

LOCK TABLES `gds_coupon_history` WRITE;
/*!40000 ALTER TABLE `gds_coupon_history` DISABLE KEYS */;
/*!40000 ALTER TABLE `gds_coupon_history` ENABLE KEYS */;
UNLOCK TABLES;

--
-- Table structure for table `gds_coupon_product`
--

DROP TABLE IF EXISTS `gds_coupon_product`;
/*!40101 SET @saved_cs_client     = @@character_set_client */;
/*!40101 SET character_set_client = utf8 */;
CREATE TABLE `gds_coupon_product` (
  `coupon_product_id` int(11) NOT NULL AUTO_INCREMENT,
  `coupon_id` int(11) NOT NULL,
  `product_id` int(11) NOT NULL,
  PRIMARY KEY (`coupon_product_id`)
) ENGINE=MyISAM AUTO_INCREMENT=20 DEFAULT CHARSET=utf8 COLLATE=utf8_bin;
/*!40101 SET character_set_client = @saved_cs_client */;

--
-- Dumping data for table `gds_coupon_product`
--

LOCK TABLES `gds_coupon_product` WRITE;
/*!40000 ALTER TABLE `gds_coupon_product` DISABLE KEYS */;
INSERT INTO `gds_coupon_product` VALUES (1,7,35),(2,7,41),(3,7,47),(4,7,43),(5,7,44),(6,7,45),(7,7,46),(8,7,42),(9,7,33),(10,7,49),(11,7,28),(12,7,29),(13,7,40),(14,7,30),(15,7,31),(16,7,48),(17,7,36),(18,7,34),(19,7,32);
/*!40000 ALTER TABLE `gds_coupon_product` ENABLE KEYS */;
UNLOCK TABLES;

--
-- Table structure for table `gds_currency`
--

DROP TABLE IF EXISTS `gds_currency`;
/*!40101 SET @saved_cs_client     = @@character_set_client */;
/*!40101 SET character_set_client = utf8 */;
CREATE TABLE `gds_currency` (
  `currency_id` int(11) NOT NULL AUTO_INCREMENT,
  `title` varchar(32) COLLATE utf8_bin NOT NULL DEFAULT '',
  `code` varchar(3) COLLATE utf8_bin NOT NULL DEFAULT '',
  `symbol_left` varchar(12) COLLATE utf8_bin NOT NULL,
  `symbol_right` varchar(12) COLLATE utf8_bin NOT NULL,
  `decimal_place` char(1) COLLATE utf8_bin NOT NULL,
  `value` float(15,8) NOT NULL,
  `status` tinyint(1) NOT NULL,
  `date_modified` datetime NOT NULL DEFAULT '0000-00-00 00:00:00',
  PRIMARY KEY (`currency_id`)
) ENGINE=MyISAM AUTO_INCREMENT=4 DEFAULT CHARSET=utf8 COLLATE=utf8_bin;
/*!40101 SET character_set_client = @saved_cs_client */;

--
-- Dumping data for table `gds_currency`
--

LOCK TABLES `gds_currency` WRITE;
/*!40000 ALTER TABLE `gds_currency` DISABLE KEYS */;
INSERT INTO `gds_currency` VALUES (1,'Pound Sterling','GBP','£','','2',0.63660002,1,'2012-06-30 02:38:04'),(2,'US Dollar','USD','$','','2',1.00000000,1,'2012-06-30 14:53:53'),(3,'Euro','EUR','','€','2',0.78969997,1,'2012-06-30 02:38:04');
/*!40000 ALTER TABLE `gds_currency` ENABLE KEYS */;
UNLOCK TABLES;

--
-- Table structure for table `gds_customer`
--

DROP TABLE IF EXISTS `gds_customer`;
/*!40101 SET @saved_cs_client     = @@character_set_client */;
/*!40101 SET character_set_client = utf8 */;
CREATE TABLE `gds_customer` (
  `customer_id` int(11) NOT NULL AUTO_INCREMENT,
  `store_id` int(11) NOT NULL DEFAULT '0',
  `firstname` varchar(32) COLLATE utf8_bin NOT NULL DEFAULT '',
  `lastname` varchar(32) COLLATE utf8_bin NOT NULL DEFAULT '',
  `email` varchar(96) COLLATE utf8_bin NOT NULL DEFAULT '',
  `telephone` varchar(32) COLLATE utf8_bin NOT NULL DEFAULT '',
  `fax` varchar(32) COLLATE utf8_bin NOT NULL DEFAULT '',
  `password` varchar(40) COLLATE utf8_bin NOT NULL DEFAULT '',
  `cart` text COLLATE utf8_bin,
  `wishlist` text COLLATE utf8_bin,
  `newsletter` tinyint(1) NOT NULL DEFAULT '0',
  `address_id` int(11) NOT NULL DEFAULT '0',
  `customer_group_id` int(11) NOT NULL,
  `ip` varchar(15) COLLATE utf8_bin NOT NULL DEFAULT '0',
  `status` tinyint(1) NOT NULL,
  `approved` tinyint(1) NOT NULL,
  `token` varchar(255) COLLATE utf8_bin NOT NULL,
  `date_added` datetime NOT NULL DEFAULT '0000-00-00 00:00:00',
  PRIMARY KEY (`customer_id`)
) ENGINE=MyISAM AUTO_INCREMENT=2 DEFAULT CHARSET=utf8 COLLATE=utf8_bin;
/*!40101 SET character_set_client = @saved_cs_client */;

--
-- Dumping data for table `gds_customer`
--

LOCK TABLES `gds_customer` WRITE;
/*!40000 ALTER TABLE `gds_customer` DISABLE KEYS */;
INSERT INTO `gds_customer` VALUES (1,0,'Chang','Wu','wcmilan@126.com','123456','','161ebd7d45089b3446ee4e0d86dbcf92','a:0:{}','',0,1,9,'125.34.54.53',1,1,'','2012-06-11 18:17:12');
/*!40000 ALTER TABLE `gds_customer` ENABLE KEYS */;
UNLOCK TABLES;

--
-- Table structure for table `gds_customer_group`
--

DROP TABLE IF EXISTS `gds_customer_group`;
/*!40101 SET @saved_cs_client     = @@character_set_client */;
/*!40101 SET character_set_client = utf8 */;
CREATE TABLE `gds_customer_group` (
  `customer_group_id` int(11) NOT NULL AUTO_INCREMENT,
  `name` varchar(32) COLLATE utf8_bin NOT NULL,
  PRIMARY KEY (`customer_group_id`)
) ENGINE=MyISAM AUTO_INCREMENT=12 DEFAULT CHARSET=utf8 COLLATE=utf8_bin;
/*!40101 SET character_set_client = @saved_cs_client */;

--
-- Dumping data for table `gds_customer_group`
--

LOCK TABLES `gds_customer_group` WRITE;
/*!40000 ALTER TABLE `gds_customer_group` DISABLE KEYS */;
INSERT INTO `gds_customer_group` VALUES (8,'Default'),(6,'Wholesale'),(9,'Golden'),(10,'Silver'),(11,'Copper');
/*!40000 ALTER TABLE `gds_customer_group` ENABLE KEYS */;
UNLOCK TABLES;

--
-- Table structure for table `gds_customer_ip`
--

DROP TABLE IF EXISTS `gds_customer_ip`;
/*!40101 SET @saved_cs_client     = @@character_set_client */;
/*!40101 SET character_set_client = utf8 */;
CREATE TABLE `gds_customer_ip` (
  `customer_ip_id` int(11) NOT NULL AUTO_INCREMENT,
  `customer_id` int(11) NOT NULL,
  `ip` varchar(15) COLLATE utf8_bin NOT NULL,
  `date_added` datetime NOT NULL,
  PRIMARY KEY (`customer_ip_id`),
  KEY `ip` (`ip`)
) ENGINE=MyISAM AUTO_INCREMENT=3 DEFAULT CHARSET=utf8 COLLATE=utf8_bin;
/*!40101 SET character_set_client = @saved_cs_client */;

--
-- Dumping data for table `gds_customer_ip`
--

LOCK TABLES `gds_customer_ip` WRITE;
/*!40000 ALTER TABLE `gds_customer_ip` DISABLE KEYS */;
INSERT INTO `gds_customer_ip` VALUES (1,1,'127.0.0.1','2012-06-11 18:17:13'),(2,1,'125.34.54.53','2012-06-29 02:12:32');
/*!40000 ALTER TABLE `gds_customer_ip` ENABLE KEYS */;
UNLOCK TABLES;

--
-- Table structure for table `gds_customer_reward`
--

DROP TABLE IF EXISTS `gds_customer_reward`;
/*!40101 SET @saved_cs_client     = @@character_set_client */;
/*!40101 SET character_set_client = utf8 */;
CREATE TABLE `gds_customer_reward` (
  `customer_reward_id` int(11) NOT NULL AUTO_INCREMENT,
  `customer_id` int(11) NOT NULL DEFAULT '0',
  `order_id` int(11) NOT NULL DEFAULT '0',
  `description` text COLLATE utf8_bin NOT NULL,
  `points` int(8) NOT NULL DEFAULT '0',
  `date_added` datetime NOT NULL DEFAULT '0000-00-00 00:00:00',
  PRIMARY KEY (`customer_reward_id`)
) ENGINE=MyISAM DEFAULT CHARSET=utf8 COLLATE=utf8_bin;
/*!40101 SET character_set_client = @saved_cs_client */;

--
-- Dumping data for table `gds_customer_reward`
--

LOCK TABLES `gds_customer_reward` WRITE;
/*!40000 ALTER TABLE `gds_customer_reward` DISABLE KEYS */;
/*!40000 ALTER TABLE `gds_customer_reward` ENABLE KEYS */;
UNLOCK TABLES;

--
-- Table structure for table `gds_customer_transaction`
--

DROP TABLE IF EXISTS `gds_customer_transaction`;
/*!40101 SET @saved_cs_client     = @@character_set_client */;
/*!40101 SET character_set_client = utf8 */;
CREATE TABLE `gds_customer_transaction` (
  `customer_transaction_id` int(11) NOT NULL AUTO_INCREMENT,
  `customer_id` int(11) NOT NULL,
  `order_id` int(11) NOT NULL,
  `description` text COLLATE utf8_bin NOT NULL,
  `amount` decimal(15,4) NOT NULL,
  `date_added` datetime NOT NULL,
  PRIMARY KEY (`customer_transaction_id`)
) ENGINE=MyISAM DEFAULT CHARSET=utf8 COLLATE=utf8_bin;
/*!40101 SET character_set_client = @saved_cs_client */;

--
-- Dumping data for table `gds_customer_transaction`
--

LOCK TABLES `gds_customer_transaction` WRITE;
/*!40000 ALTER TABLE `gds_customer_transaction` DISABLE KEYS */;
/*!40000 ALTER TABLE `gds_customer_transaction` ENABLE KEYS */;
UNLOCK TABLES;

--
-- Table structure for table `gds_download`
--

DROP TABLE IF EXISTS `gds_download`;
/*!40101 SET @saved_cs_client     = @@character_set_client */;
/*!40101 SET character_set_client = utf8 */;
CREATE TABLE `gds_download` (
  `download_id` int(11) NOT NULL AUTO_INCREMENT,
  `filename` varchar(128) COLLATE utf8_bin NOT NULL DEFAULT '',
  `mask` varchar(128) COLLATE utf8_bin NOT NULL DEFAULT '',
  `remaining` int(11) NOT NULL DEFAULT '0',
  `date_added` datetime NOT NULL DEFAULT '0000-00-00 00:00:00',
  PRIMARY KEY (`download_id`)
) ENGINE=MyISAM DEFAULT CHARSET=utf8 COLLATE=utf8_bin;
/*!40101 SET character_set_client = @saved_cs_client */;

--
-- Dumping data for table `gds_download`
--

LOCK TABLES `gds_download` WRITE;
/*!40000 ALTER TABLE `gds_download` DISABLE KEYS */;
/*!40000 ALTER TABLE `gds_download` ENABLE KEYS */;
UNLOCK TABLES;

--
-- Table structure for table `gds_download_description`
--

DROP TABLE IF EXISTS `gds_download_description`;
/*!40101 SET @saved_cs_client     = @@character_set_client */;
/*!40101 SET character_set_client = utf8 */;
CREATE TABLE `gds_download_description` (
  `download_id` int(11) NOT NULL,
  `language_id` int(11) NOT NULL,
  `name` varchar(64) COLLATE utf8_bin NOT NULL DEFAULT '',
  PRIMARY KEY (`download_id`,`language_id`)
) ENGINE=MyISAM DEFAULT CHARSET=utf8 COLLATE=utf8_bin;
/*!40101 SET character_set_client = @saved_cs_client */;

--
-- Dumping data for table `gds_download_description`
--

LOCK TABLES `gds_download_description` WRITE;
/*!40000 ALTER TABLE `gds_download_description` DISABLE KEYS */;
/*!40000 ALTER TABLE `gds_download_description` ENABLE KEYS */;
UNLOCK TABLES;

--
-- Table structure for table `gds_extension`
--

DROP TABLE IF EXISTS `gds_extension`;
/*!40101 SET @saved_cs_client     = @@character_set_client */;
/*!40101 SET character_set_client = utf8 */;
CREATE TABLE `gds_extension` (
  `extension_id` int(11) NOT NULL AUTO_INCREMENT,
  `type` varchar(32) COLLATE utf8_bin NOT NULL,
  `code` varchar(32) COLLATE utf8_bin NOT NULL,
  PRIMARY KEY (`extension_id`)
) ENGINE=MyISAM AUTO_INCREMENT=429 DEFAULT CHARSET=utf8 COLLATE=utf8_bin;
/*!40101 SET character_set_client = @saved_cs_client */;

--
-- Dumping data for table `gds_extension`
--

LOCK TABLES `gds_extension` WRITE;
/*!40000 ALTER TABLE `gds_extension` DISABLE KEYS */;
INSERT INTO `gds_extension` VALUES (23,'payment','cod'),(22,'total','shipping'),(57,'total','sub_total'),(58,'total','tax'),(59,'total','total'),(410,'module','banner'),(426,'module','carousel'),(390,'total','credit'),(387,'shipping','flat'),(349,'total','handling'),(350,'total','low_order_fee'),(389,'total','coupon'),(413,'module','category'),(411,'module','affiliate'),(408,'module','account'),(393,'total','reward'),(398,'total','voucher'),(407,'payment','free_checkout'),(427,'module','featured'),(419,'module','slideshow'),(428,'total','vip');
/*!40000 ALTER TABLE `gds_extension` ENABLE KEYS */;
UNLOCK TABLES;

--
-- Table structure for table `gds_geo_zone`
--

DROP TABLE IF EXISTS `gds_geo_zone`;
/*!40101 SET @saved_cs_client     = @@character_set_client */;
/*!40101 SET character_set_client = utf8 */;
CREATE TABLE `gds_geo_zone` (
  `geo_zone_id` int(11) NOT NULL AUTO_INCREMENT,
  `name` varchar(32) COLLATE utf8_bin NOT NULL DEFAULT '',
  `description` varchar(255) COLLATE utf8_bin NOT NULL DEFAULT '',
  `date_modified` datetime NOT NULL DEFAULT '0000-00-00 00:00:00',
  `date_added` datetime NOT NULL DEFAULT '0000-00-00 00:00:00',
  PRIMARY KEY (`geo_zone_id`)
) ENGINE=MyISAM AUTO_INCREMENT=5 DEFAULT CHARSET=utf8 COLLATE=utf8_bin;
/*!40101 SET character_set_client = @saved_cs_client */;

--
-- Dumping data for table `gds_geo_zone`
--

LOCK TABLES `gds_geo_zone` WRITE;
/*!40000 ALTER TABLE `gds_geo_zone` DISABLE KEYS */;
INSERT INTO `gds_geo_zone` VALUES (3,'UK VAT Zone','UK VAT','2010-02-26 22:33:24','2009-01-06 23:26:25'),(4,'UK Shipping','UK Shipping Zones','2010-12-15 15:18:13','2009-06-23 01:14:53');
/*!40000 ALTER TABLE `gds_geo_zone` ENABLE KEYS */;
UNLOCK TABLES;

--
-- Table structure for table `gds_information`
--

DROP TABLE IF EXISTS `gds_information`;
/*!40101 SET @saved_cs_client     = @@character_set_client */;
/*!40101 SET character_set_client = utf8 */;
CREATE TABLE `gds_information` (
  `information_id` int(11) NOT NULL AUTO_INCREMENT,
  `sort_order` int(3) NOT NULL DEFAULT '0',
  `status` tinyint(1) NOT NULL DEFAULT '1',
  PRIMARY KEY (`information_id`)
) ENGINE=MyISAM AUTO_INCREMENT=7 DEFAULT CHARSET=utf8 COLLATE=utf8_bin;
/*!40101 SET character_set_client = @saved_cs_client */;

--
-- Dumping data for table `gds_information`
--

LOCK TABLES `gds_information` WRITE;
/*!40000 ALTER TABLE `gds_information` DISABLE KEYS */;
INSERT INTO `gds_information` VALUES (3,3,1),(4,1,1),(5,4,1),(6,2,1);
/*!40000 ALTER TABLE `gds_information` ENABLE KEYS */;
UNLOCK TABLES;

--
-- Table structure for table `gds_information_description`
--

DROP TABLE IF EXISTS `gds_information_description`;
/*!40101 SET @saved_cs_client     = @@character_set_client */;
/*!40101 SET character_set_client = utf8 */;
CREATE TABLE `gds_information_description` (
  `information_id` int(11) NOT NULL,
  `language_id` int(11) NOT NULL,
  `title` varchar(64) COLLATE utf8_bin NOT NULL DEFAULT '',
  `description` text COLLATE utf8_bin NOT NULL,
  PRIMARY KEY (`information_id`,`language_id`)
) ENGINE=MyISAM DEFAULT CHARSET=utf8 COLLATE=utf8_bin;
/*!40101 SET character_set_client = @saved_cs_client */;

--
-- Dumping data for table `gds_information_description`
--

LOCK TABLES `gds_information_description` WRITE;
/*!40000 ALTER TABLE `gds_information_description` DISABLE KEYS */;
INSERT INTO `gds_information_description` VALUES (4,1,'About Us','&lt;p&gt;\r\n	&amp;nbsp;&lt;/p&gt;\r\n&lt;div&gt;\r\n	GoDropshipping.com is established in 2011, we are a young and a thriving business.&lt;/div&gt;\r\n&lt;div&gt;\r\n	&amp;nbsp;&lt;/div&gt;\r\n&lt;div&gt;\r\n	We are located in China, Beijing, our warehouse and sourcing center is in Shenzhen.&lt;/div&gt;\r\n&lt;div&gt;\r\n	&amp;nbsp;&lt;/div&gt;\r\n&lt;div&gt;\r\n	Our customer is dropshippers like b2c website owners, ebay sellers, online-retialer and offline-retailers all over the world.&lt;/div&gt;\r\n&lt;div&gt;\r\n	&amp;nbsp;&lt;/div&gt;\r\n&lt;div&gt;\r\n	Our products including: Apple Accessories, Computer Gadgets,Electronic Gadgets,Home and Office Gadgets,Toys and Hobbies,Video Games Accessories, Watches, Pet Toys.&lt;/div&gt;\r\n&lt;div&gt;\r\n	&amp;nbsp;&lt;/div&gt;\r\n&lt;div&gt;\r\n	Our promise is Give you only the best professional service you need! Source the lowest price but the best quality products in China!Streamline order processing to get products to your customers\' hands in the shortest time!&lt;/div&gt;\r\n'),(5,1,'Terms &amp; Conditions','&lt;p&gt;\r\n	Terms &amp;amp; Conditions&lt;/p&gt;\r\n'),(3,1,'Privacy Policy','&lt;p&gt;\r\n	&amp;nbsp;&lt;/p&gt;\r\n&lt;div&gt;\r\n	Privacy Notice&lt;/div&gt;\r\n&lt;div&gt;\r\n	&amp;nbsp;&lt;/div&gt;\r\n&lt;div&gt;\r\n	GoDropshipping.com respects your privacy and takes your online safety seriously. In order to provide you with the best products, efficient customer service, and timely updates, we record a variety of information from your visit to our site. To better protect your privacy, we provide the notice below explaining our online information practices and the choices you can make about the way your information is collected and used.&amp;nbsp;&lt;/div&gt;\r\n&lt;div&gt;\r\n	&amp;nbsp;&lt;/div&gt;\r\n&lt;div&gt;\r\n	GoDropshipping\'s Privacy Policy&lt;/div&gt;\r\n&lt;div&gt;\r\n	&amp;nbsp;&lt;/div&gt;\r\n&lt;div&gt;\r\n	Thank you for accessing the website of GoDropshipping.com. We respect your privacy and want to protect your personal information. To learn more, please read our Privacy Notice.&lt;/div&gt;\r\n&lt;div&gt;\r\n	&amp;nbsp;&lt;/div&gt;\r\n&lt;div&gt;\r\n	&amp;nbsp;&lt;/div&gt;\r\n&lt;div&gt;\r\n	&amp;nbsp;&lt;/div&gt;\r\n&lt;div&gt;\r\n	This Privacy Notice explains how we collect, use, and (under certain conditions) disclose your personal information. This Privacy Notice also explains the steps we have taken to secure your personal information. Finally, this Privacy Notice explains your options regarding the collection, use, and disclosure of your personal information. By visiting our Site, you accept the practices described in this Notice.&lt;/div&gt;\r\n&lt;div&gt;\r\n	&amp;nbsp;&lt;/div&gt;\r\n&lt;div&gt;\r\n	&amp;nbsp;&lt;/div&gt;\r\n&lt;div&gt;\r\n	&amp;nbsp;&lt;/div&gt;\r\n&lt;div&gt;\r\n	This Privacy Notice applies only to this Site. This privacy policy does not necessarily apply to our offline collection of your personal information. Please see below for details. We are not responsible for the content or privacy practices on any non-GoDropshipping.com website to which this Site links or that links to this Site.&lt;/div&gt;\r\n&lt;div&gt;\r\n	&amp;nbsp;&lt;/div&gt;\r\n&lt;div&gt;\r\n	INFORMATION COLLECTION AND USE&lt;/div&gt;\r\n&lt;div&gt;\r\n	&amp;nbsp;&lt;/div&gt;\r\n&lt;div&gt;\r\n	1. Information Collection. We collect information from you in several different ways on this Site. One goal in collecting personal information from you is to provide an efficient, meaningful, and customized experience. For example, we can use your personal information to:&lt;/div&gt;\r\n&lt;div&gt;\r\n	&amp;nbsp;&lt;/div&gt;\r\n&lt;div&gt;\r\n	* Help make this Site easier for you to use by not having to enter information more than once.&lt;/div&gt;\r\n&lt;div&gt;\r\n	* Help you quickly find information, products, and services.&lt;/div&gt;\r\n&lt;div&gt;\r\n	* Help us create content on this Site that is most relevant to you.&lt;/div&gt;\r\n&lt;div&gt;\r\n	* Alert you to new information, products, and services that we offer.&lt;/div&gt;\r\n&lt;div&gt;\r\n	&amp;nbsp;&lt;/div&gt;\r\n&lt;div&gt;\r\n	&amp;nbsp;&lt;/div&gt;\r\n&lt;div&gt;\r\n	&amp;nbsp;&lt;/div&gt;\r\n&lt;div&gt;\r\n	(a) Registration and Ordering. Before using certain parts of this Site or ordering products, you must complete an online registration form. During registration, you will be prompted to provide us with certain personal information, including but not limited to your name, shipping and billing address(es), phone number, email address, and credit card number. In addition, we may also ask you for your country of residence and/or your organization\'s country of operation, so that we can comply with applicable laws and regulations, and for your gender. These kinds of personal information are used for billing purposes, to fulfill your orders, to communicate with you about your order and our site, and for internal marketing purposes. If we encounter a problem when processing your order, we may use the personal information you provide us with to contact you.&lt;/div&gt;\r\n&lt;div&gt;\r\n	(b) Email Addresses. Several locations of the Site permit you to enter your email address for purposes including but not limited to: to register for free promotional notices; to request us to notify you when we introduce a new brand, or new product style; to sign up for our email newsletter. Your participation in a contest is completely voluntary, and you may choose whether to participate and disclose information to us. We use this information to notify contest winners and to award prizes. We may post the names and cities of contest winners on our Site.&lt;/div&gt;\r\n&lt;div&gt;\r\n	(c) Cookies and Other Technology. Like many sites, this Site employs cookies and web beacons (also known as clear GIF technology or &quot;action tags&quot;) to speed your navigation of the Site, recognize you and your access privileges, and track your Site usage.&lt;/div&gt;\r\n&lt;div&gt;\r\n	(i) Cookies are small pieces of information that are stored as text files by your Internet browser on your computer\'s hard drive. Most Internet browsers are initially set to accept cookies. You can set your browser to refuse cookies from websites or to remove cookies from your hard drive, but if you do, you will not be able to access or use portions of this Site. We have to use cookies to enable you to select products, place them in an online shopping cart, and to purchase those products. If you do this, we keep a record of your browsing activity and purchase. THIS SITE\'S COOKIES DO NOT AND CANNOT INFILTRATE A USER\'S HARD DRIVE TO GATHER A USER\'S CONFIDENTIAL INFORMATION. Our cookies are not &quot;spyware.&quot;&lt;/div&gt;\r\n&lt;div&gt;\r\n	(ii) Web beacons assist in delivering cookies and help us determine whether a web page on this Site has been viewed and, if so, how many times. For example, any electronic image on this Site, such as an ad banner, can function as a web beacon.&lt;/div&gt;\r\n&lt;div&gt;\r\n	(iii) We may use third-party advertising companies to help us tailor site content to users or to serve ads on our behalf. These companies may employ cookies and web beacons to measure advertising effectiveness (such as which web pages are visited or what products are purchased and in what amount). Any information that these third parties collect via cookies and web beacons is not linked to any personal information collected by us.&lt;/div&gt;\r\n&lt;div&gt;\r\n	(d) Log Files. As is true of most websites, the Site server automatically recognizes the Internet URL from which you access this Site. We may also log your Internet protocol (&quot;IP&quot;) address, Internet service provider, and date/time stamp for system administration, order verification, internal marketing, and system troubleshooting purposes. (An IP address may indicate the location of your computer on the Internet.)&lt;/div&gt;\r\n&lt;div&gt;\r\n	(e) Age. We respect children\'s privacy. We do not knowingly or intentionally collect personal information from children under age 13. Elsewhere on this Site, you have represented and warranted that you are either 18 years of age or using the Site with the supervision of a parent or guardian. If you are under the age of 13, please do not submit any personal information to us, and rely on a parent or guardian to assist you.&lt;/div&gt;\r\n&lt;div&gt;\r\n	(f) Product Reviews. You may choose to submit a product review. If you post a review, we will ask for your email address and geographic location. If you submit a review, your geographic location will be visible to other users (your email address will be kept private). Also, any personally identifiable information that you submit as part of the review can be read or used by other visitors to the Site. We are not responsible for any personally identifiable information that you choose to submit as part of your review. We believe you can post a helpful review without disclosing any personal information.&lt;/div&gt;\r\n&lt;div&gt;\r\n	&amp;nbsp;&lt;/div&gt;\r\n&lt;div&gt;\r\n	&amp;nbsp;&lt;/div&gt;\r\n&lt;div&gt;\r\n	2. Information Use and Disclosure.&lt;/div&gt;\r\n&lt;div&gt;\r\n	(a) Internal Use. We use your personal information to process your order and provide you with customer service. We may internally use your personal information to improve our Site\'s content and layout, to improve our outreach and for our own marketing efforts (including marketing our services and products to you), and to determine general marketplace information about visitors to this Site.&lt;/div&gt;\r\n&lt;div&gt;\r\n	(b) Communications with You: We will use your personal information to communicate with you about our site, and your orders and deliveries. Also, we may send you a confirmation email when you register with us. We may send you a service-related announcement on the rare occasions when it is necessary (for example, if we must temporarily suspend our service for maintenance.) Also, you may submit your email address for reasons such as to request us to notify you when we receive a new brand, new product style, or product; to sign up for our email newsletter and special offers. If you submit your email address, we will use it to deliver the information to you. We always permit you to unsubscribe or opt out of future emails (see opt out section below for more details). Because we have to communicate with you about orders that you choose to place, you cannot opt out of receiving emails related to your orders.&lt;/div&gt;\r\n&lt;div&gt;\r\n	(c) External Use. We want to provide you with excellent service and to offer you a great selection — we primarily sell merchandise, not information. We do not sell, rent, trade, license, or otherwise disclose your specific personal information or financial information to anyone, except that:&lt;/div&gt;\r\n&lt;div&gt;\r\n	(i) As do most catalog and Internet wholesalers, we sometimes use others to perform specific functions on our behalf. When we disclose information to these service providers, we disclose information to help them to perform their service. For example, in order to deliver products to you, we must share some information. We partner with third parties (such as Fedex,DHL,UPS and HK Airmail) to ship products, to ensure delivery, and so that we can obtain feedback, improve the quality of our service, and measure and improve the quality of the service of the third party. In the example of shippers, we provide them some personally identifiable information such as your name, shipping address, email, and phone number.&lt;/div&gt;\r\n&lt;div&gt;\r\n	(ii) Similarly, to help you buy products and provide customer service to you, we must provide your credit card number to financial-services corporations such as credit-card processors and issuers. When we submit your credit card number for authorization, we use state-of-the-art data encryption to protect your information. (More on this below in the Data Security section.)&lt;/div&gt;\r\n&lt;div&gt;\r\n	(iii) We may be required to disclose such information in response to requests from law-enforcement officials conducting investigations, subpoenas, a court order, or if we are otherwise required to disclose such information by law. We also will release personal information where disclosure is necessary to protect our legal rights, enforce our Terms of Use or other agreements, or to protect ourselves or others. For example, we may share information to reduce the risk of fraud or if someone uses or attempts to use our Site for illegal reasons or to commit fraud.&lt;/div&gt;\r\n&lt;div&gt;\r\n	(iv) We will not sell (or trade or rent) personally identifiable information to other companies as part of our regular course of business. However, it is possible that we might acquire or merge with or be acquired by another company or that we might dispose of some or all of our assets. If that happens, your personal information may be disclosed to another company, but that disclosure will be subject to the Privacy Notice in effect.&lt;/div&gt;\r\n&lt;div&gt;\r\n	(v) We may share non-personal information (such as the number of daily visitors to a particular web page, or the size of an order placed on a certain date) with third parties such as advertising partners. This information does not directly personally identify you or any user.&lt;/div&gt;\r\n&lt;div&gt;\r\n	&amp;nbsp;&lt;/div&gt;\r\n&lt;div&gt;\r\n	&amp;nbsp;&lt;/div&gt;\r\n&lt;div&gt;\r\n	DATA SECURITY&lt;/div&gt;\r\n&lt;div&gt;\r\n	&amp;nbsp;&lt;/div&gt;\r\n&lt;div&gt;\r\n	This Site incorporates physical, electronic, and administrative procedures to safeguard the confidentiality of your personal information, including Secure Sockets Layer (&quot;SSL&quot;) for all financial transactions through this Site. We use SSL encryption to protect your personal information online, and we also take several steps to protect your personal information in our facilities. Access to your personal information is restricted. Only employees who need access to your personal information to perform a specific job are granted access to your personal information. Finally, we rely on third-party service providers for the physical security of some of our computer hardware. We believe that their security procedures are adequate. For example, when you visit our Site, you access servers that are kept in a secure physical environment, behind a locked cage and an electronic firewall.&lt;/div&gt;\r\n&lt;div&gt;\r\n	&amp;nbsp;&lt;/div&gt;\r\n&lt;div&gt;\r\n	&amp;nbsp;&lt;/div&gt;\r\n&lt;div&gt;\r\n	&amp;nbsp;&lt;/div&gt;\r\n&lt;div&gt;\r\n	While we use industry-standard precautions to safeguard your personal information, we cannot guarantee complete security. 100% complete security does not presently exist anywhere online or offline.&lt;/div&gt;\r\n&lt;div&gt;\r\n	&amp;nbsp;&lt;/div&gt;\r\n&lt;div&gt;\r\n	&amp;nbsp;&lt;/div&gt;\r\n&lt;div&gt;\r\n	&amp;nbsp;&lt;/div&gt;\r\n&lt;div&gt;\r\n	OPT OUT/CORRECTIONS&lt;/div&gt;\r\n&lt;div&gt;\r\n	&amp;nbsp;&lt;/div&gt;\r\n&lt;div&gt;\r\n	Upon your request, we will (a) correct or update your personal information; (b) stop sending emails to your email address; and/or (c) disable your account to prevent any future purchases through that account. You can make these requests at the customer information section, or by telephoning, or emailing your request to GoDropshipping.com’s Customer Support department at aftersales@godropshipping.com. Please do not email your credit card number or other sensitive information.&lt;/div&gt;\r\n&lt;div&gt;\r\n	&amp;nbsp;&lt;/div&gt;\r\n&lt;div&gt;\r\n	&amp;nbsp;&lt;/div&gt;\r\n&lt;div&gt;\r\n	OFFLINE COLLECTION, USE &amp;amp; DISCLOSURE OF INFORMATION&lt;/div&gt;\r\n&lt;div&gt;\r\n	&amp;nbsp;&lt;/div&gt;\r\n&lt;div&gt;\r\n	As you might expect from GoDropshipping.com, the majority of information that we collect is obtained through our Site, and this Privacy Policy applies only to that online collection of personal information. We also try to protect the privacy of you personal information that is collected offline. For example, customers may call us to place an order or to ask questions. During the call, we will ask only for the personal information we need in order to place the order or to answer the question. When we need to store information (such as order information), we will enter it into our database through SSL encryption (See the Data Security section above for more information). There are other ways we could learn of personal information offline (for example, we suppose someone could send us a letter including some return address information), and this Policy does not discuss or try to predict all of those methods or uses. As mentioned, we primarily sell merchandise, not information, and we will try to treat offline collection, uses, and disclosures consistently with our relevant online practices.&lt;/div&gt;\r\n&lt;div&gt;\r\n	&amp;nbsp;&lt;/div&gt;\r\n&lt;div&gt;\r\n	&amp;nbsp;&lt;/div&gt;\r\n&lt;div&gt;\r\n	UPDATES TO THIS POLICY&lt;/div&gt;\r\n&lt;div&gt;\r\n	&amp;nbsp;&lt;/div&gt;\r\n&lt;div&gt;\r\n	If we change or update this Privacy Notice, we will post changes and updates on this Site so that you will always be aware of what information we collect, use, and disclose. We encourage you to review this Privacy Notice from time to time so you will know if the Privacy Notice has been changed or updated. If you have any questions about the Privacy Notice, please contact us.&lt;/div&gt;\r\n'),(6,1,'After Sales','&lt;p&gt;\r\n	&amp;nbsp;&lt;/p&gt;\r\n&lt;h1&gt;\r\n	How can I cancel an order? Before payment and after payment.&lt;/h1&gt;\r\n&lt;h2&gt;\r\n	CANCELLATION BEFORE PAYMENT&lt;/h2&gt;\r\n&lt;p align=&quot;left&quot;&gt;\r\n	If you have not paid for your order yet, there is no need to contact us to cancel it. We receive hundreds of \'test\' orders each day which our members are using to quote certain cart contents and save the invoice for later references.&lt;br /&gt;\r\n	&lt;br /&gt;\r\n	We ignore all orders until a matching payment is received. So if you haven\'t paid, don\'t worry, we are not processing your order.&lt;br /&gt;\r\n	&lt;br /&gt;\r\n	You are under no obligation to follow through and pay for an order just because you checked out your shopping cart online. If you want to do test orders to save certain invoices for later you are welcome to do this.&lt;br /&gt;\r\n	&lt;br /&gt;\r\n	If your order is more than a week old please note you may not be able to &quot;reactivate&quot; it by sending a payment, because the prices of the items may have changed as well as the shipping rates and currency conversions. You may need to repeat the order with a new cart.&lt;br /&gt;\r\n	&lt;br /&gt;\r\n	&amp;nbsp;&lt;/p&gt;\r\n&lt;h2&gt;\r\n	WITHDRAWING AN ORDER AFTER PAYMENT&lt;/h2&gt;\r\n&lt;p align=&quot;left&quot;&gt;\r\n	&lt;br /&gt;\r\n	If you have already paid for a batch order and want to cancel certain order/orders included in the batch order, please DO contact us no more than 24 hours to make any change on the order status.&lt;br /&gt;\r\n	&lt;br /&gt;\r\n	If the package has already been delivered we cannot cancel or change the order.&lt;br /&gt;\r\n	&lt;br /&gt;\r\n	If you want to add further products to certain order included in a certain batch order, please simply replace a new order and we will process it.&lt;br /&gt;\r\n	&lt;br /&gt;\r\n	If the order is in an early processing stage you may be able to change and cancel it. You can ask for a refund.&lt;/p&gt;\r\n&lt;h1&gt;\r\n	Who is responsible for product damage or loss during transit?&lt;/h1&gt;\r\n&lt;p&gt;\r\n	We offer Shipping Insurance for just US$ 1.99 to protect your package, in case of lost or damage problems. Any missing issues reported, we will reship your order immediately.&lt;br /&gt;\r\n	&lt;br /&gt;\r\n	You can add shipping insurance when you checkout your order, it is worth it.&lt;/p&gt;\r\n&lt;h1&gt;\r\n	I have problems in using the product I ordered, please help&lt;/h1&gt;\r\n&lt;p&gt;\r\n	Firstly please check the English manual that comes with the product, or you can search for online manuals or check blogs for advice. If you still cannot resolve the issue, please submit a request to Customer Service via &lt;a href=&quot;http://help.godropshipping.com/&quot;&gt;http://help.&lt;strong&gt;Godropshipping&lt;/strong&gt;.com/&lt;/a&gt;. Our customer service representatives will offer you professional tech support and help you assess if your product is defective.&lt;/p&gt;\r\n');
/*!40000 ALTER TABLE `gds_information_description` ENABLE KEYS */;
UNLOCK TABLES;

--
-- Table structure for table `gds_information_to_layout`
--

DROP TABLE IF EXISTS `gds_information_to_layout`;
/*!40101 SET @saved_cs_client     = @@character_set_client */;
/*!40101 SET character_set_client = utf8 */;
CREATE TABLE `gds_information_to_layout` (
  `information_id` int(11) NOT NULL,
  `store_id` int(11) NOT NULL,
  `layout_id` int(11) NOT NULL,
  PRIMARY KEY (`information_id`,`store_id`)
) ENGINE=MyISAM DEFAULT CHARSET=utf8 COLLATE=utf8_bin;
/*!40101 SET character_set_client = @saved_cs_client */;

--
-- Dumping data for table `gds_information_to_layout`
--

LOCK TABLES `gds_information_to_layout` WRITE;
/*!40000 ALTER TABLE `gds_information_to_layout` DISABLE KEYS */;
/*!40000 ALTER TABLE `gds_information_to_layout` ENABLE KEYS */;
UNLOCK TABLES;

--
-- Table structure for table `gds_information_to_store`
--

DROP TABLE IF EXISTS `gds_information_to_store`;
/*!40101 SET @saved_cs_client     = @@character_set_client */;
/*!40101 SET character_set_client = utf8 */;
CREATE TABLE `gds_information_to_store` (
  `information_id` int(11) NOT NULL,
  `store_id` int(11) NOT NULL,
  PRIMARY KEY (`information_id`,`store_id`)
) ENGINE=MyISAM DEFAULT CHARSET=utf8 COLLATE=utf8_bin;
/*!40101 SET character_set_client = @saved_cs_client */;

--
-- Dumping data for table `gds_information_to_store`
--

LOCK TABLES `gds_information_to_store` WRITE;
/*!40000 ALTER TABLE `gds_information_to_store` DISABLE KEYS */;
INSERT INTO `gds_information_to_store` VALUES (3,0),(4,0),(5,0),(6,0);
/*!40000 ALTER TABLE `gds_information_to_store` ENABLE KEYS */;
UNLOCK TABLES;

--
-- Table structure for table `gds_language`
--

DROP TABLE IF EXISTS `gds_language`;
/*!40101 SET @saved_cs_client     = @@character_set_client */;
/*!40101 SET character_set_client = utf8 */;
CREATE TABLE `gds_language` (
  `language_id` int(11) NOT NULL AUTO_INCREMENT,
  `name` varchar(32) COLLATE utf8_bin NOT NULL DEFAULT '',
  `code` varchar(5) COLLATE utf8_bin NOT NULL,
  `locale` varchar(255) COLLATE utf8_bin NOT NULL,
  `image` varchar(64) COLLATE utf8_bin NOT NULL,
  `directory` varchar(32) COLLATE utf8_bin NOT NULL DEFAULT '',
  `filename` varchar(64) COLLATE utf8_bin NOT NULL DEFAULT '',
  `sort_order` int(3) NOT NULL DEFAULT '0',
  `status` tinyint(1) NOT NULL,
  PRIMARY KEY (`language_id`),
  KEY `name` (`name`)
) ENGINE=MyISAM AUTO_INCREMENT=2 DEFAULT CHARSET=utf8 COLLATE=utf8_bin;
/*!40101 SET character_set_client = @saved_cs_client */;

--
-- Dumping data for table `gds_language`
--

LOCK TABLES `gds_language` WRITE;
/*!40000 ALTER TABLE `gds_language` DISABLE KEYS */;
INSERT INTO `gds_language` VALUES (1,'English','en','en_US.UTF-8,en_US,en-gb,english','gb.png','english','english',1,1);
/*!40000 ALTER TABLE `gds_language` ENABLE KEYS */;
UNLOCK TABLES;

--
-- Table structure for table `gds_layout`
--

DROP TABLE IF EXISTS `gds_layout`;
/*!40101 SET @saved_cs_client     = @@character_set_client */;
/*!40101 SET character_set_client = utf8 */;
CREATE TABLE `gds_layout` (
  `layout_id` int(11) NOT NULL AUTO_INCREMENT,
  `name` varchar(64) COLLATE utf8_bin NOT NULL,
  PRIMARY KEY (`layout_id`)
) ENGINE=MyISAM AUTO_INCREMENT=12 DEFAULT CHARSET=utf8 COLLATE=utf8_bin;
/*!40101 SET character_set_client = @saved_cs_client */;

--
-- Dumping data for table `gds_layout`
--

LOCK TABLES `gds_layout` WRITE;
/*!40000 ALTER TABLE `gds_layout` DISABLE KEYS */;
INSERT INTO `gds_layout` VALUES (1,'Home'),(2,'Product'),(3,'Category'),(4,'Default'),(5,'Manufacturer'),(6,'Account'),(7,'Checkout'),(8,'Contact'),(9,'Sitemap'),(10,'Affiliate'),(11,'Information');
/*!40000 ALTER TABLE `gds_layout` ENABLE KEYS */;
UNLOCK TABLES;

--
-- Table structure for table `gds_layout_route`
--

DROP TABLE IF EXISTS `gds_layout_route`;
/*!40101 SET @saved_cs_client     = @@character_set_client */;
/*!40101 SET character_set_client = utf8 */;
CREATE TABLE `gds_layout_route` (
  `layout_route_id` int(11) NOT NULL AUTO_INCREMENT,
  `layout_id` int(11) NOT NULL,
  `store_id` int(11) NOT NULL,
  `route` varchar(255) COLLATE utf8_bin NOT NULL,
  PRIMARY KEY (`layout_route_id`)
) ENGINE=MyISAM AUTO_INCREMENT=32 DEFAULT CHARSET=utf8 COLLATE=utf8_bin;
/*!40101 SET character_set_client = @saved_cs_client */;

--
-- Dumping data for table `gds_layout_route`
--

LOCK TABLES `gds_layout_route` WRITE;
/*!40000 ALTER TABLE `gds_layout_route` DISABLE KEYS */;
INSERT INTO `gds_layout_route` VALUES (30,6,0,'account'),(17,10,0,'affiliate/'),(29,3,0,'product/category'),(27,1,3,'common/home'),(26,1,0,'common/home'),(20,2,0,'product/product'),(24,11,0,'information/information'),(22,5,0,'product/manufacturer'),(23,7,0,'checkout/'),(31,8,0,'information/contact');
/*!40000 ALTER TABLE `gds_layout_route` ENABLE KEYS */;
UNLOCK TABLES;

--
-- Table structure for table `gds_length_class`
--

DROP TABLE IF EXISTS `gds_length_class`;
/*!40101 SET @saved_cs_client     = @@character_set_client */;
/*!40101 SET character_set_client = utf8 */;
CREATE TABLE `gds_length_class` (
  `length_class_id` int(11) NOT NULL AUTO_INCREMENT,
  `value` decimal(15,8) NOT NULL,
  PRIMARY KEY (`length_class_id`)
) ENGINE=MyISAM AUTO_INCREMENT=4 DEFAULT CHARSET=utf8 COLLATE=utf8_bin;
/*!40101 SET character_set_client = @saved_cs_client */;

--
-- Dumping data for table `gds_length_class`
--

LOCK TABLES `gds_length_class` WRITE;
/*!40000 ALTER TABLE `gds_length_class` DISABLE KEYS */;
INSERT INTO `gds_length_class` VALUES (1,'1.00000000'),(2,'10.00000000'),(3,'0.39370000');
/*!40000 ALTER TABLE `gds_length_class` ENABLE KEYS */;
UNLOCK TABLES;

--
-- Table structure for table `gds_length_class_description`
--

DROP TABLE IF EXISTS `gds_length_class_description`;
/*!40101 SET @saved_cs_client     = @@character_set_client */;
/*!40101 SET character_set_client = utf8 */;
CREATE TABLE `gds_length_class_description` (
  `length_class_id` int(11) NOT NULL AUTO_INCREMENT,
  `language_id` int(11) NOT NULL,
  `title` varchar(32) COLLATE utf8_bin NOT NULL,
  `unit` varchar(4) COLLATE utf8_bin NOT NULL,
  PRIMARY KEY (`length_class_id`,`language_id`)
) ENGINE=MyISAM AUTO_INCREMENT=4 DEFAULT CHARSET=utf8 COLLATE=utf8_bin;
/*!40101 SET character_set_client = @saved_cs_client */;

--
-- Dumping data for table `gds_length_class_description`
--

LOCK TABLES `gds_length_class_description` WRITE;
/*!40000 ALTER TABLE `gds_length_class_description` DISABLE KEYS */;
INSERT INTO `gds_length_class_description` VALUES (1,1,'Centimeter','cm'),(2,1,'Millimeter','mm'),(3,1,'Inch','in');
/*!40000 ALTER TABLE `gds_length_class_description` ENABLE KEYS */;
UNLOCK TABLES;

--
-- Table structure for table `gds_manufacturer`
--

DROP TABLE IF EXISTS `gds_manufacturer`;
/*!40101 SET @saved_cs_client     = @@character_set_client */;
/*!40101 SET character_set_client = utf8 */;
CREATE TABLE `gds_manufacturer` (
  `manufacturer_id` int(11) NOT NULL AUTO_INCREMENT,
  `name` varchar(64) COLLATE utf8_bin NOT NULL DEFAULT '',
  `image` varchar(255) COLLATE utf8_bin DEFAULT NULL,
  `sort_order` int(3) NOT NULL,
  PRIMARY KEY (`manufacturer_id`)
) ENGINE=MyISAM AUTO_INCREMENT=11 DEFAULT CHARSET=utf8 COLLATE=utf8_bin;
/*!40101 SET character_set_client = @saved_cs_client */;

--
-- Dumping data for table `gds_manufacturer`
--

LOCK TABLES `gds_manufacturer` WRITE;
/*!40000 ALTER TABLE `gds_manufacturer` DISABLE KEYS */;
INSERT INTO `gds_manufacturer` VALUES (5,'HTC','data/htc_logo.jpg',0),(6,'Palm','data/palm_logo.jpg',0),(7,'Hewlett-Packard','data/hp_logo.jpg',0),(8,'Apple','data/apple_logo.jpg',0),(9,'Canon','data/canon_logo.jpg',0),(10,'Sony','data/sony_logo.jpg',0);
/*!40000 ALTER TABLE `gds_manufacturer` ENABLE KEYS */;
UNLOCK TABLES;

--
-- Table structure for table `gds_manufacturer_to_store`
--

DROP TABLE IF EXISTS `gds_manufacturer_to_store`;
/*!40101 SET @saved_cs_client     = @@character_set_client */;
/*!40101 SET character_set_client = utf8 */;
CREATE TABLE `gds_manufacturer_to_store` (
  `manufacturer_id` int(11) NOT NULL,
  `store_id` int(11) NOT NULL,
  PRIMARY KEY (`manufacturer_id`,`store_id`)
) ENGINE=MyISAM DEFAULT CHARSET=utf8 COLLATE=utf8_bin;
/*!40101 SET character_set_client = @saved_cs_client */;

--
-- Dumping data for table `gds_manufacturer_to_store`
--

LOCK TABLES `gds_manufacturer_to_store` WRITE;
/*!40000 ALTER TABLE `gds_manufacturer_to_store` DISABLE KEYS */;
INSERT INTO `gds_manufacturer_to_store` VALUES (8,0);
/*!40000 ALTER TABLE `gds_manufacturer_to_store` ENABLE KEYS */;
UNLOCK TABLES;

--
-- Table structure for table `gds_option`
--

DROP TABLE IF EXISTS `gds_option`;
/*!40101 SET @saved_cs_client     = @@character_set_client */;
/*!40101 SET character_set_client = utf8 */;
CREATE TABLE `gds_option` (
  `option_id` int(11) NOT NULL AUTO_INCREMENT,
  `type` varchar(32) COLLATE utf8_bin NOT NULL,
  `sort_order` int(3) NOT NULL,
  PRIMARY KEY (`option_id`)
) ENGINE=MyISAM AUTO_INCREMENT=13 DEFAULT CHARSET=utf8 COLLATE=utf8_bin;
/*!40101 SET character_set_client = @saved_cs_client */;

--
-- Dumping data for table `gds_option`
--

LOCK TABLES `gds_option` WRITE;
/*!40000 ALTER TABLE `gds_option` DISABLE KEYS */;
/*!40000 ALTER TABLE `gds_option` ENABLE KEYS */;
UNLOCK TABLES;

--
-- Table structure for table `gds_option_description`
--

DROP TABLE IF EXISTS `gds_option_description`;
/*!40101 SET @saved_cs_client     = @@character_set_client */;
/*!40101 SET character_set_client = utf8 */;
CREATE TABLE `gds_option_description` (
  `option_id` int(11) NOT NULL,
  `language_id` int(11) NOT NULL,
  `name` varchar(128) COLLATE utf8_bin NOT NULL,
  PRIMARY KEY (`option_id`,`language_id`)
) ENGINE=MyISAM DEFAULT CHARSET=utf8 COLLATE=utf8_bin;
/*!40101 SET character_set_client = @saved_cs_client */;

--
-- Dumping data for table `gds_option_description`
--

LOCK TABLES `gds_option_description` WRITE;
/*!40000 ALTER TABLE `gds_option_description` DISABLE KEYS */;
/*!40000 ALTER TABLE `gds_option_description` ENABLE KEYS */;
UNLOCK TABLES;

--
-- Table structure for table `gds_option_value`
--

DROP TABLE IF EXISTS `gds_option_value`;
/*!40101 SET @saved_cs_client     = @@character_set_client */;
/*!40101 SET character_set_client = utf8 */;
CREATE TABLE `gds_option_value` (
  `option_value_id` int(11) NOT NULL AUTO_INCREMENT,
  `option_id` int(11) NOT NULL,
  `image` varchar(255) COLLATE utf8_bin NOT NULL,
  `sort_order` int(3) NOT NULL,
  PRIMARY KEY (`option_value_id`)
) ENGINE=MyISAM AUTO_INCREMENT=49 DEFAULT CHARSET=utf8 COLLATE=utf8_bin;
/*!40101 SET character_set_client = @saved_cs_client */;

--
-- Dumping data for table `gds_option_value`
--

LOCK TABLES `gds_option_value` WRITE;
/*!40000 ALTER TABLE `gds_option_value` DISABLE KEYS */;
/*!40000 ALTER TABLE `gds_option_value` ENABLE KEYS */;
UNLOCK TABLES;

--
-- Table structure for table `gds_option_value_description`
--

DROP TABLE IF EXISTS `gds_option_value_description`;
/*!40101 SET @saved_cs_client     = @@character_set_client */;
/*!40101 SET character_set_client = utf8 */;
CREATE TABLE `gds_option_value_description` (
  `option_value_id` int(11) NOT NULL,
  `language_id` int(11) NOT NULL,
  `option_id` int(11) NOT NULL,
  `name` varchar(128) COLLATE utf8_bin NOT NULL,
  PRIMARY KEY (`option_value_id`,`language_id`)
) ENGINE=MyISAM DEFAULT CHARSET=utf8 COLLATE=utf8_bin;
/*!40101 SET character_set_client = @saved_cs_client */;

--
-- Dumping data for table `gds_option_value_description`
--

LOCK TABLES `gds_option_value_description` WRITE;
/*!40000 ALTER TABLE `gds_option_value_description` DISABLE KEYS */;
/*!40000 ALTER TABLE `gds_option_value_description` ENABLE KEYS */;
UNLOCK TABLES;

--
-- Table structure for table `gds_order`
--

DROP TABLE IF EXISTS `gds_order`;
/*!40101 SET @saved_cs_client     = @@character_set_client */;
/*!40101 SET character_set_client = utf8 */;
CREATE TABLE `gds_order` (
  `order_id` int(11) NOT NULL AUTO_INCREMENT,
  `invoice_no` int(11) NOT NULL DEFAULT '0',
  `invoice_prefix` varchar(26) COLLATE utf8_bin NOT NULL,
  `store_id` int(11) NOT NULL DEFAULT '0',
  `store_name` varchar(64) COLLATE utf8_bin NOT NULL,
  `store_url` varchar(255) COLLATE utf8_bin NOT NULL,
  `customer_id` int(11) NOT NULL DEFAULT '0',
  `customer_group_id` int(11) NOT NULL DEFAULT '0',
  `firstname` varchar(32) COLLATE utf8_bin NOT NULL DEFAULT '',
  `lastname` varchar(32) COLLATE utf8_bin NOT NULL,
  `email` varchar(96) COLLATE utf8_bin NOT NULL,
  `telephone` varchar(32) COLLATE utf8_bin NOT NULL DEFAULT '',
  `fax` varchar(32) COLLATE utf8_bin NOT NULL DEFAULT '',
  `shipping_firstname` varchar(32) COLLATE utf8_bin NOT NULL,
  `shipping_lastname` varchar(32) COLLATE utf8_bin NOT NULL DEFAULT '',
  `shipping_company` varchar(32) COLLATE utf8_bin NOT NULL,
  `shipping_address_1` varchar(128) COLLATE utf8_bin NOT NULL,
  `shipping_address_2` varchar(128) COLLATE utf8_bin NOT NULL,
  `shipping_city` varchar(128) COLLATE utf8_bin NOT NULL,
  `shipping_postcode` varchar(10) COLLATE utf8_bin NOT NULL DEFAULT '',
  `shipping_country` varchar(128) COLLATE utf8_bin NOT NULL,
  `shipping_country_id` int(11) NOT NULL,
  `shipping_zone` varchar(128) COLLATE utf8_bin NOT NULL,
  `shipping_zone_id` int(11) NOT NULL,
  `shipping_address_format` text COLLATE utf8_bin NOT NULL,
  `shipping_method` varchar(128) COLLATE utf8_bin NOT NULL DEFAULT '',
  `payment_firstname` varchar(32) COLLATE utf8_bin NOT NULL DEFAULT '',
  `payment_lastname` varchar(32) COLLATE utf8_bin NOT NULL DEFAULT '',
  `payment_company` varchar(32) COLLATE utf8_bin NOT NULL,
  `payment_address_1` varchar(128) COLLATE utf8_bin NOT NULL,
  `payment_address_2` varchar(128) COLLATE utf8_bin NOT NULL,
  `payment_city` varchar(128) COLLATE utf8_bin NOT NULL,
  `payment_postcode` varchar(10) COLLATE utf8_bin NOT NULL DEFAULT '',
  `payment_country` varchar(128) COLLATE utf8_bin NOT NULL,
  `payment_country_id` int(11) NOT NULL,
  `payment_zone` varchar(128) COLLATE utf8_bin NOT NULL,
  `payment_zone_id` int(11) NOT NULL,
  `payment_address_format` text COLLATE utf8_bin NOT NULL,
  `payment_method` varchar(128) COLLATE utf8_bin NOT NULL DEFAULT '',
  `comment` text COLLATE utf8_bin NOT NULL,
  `total` decimal(15,4) NOT NULL DEFAULT '0.0000',
  `reward` int(8) NOT NULL,
  `order_status_id` int(11) NOT NULL DEFAULT '0',
  `affiliate_id` int(11) NOT NULL,
  `commission` decimal(15,4) NOT NULL,
  `language_id` int(11) NOT NULL,
  `currency_id` int(11) NOT NULL,
  `currency_code` varchar(3) COLLATE utf8_bin NOT NULL,
  `currency_value` decimal(15,8) NOT NULL,
  `date_added` datetime NOT NULL,
  `date_modified` datetime NOT NULL,
  `ip` varchar(15) COLLATE utf8_bin NOT NULL DEFAULT '',
  PRIMARY KEY (`order_id`)
) ENGINE=MyISAM AUTO_INCREMENT=562 DEFAULT CHARSET=utf8 COLLATE=utf8_bin;
/*!40101 SET character_set_client = @saved_cs_client */;

--
-- Dumping data for table `gds_order`
--

LOCK TABLES `gds_order` WRITE;
/*!40000 ALTER TABLE `gds_order` DISABLE KEYS */;
INSERT INTO `gds_order` VALUES (29,0,'INV-2011-00',0,'Your Store','http://godropshipping.com/',1,8,'Chang','Wu','wcmilan@126.com','Ship to Phone','','End Customer Name','','','Ship to Address1','Ship to Address2','Ship to City','Ship to Zi','Ship to Country',44,'Beijing',685,'','','Chang','Wu','','Address 1','','beijing','100080','China',44,'Beijing',685,'','','','0.0000',0,0,0,'0.0000',1,2,'USD','1.00000000','2012-06-13 15:24:48','2012-06-13 15:24:48','127.0.0.1'),(30,0,'INV-2011-00',0,'Your Store','http://godropshipping.com/',1,8,'Chang','Wu','wcmilan@126.com','18613579','','wuchang','','','addr1','addr2','beijng','54321','france',44,'Beijing',685,'','','Chang','Wu','','Address 1','','beijing','100080','China',44,'Beijing',685,'','','','0.0000',0,0,0,'0.0000',1,2,'USD','1.00000000','2012-06-13 15:24:48','2012-06-13 15:24:48','127.0.0.1'),(31,0,'INV-2011-00',0,'Your Store','http://godropshipping.com/',1,8,'Chang','Wu','wcmilan@126.com','Ship to Phone','','End Customer Name','','','Ship to Address1','Ship to Address2','Ship to City','Ship to Zi','Ship to Country',44,'Beijing',685,'','','Chang','Wu','','Address 1','','beijing','100080','China',44,'Beijing',685,'','','','0.0000',0,0,0,'0.0000',1,2,'USD','1.00000000','2012-06-13 15:28:50','2012-06-13 15:28:50','127.0.0.1'),(32,0,'INV-2011-00',0,'Your Store','http://godropshipping.com/',1,8,'Chang','Wu','wcmilan@126.com','18613579','','wuchang','','','addr1','addr2','beijng','54321','france',44,'Beijing',685,'','','Chang','Wu','','Address 1','','beijing','100080','China',44,'Beijing',685,'','','','0.0000',0,0,0,'0.0000',1,2,'USD','1.00000000','2012-06-13 15:28:50','2012-06-13 15:28:50','127.0.0.1'),(33,0,'INV-2011-00',0,'Your Store','http://godropshipping.com/',1,8,'Chang','Wu','wcmilan@126.com','Ship to Phone','','End Customer Name','','','Ship to Address1','Ship to Address2','Ship to City','Ship to Zi','Ship to Country',44,'Beijing',685,'','','Chang','Wu','','Address 1','','beijing','100080','China',44,'Beijing',685,'','','','0.0000',0,0,0,'0.0000',1,2,'USD','1.00000000','2012-06-13 15:29:57','2012-06-13 15:29:57','127.0.0.1'),(34,0,'INV-2011-00',0,'Your Store','http://godropshipping.com/',1,8,'Chang','Wu','wcmilan@126.com','18613579','','wuchang','','','addr1','addr2','beijng','54321','france',44,'Beijing',685,'','','Chang','Wu','','Address 1','','beijing','100080','China',44,'Beijing',685,'','','','0.0000',0,0,0,'0.0000',1,2,'USD','1.00000000','2012-06-13 15:29:57','2012-06-13 15:29:57','127.0.0.1'),(35,0,'INV-2011-00',0,'Your Store','http://godropshipping.com/',1,8,'Chang','Wu','wcmilan@126.com','Ship to Phone','','End Customer Name','','','Ship to Address1','Ship to Address2','Ship to City','Ship to Zi','Ship to Country',44,'Beijing',685,'','','Chang','Wu','','Address 1','','beijing','100080','China',44,'Beijing',685,'','','','0.0000',0,0,0,'0.0000',1,2,'USD','1.00000000','2012-06-13 15:30:25','2012-06-13 15:30:25','127.0.0.1'),(36,0,'INV-2011-00',0,'Your Store','http://godropshipping.com/',1,8,'Chang','Wu','wcmilan@126.com','18613579','','wuchang','','','addr1','addr2','beijng','54321','france',44,'Beijing',685,'','','Chang','Wu','','Address 1','','beijing','100080','China',44,'Beijing',685,'','','','0.0000',0,0,0,'0.0000',1,2,'USD','1.00000000','2012-06-13 15:30:25','2012-06-13 15:30:25','127.0.0.1'),(37,0,'INV-2011-00',0,'Your Store','http://godropshipping.com/',1,8,'Chang','Wu','wcmilan@126.com','123456','','Chang','Wu','','Address 1','','beijing','100080','China',44,'Beijing',685,'','Flat Shipping Rate','Chang','Wu','','Address 1','','beijing','100080','China',44,'Beijing',685,'','Cash On Delivery','','305.0000',0,0,0,'0.0000',1,2,'USD','1.00000000','2012-06-13 15:48:33','2012-06-13 15:48:33','127.0.0.1'),(38,0,'INV-2011-00',0,'Your Store','http://godropshipping.com/',1,8,'Chang','Wu','wcmilan@126.com','Ship to Phone','','End Customer Name','','','Ship to Address1','Ship to Address2','Ship to City','Ship to Zi','Ship to Country',44,'Beijing',685,'','Flat Shipping Rate','Chang','Wu','','Address 1','','beijing','100080','China',44,'Beijing',685,'','Cash On Delivery','','0.0000',0,0,0,'0.0000',1,2,'USD','1.00000000','2012-06-13 15:51:54','2012-06-13 15:51:54','127.0.0.1'),(39,0,'INV-2011-00',0,'Your Store','http://godropshipping.com/',1,8,'Chang','Wu','wcmilan@126.com','18613579','','wuchang','','','addr1','addr2','beijng','54321','france',44,'Beijing',685,'','Flat Shipping Rate','Chang','Wu','','Address 1','','beijing','100080','China',44,'Beijing',685,'','Cash On Delivery','','0.0000',0,0,0,'0.0000',1,2,'USD','1.00000000','2012-06-13 15:51:54','2012-06-13 15:51:54','127.0.0.1'),(40,0,'INV-2011-00',0,'Your Store','http://godropshipping.com/',1,8,'Chang','Wu','wcmilan@126.com','Ship to Phone','','End Customer Name','','','Ship to Address1','Ship to Address2','Ship to City','Ship to Zi','Ship to Country',44,'Beijing',685,'','Flat Shipping Rate','Chang','Wu','','Address 1','','beijing','100080','China',44,'Beijing',685,'','Cash On Delivery','','0.0000',0,0,0,'0.0000',1,2,'USD','1.00000000','2012-06-13 15:53:14','2012-06-13 15:53:14','127.0.0.1'),(41,0,'INV-2011-00',0,'Your Store','http://godropshipping.com/',1,8,'Chang','Wu','wcmilan@126.com','18613579','','wuchang','','','addr1','addr2','beijng','54321','france',44,'Beijing',685,'','Flat Shipping Rate','Chang','Wu','','Address 1','','beijing','100080','China',44,'Beijing',685,'','Cash On Delivery','','0.0000',0,0,0,'0.0000',1,2,'USD','1.00000000','2012-06-13 15:53:14','2012-06-13 15:53:14','127.0.0.1'),(42,0,'INV-2011-00',0,'Your Store','http://godropshipping.com/',1,8,'Chang','Wu','wcmilan@126.com','Ship to Phone','','End Customer Name','','','Ship to Address1','Ship to Address2','Ship to City','Ship to Zi','Ship to Country',44,'Beijing',685,'','Flat Shipping Rate','Chang','Wu','','Address 1','','beijing','100080','China',44,'Beijing',685,'','Cash On Delivery','','0.0000',0,0,0,'0.0000',1,2,'USD','1.00000000','2012-06-13 15:53:59','2012-06-13 15:53:59','127.0.0.1'),(43,0,'INV-2011-00',0,'Your Store','http://godropshipping.com/',1,8,'Chang','Wu','wcmilan@126.com','18613579','','wuchang','','','addr1','addr2','beijng','54321','france',44,'Beijing',685,'','Flat Shipping Rate','Chang','Wu','','Address 1','','beijing','100080','China',44,'Beijing',685,'','Cash On Delivery','','0.0000',0,0,0,'0.0000',1,2,'USD','1.00000000','2012-06-13 15:53:59','2012-06-13 15:53:59','127.0.0.1'),(44,0,'INV-2011-00',0,'Your Store','http://godropshipping.com/',1,8,'Chang','Wu','wcmilan@126.com','Ship to Phone','','End Customer Name','','','Ship to Address1','Ship to Address2','Ship to City','Ship to Zi','Ship to Country',44,'Beijing',685,'','Flat Shipping Rate','Chang','Wu','','Address 1','','beijing','100080','China',44,'Beijing',685,'','Cash On Delivery','','0.0000',0,0,0,'0.0000',1,2,'USD','1.00000000','2012-06-13 15:54:32','2012-06-13 15:54:32','127.0.0.1'),(45,0,'INV-2011-00',0,'Your Store','http://godropshipping.com/',1,8,'Chang','Wu','wcmilan@126.com','18613579','','wuchang','','','addr1','addr2','beijng','54321','france',44,'Beijing',685,'','Flat Shipping Rate','Chang','Wu','','Address 1','','beijing','100080','China',44,'Beijing',685,'','Cash On Delivery','','0.0000',0,0,0,'0.0000',1,2,'USD','1.00000000','2012-06-13 15:54:32','2012-06-13 15:54:32','127.0.0.1'),(46,0,'INV-2011-00',0,'Your Store','http://godropshipping.com/',1,8,'Chang','Wu','wcmilan@126.com','Ship to Phone','','End Customer Name','','','Ship to Address1','Ship to Address2','Ship to City','Ship to Zi','Ship to Country',44,'Beijing',685,'','Flat Shipping Rate','Chang','Wu','','Address 1','','beijing','100080','China',44,'Beijing',685,'','Cash On Delivery','','0.0000',0,0,0,'0.0000',1,2,'USD','1.00000000','2012-06-13 15:55:06','2012-06-13 15:55:06','127.0.0.1'),(47,0,'INV-2011-00',0,'Your Store','http://godropshipping.com/',1,8,'Chang','Wu','wcmilan@126.com','18613579','','wuchang','','','addr1','addr2','beijng','54321','france',44,'Beijing',685,'','Flat Shipping Rate','Chang','Wu','','Address 1','','beijing','100080','China',44,'Beijing',685,'','Cash On Delivery','','0.0000',0,0,0,'0.0000',1,2,'USD','1.00000000','2012-06-13 15:55:06','2012-06-13 15:55:06','127.0.0.1'),(48,0,'INV-2011-00',0,'Your Store','http://godropshipping.com/',1,8,'Chang','Wu','wcmilan@126.com','Ship to Phone','','End Customer Name','','','Ship to Address1','Ship to Address2','Ship to City','Ship to Zi','Ship to Country',44,'Beijing',685,'','Flat Shipping Rate','Chang','Wu','','Address 1','','beijing','100080','China',44,'Beijing',685,'','Cash On Delivery','','0.0000',0,0,0,'0.0000',1,2,'USD','1.00000000','2012-06-13 15:56:16','2012-06-13 15:56:16','127.0.0.1'),(49,0,'INV-2011-00',0,'Your Store','http://godropshipping.com/',1,8,'Chang','Wu','wcmilan@126.com','18613579','','wuchang','','','addr1','addr2','beijng','54321','france',44,'Beijing',685,'','Flat Shipping Rate','Chang','Wu','','Address 1','','beijing','100080','China',44,'Beijing',685,'','Cash On Delivery','','0.0000',0,0,0,'0.0000',1,2,'USD','1.00000000','2012-06-13 15:56:16','2012-06-13 15:56:16','127.0.0.1'),(50,0,'INV-2011-00',0,'Your Store','http://godropshipping.com/',1,8,'Chang','Wu','wcmilan@126.com','Ship to Phone','','End Customer Name','','','Ship to Address1','Ship to Address2','Ship to City','Ship to Zi','Ship to Country',44,'Beijing',685,'','Flat Shipping Rate','Chang','Wu','','Address 1','','beijing','100080','China',44,'Beijing',685,'','Cash On Delivery','','0.0000',0,0,0,'0.0000',1,2,'USD','1.00000000','2012-06-13 15:56:34','2012-06-13 15:56:34','127.0.0.1'),(51,0,'INV-2011-00',0,'Your Store','http://godropshipping.com/',1,8,'Chang','Wu','wcmilan@126.com','18613579','','wuchang','','','addr1','addr2','beijng','54321','france',44,'Beijing',685,'','Flat Shipping Rate','Chang','Wu','','Address 1','','beijing','100080','China',44,'Beijing',685,'','Cash On Delivery','','0.0000',0,0,0,'0.0000',1,2,'USD','1.00000000','2012-06-13 15:56:34','2012-06-13 15:56:34','127.0.0.1'),(52,0,'INV-2011-00',0,'Your Store','http://godropshipping.com/',1,8,'Chang','Wu','wcmilan@126.com','Ship to Phone','','End Customer Name','','','Ship to Address1','Ship to Address2','Ship to City','Ship to Zi','Ship to Country',44,'Beijing',685,'','Flat Shipping Rate','Chang','Wu','','Address 1','','beijing','100080','China',44,'Beijing',685,'','Cash On Delivery','','0.0000',0,0,0,'0.0000',1,2,'USD','1.00000000','2012-06-13 16:05:13','2012-06-13 16:05:13','127.0.0.1'),(53,0,'INV-2011-00',0,'Your Store','http://godropshipping.com/',1,8,'Chang','Wu','wcmilan@126.com','18613579','','wuchang','','','addr1','addr2','beijng','54321','france',44,'Beijing',685,'','Flat Shipping Rate','Chang','Wu','','Address 1','','beijing','100080','China',44,'Beijing',685,'','Cash On Delivery','','0.0000',0,0,0,'0.0000',1,2,'USD','1.00000000','2012-06-13 16:05:13','2012-06-13 16:05:13','127.0.0.1'),(54,0,'INV-2011-00',0,'Your Store','http://godropshipping.com/',1,8,'Chang','Wu','wcmilan@126.com','Ship to Phone','','End Customer Name','','','Ship to Address1','Ship to Address2','Ship to City','Ship to Zi','Ship to Country',44,'Beijing',685,'','Flat Shipping Rate','Chang','Wu','','Address 1','','beijing','100080','China',44,'Beijing',685,'','Cash On Delivery','','0.0000',0,0,0,'0.0000',1,2,'USD','1.00000000','2012-06-13 16:07:50','2012-06-13 16:07:50','127.0.0.1'),(55,0,'INV-2011-00',0,'Your Store','http://godropshipping.com/',1,8,'Chang','Wu','wcmilan@126.com','18613579','','wuchang','','','addr1','addr2','beijng','54321','france',44,'Beijing',685,'','Flat Shipping Rate','Chang','Wu','','Address 1','','beijing','100080','China',44,'Beijing',685,'','Cash On Delivery','','0.0000',0,0,0,'0.0000',1,2,'USD','1.00000000','2012-06-13 16:07:50','2012-06-13 16:07:50','127.0.0.1'),(56,0,'INV-2011-00',0,'Your Store','http://godropshipping.com/',1,8,'Chang','Wu','wcmilan@126.com','Ship to Phone','','End Customer Name','','','Ship to Address1','Ship to Address2','Ship to City','Ship to Zi','Ship to Country',44,'Beijing',685,'','Flat Shipping Rate','Chang','Wu','','Address 1','','beijing','100080','China',44,'Beijing',685,'','Cash On Delivery','','0.0000',0,0,0,'0.0000',1,2,'USD','1.00000000','2012-06-13 16:08:10','2012-06-13 16:08:10','127.0.0.1'),(57,0,'INV-2011-00',0,'Your Store','http://godropshipping.com/',1,8,'Chang','Wu','wcmilan@126.com','18613579','','wuchang','','','addr1','addr2','beijng','54321','france',44,'Beijing',685,'','Flat Shipping Rate','Chang','Wu','','Address 1','','beijing','100080','China',44,'Beijing',685,'','Cash On Delivery','','0.0000',0,0,0,'0.0000',1,2,'USD','1.00000000','2012-06-13 16:08:10','2012-06-13 16:08:10','127.0.0.1'),(58,0,'INV-2011-00',0,'Your Store','http://godropshipping.com/',1,8,'Chang','Wu','wcmilan@126.com','18613579','','wuchang','','','addr1','addr2','beijng','54321','france',44,'Beijing',685,'','Flat Shipping Rate','Chang','Wu','','Address 1','','beijing','100080','China',44,'Beijing',685,'','Cash On Delivery','','0.0000',0,0,0,'0.0000',1,2,'USD','1.00000000','2012-06-13 16:25:30','2012-06-13 16:25:30','127.0.0.1'),(59,0,'INV-2011-00',0,'Your Store','http://godropshipping.com/',1,8,'Chang','Wu','wcmilan@126.com','18613579','','wuchang','','','addr1','addr2','beijng','54321','france',44,'Beijing',685,'','Flat Shipping Rate','Chang','Wu','','Address 1','','beijing','100080','China',44,'Beijing',685,'','Cash On Delivery','','0.0000',0,0,0,'0.0000',1,2,'USD','1.00000000','2012-06-13 16:34:28','2012-06-13 16:34:28','127.0.0.1'),(60,0,'INV-2011-00',0,'Your Store','http://godropshipping.com/',1,8,'Chang','Wu','wcmilan@126.com','18613579','','wuchang','','','addr1','addr2','beijng','54321','france',44,'Beijing',685,'','Flat Shipping Rate','Chang','Wu','','Address 1','','beijing','100080','China',44,'Beijing',685,'','Cash On Delivery','','0.0000',0,0,0,'0.0000',1,2,'USD','1.00000000','2012-06-13 16:36:40','2012-06-13 16:36:40','127.0.0.1'),(61,0,'INV-2011-00',0,'Your Store','http://godropshipping.com/',1,8,'Chang','Wu','wcmilan@126.com','18613579','','wuchang','','','addr1','addr2','beijng','54321','france',44,'Beijing',685,'','Flat Shipping Rate','Chang','Wu','','Address 1','','beijing','100080','China',44,'Beijing',685,'','Cash On Delivery','','0.0000',0,0,0,'0.0000',1,2,'USD','1.00000000','2012-06-13 16:37:18','2012-06-13 16:37:18','127.0.0.1'),(62,0,'INV-2011-00',0,'Your Store','http://godropshipping.com/',1,8,'Chang','Wu','wcmilan@126.com','18613579','','wuchang','','','addr1','addr2','beijng','54321','france',44,'Beijing',685,'','Flat Shipping Rate','Chang','Wu','','Address 1','','beijing','100080','China',44,'Beijing',685,'','Cash On Delivery','','0.0000',0,0,0,'0.0000',1,2,'USD','1.00000000','2012-06-13 16:51:43','2012-06-13 16:51:43','127.0.0.1'),(63,0,'INV-2011-00',0,'Your Store','http://godropshipping.com/',1,8,'Chang','Wu','wcmilan@126.com','18613579','','wuchang','','','addr1','addr2','beijng','54321','france',44,'Beijing',685,'','Flat Shipping Rate','Chang','Wu','','Address 1','','beijing','100080','China',44,'Beijing',685,'','Cash On Delivery','','0.0000',0,0,0,'0.0000',1,2,'USD','1.00000000','2012-06-13 16:52:18','2012-06-13 16:52:18','127.0.0.1'),(64,0,'INV-2011-00',0,'Your Store','http://godropshipping.com/',1,8,'Chang','Wu','wcmilan@126.com','18613579','','wuchang','','','addr1','addr2','beijng','54321','france',44,'Beijing',685,'','Flat Shipping Rate','Chang','Wu','','Address 1','','beijing','100080','China',44,'Beijing',685,'','Cash On Delivery','','0.0000',0,0,0,'0.0000',1,2,'USD','1.00000000','2012-06-13 16:53:13','2012-06-13 16:53:13','127.0.0.1'),(65,0,'INV-2011-00',0,'Your Store','http://godropshipping.com/',1,8,'Chang','Wu','wcmilan@126.com','18613579','','wuchang','','','addr1','addr2','beijng','54321','france',44,'Beijing',685,'','Flat Shipping Rate','Chang','Wu','','Address 1','','beijing','100080','China',44,'Beijing',685,'','Cash On Delivery','','0.0000',0,0,0,'0.0000',1,2,'USD','1.00000000','2012-06-13 16:56:33','2012-06-13 16:56:33','127.0.0.1'),(66,0,'INV-2011-00',0,'Your Store','http://godropshipping.com/',1,9,'Chang','Wu','wcmilan@126.com','123456','','Chang','Wu','','Address 1','','beijing','100080','China',44,'Beijing',685,'','Flat Shipping Rate','Chang','Wu','','Address 1','','beijing','100080','China',44,'Beijing',685,'','Cash On Delivery','','305.0000',0,0,0,'0.0000',1,2,'USD','1.00000000','2012-06-13 17:24:12','2012-06-13 17:24:12','127.0.0.1'),(67,0,'INV-2011-00',0,'Your Store','http://godropshipping.com/',1,9,'Chang','Wu','wcmilan@126.com','18613579','','wuchang','','','addr1','addr2','beijng','54321','france',44,'Beijing',685,'','Flat Shipping Rate','Chang','Wu','','Address 1','','beijing','100080','China',44,'Beijing',685,'','Cash On Delivery','','0.0000',0,0,0,'0.0000',1,2,'USD','1.00000000','2012-06-13 17:25:09','2012-06-13 17:25:09','127.0.0.1'),(68,0,'INV-2011-00',0,'Your Store','http://godropshipping.com/',1,9,'Chang','Wu','wcmilan@126.com','18613579','','wuchang','','','addr1','addr2','beijng','54321','france',44,'Beijing',685,'','Flat Shipping Rate','Chang','Wu','','Address 1','','beijing','100080','China',44,'Beijing',685,'','Cash On Delivery','','0.0000',0,0,0,'0.0000',1,2,'USD','1.00000000','2012-06-13 17:55:20','2012-06-13 17:55:20','127.0.0.1'),(69,0,'INV-2011-00',0,'Your Store','http://godropshipping.com/',1,9,'Chang','Wu','wcmilan@126.com','18613579','','wuchang','','','addr1','addr2','beijng','54321','france',44,'Beijing',685,'','Flat Shipping Rate','Chang','Wu','','Address 1','','beijing','100080','China',44,'Beijing',685,'','Cash On Delivery','','0.0000',0,0,0,'0.0000',1,2,'USD','1.00000000','2012-06-13 17:56:15','2012-06-13 17:56:15','127.0.0.1'),(70,0,'INV-2011-00',0,'Your Store','http://godropshipping.com/',1,9,'Chang','Wu','wcmilan@126.com','18613579','','wuchang','','','addr1','addr2','beijng','54321','france',44,'Beijing',685,'','Flat Shipping Rate','Chang','Wu','','Address 1','','beijing','100080','China',44,'Beijing',685,'','Cash On Delivery','','0.0000',0,0,0,'0.0000',1,2,'USD','1.00000000','2012-06-13 17:57:50','2012-06-13 17:57:50','127.0.0.1'),(71,0,'INV-2011-00',0,'Your Store','http://godropshipping.com/',1,9,'Chang','Wu','wcmilan@126.com','18613579','','wuchang','','','addr1','addr2','beijng','54321','france',44,'Beijing',685,'','Flat Shipping Rate','Chang','Wu','','Address 1','','beijing','100080','China',44,'Beijing',685,'','Cash On Delivery','','0.0000',0,0,0,'0.0000',1,2,'USD','1.00000000','2012-06-13 18:01:51','2012-06-13 18:01:51','127.0.0.1'),(72,0,'INV-2011-00',0,'Your Store','http://godropshipping.com/',1,9,'Chang','Wu','wcmilan@126.com','18613579','','wuchang','','','addr1','addr2','beijng','54321','france',44,'Beijing',685,'','Flat Shipping Rate','Chang','Wu','','Address 1','','beijing','100080','China',44,'Beijing',685,'','Cash On Delivery','','0.0000',0,0,0,'0.0000',1,2,'USD','1.00000000','2012-06-13 18:02:42','2012-06-13 18:02:42','127.0.0.1'),(73,0,'INV-2011-00',0,'Your Store','http://godropshipping.com/',1,9,'Chang','Wu','wcmilan@126.com','18613579','','wuchang','','','addr1','addr2','beijng','54321','france',44,'Beijing',685,'','Flat Shipping Rate','Chang','Wu','','Address 1','','beijing','100080','China',44,'Beijing',685,'','Cash On Delivery','','0.0000',0,0,0,'0.0000',1,2,'USD','1.00000000','2012-06-13 18:05:48','2012-06-13 18:05:48','127.0.0.1'),(74,0,'INV-2011-00',0,'Your Store','http://godropshipping.com/',1,9,'Chang','Wu','wcmilan@126.com','18613579','','wuchang','','','addr1','addr2','beijng','54321','france',44,'Beijing',685,'','Flat Shipping Rate','Chang','Wu','','Address 1','','beijing','100080','China',44,'Beijing',685,'','Cash On Delivery','','0.0000',0,0,0,'0.0000',1,2,'USD','1.00000000','2012-06-13 18:10:18','2012-06-13 18:10:18','127.0.0.1'),(75,0,'INV-2011-00',0,'Your Store','http://godropshipping.com/',1,9,'Chang','Wu','wcmilan@126.com','18613579','','wuchang','','','addr1','addr2','beijng','54321','france',44,'Beijing',685,'','Flat Shipping Rate','Chang','Wu','','Address 1','','beijing','100080','China',44,'Beijing',685,'','Cash On Delivery','','0.0000',0,0,0,'0.0000',1,2,'USD','1.00000000','2012-06-13 18:15:09','2012-06-13 18:15:09','127.0.0.1'),(76,0,'INV-2011-00',0,'Your Store','http://godropshipping.com/',1,9,'Chang','Wu','wcmilan@126.com','18613579','','wuchang','','','addr1','addr2','beijng','54321','france',44,'Beijing',685,'','Flat Shipping Rate','Chang','Wu','','Address 1','','beijing','100080','China',44,'Beijing',685,'','Cash On Delivery','','0.0000',0,0,0,'0.0000',1,2,'USD','1.00000000','2012-06-13 18:17:53','2012-06-13 18:17:53','127.0.0.1'),(77,0,'INV-2011-00',0,'Your Store','http://godropshipping.com/',1,9,'Chang','Wu','wcmilan@126.com','18613579','','wuchang','','','addr1','addr2','beijng','54321','france',44,'Beijing',685,'','Flat Shipping Rate','Chang','Wu','','Address 1','','beijing','100080','China',44,'Beijing',685,'','Cash On Delivery','','0.0000',0,0,0,'0.0000',1,2,'USD','1.00000000','2012-06-13 18:20:09','2012-06-13 18:20:09','127.0.0.1'),(78,0,'INV-2011-00',0,'Your Store','http://godropshipping.com/',1,9,'Chang','Wu','wcmilan@126.com','18613579','','wuchang','','','addr1','addr2','beijng','54321','france',44,'Beijing',685,'','Flat Shipping Rate','Chang','Wu','','Address 1','','beijing','100080','China',44,'Beijing',685,'','Cash On Delivery','','0.0000',0,0,0,'0.0000',1,2,'USD','1.00000000','2012-06-13 18:20:54','2012-06-13 18:20:54','127.0.0.1'),(79,0,'INV-2011-00',0,'Your Store','http://godropshipping.com/',1,9,'Chang','Wu','wcmilan@126.com','18613579','','wuchang','','','addr1','addr2','beijng','54321','france',44,'Beijing',685,'','Flat Shipping Rate','Chang','Wu','','Address 1','','beijing','100080','China',44,'Beijing',685,'','Cash On Delivery','','0.0000',0,0,0,'0.0000',1,2,'USD','1.00000000','2012-06-13 18:22:23','2012-06-13 18:22:23','127.0.0.1'),(80,0,'INV-2011-00',0,'Your Store','http://godropshipping.com/',1,9,'Chang','Wu','wcmilan@126.com','18613579','','wuchang','','','addr1','addr2','beijng','54321','france',44,'Beijing',685,'','Flat Shipping Rate','Chang','Wu','','Address 1','','beijing','100080','China',44,'Beijing',685,'','Cash On Delivery','','0.0000',0,0,0,'0.0000',1,2,'USD','1.00000000','2012-06-13 18:23:15','2012-06-13 18:23:15','127.0.0.1'),(81,0,'INV-2011-00',0,'Your Store','http://godropshipping.com/',1,9,'Chang','Wu','wcmilan@126.com','18613579','','wuchang','','','addr1','addr2','beijng','54321','france',44,'Beijing',685,'','Flat Shipping Rate','Chang','Wu','','Address 1','','beijing','100080','China',44,'Beijing',685,'','Cash On Delivery','','0.0000',0,0,0,'0.0000',1,2,'USD','1.00000000','2012-06-13 18:23:15','2012-06-13 18:23:15','127.0.0.1'),(82,0,'INV-2011-00',0,'Your Store','http://godropshipping.com/',1,9,'Chang','Wu','wcmilan@126.com','18613579','','wuchang','','','addr1','addr2','beijng','54321','france',44,'Beijing',685,'','Flat Shipping Rate','Chang','Wu','','Address 1','','beijing','100080','China',44,'Beijing',685,'','Cash On Delivery','','0.0000',0,0,0,'0.0000',1,2,'USD','1.00000000','2012-06-13 18:24:01','2012-06-13 18:24:01','127.0.0.1'),(83,0,'INV-2011-00',0,'Your Store','http://godropshipping.com/',1,9,'Chang','Wu','wcmilan@126.com','18613579','','wuchang','','','addr1','addr2','beijng','54321','france',44,'Beijing',685,'','Flat Shipping Rate','Chang','Wu','','Address 1','','beijing','100080','China',44,'Beijing',685,'','Cash On Delivery','','0.0000',0,0,0,'0.0000',1,2,'USD','1.00000000','2012-06-13 18:24:23','2012-06-13 18:24:23','127.0.0.1'),(84,0,'INV-2011-00',0,'Your Store','http://godropshipping.com/',1,9,'Chang','Wu','wcmilan@126.com','18613579','','wuchang','','','addr1','addr2','beijng','54321','france',44,'Beijing',685,'','Flat Shipping Rate','Chang','Wu','','Address 1','','beijing','100080','China',44,'Beijing',685,'','Cash On Delivery','','0.0000',0,0,0,'0.0000',1,2,'USD','1.00000000','2012-06-13 18:24:23','2012-06-13 18:24:23','127.0.0.1'),(85,0,'INV-2011-00',0,'Your Store','http://godropshipping.com/',1,9,'Chang','Wu','wcmilan@126.com','18613579','','wuchang','','','addr1','addr2','beijng','54321','france',44,'Beijing',685,'','Flat Shipping Rate','Chang','Wu','','Address 1','','beijing','100080','China',44,'Beijing',685,'','Cash On Delivery','','0.0000',0,0,0,'0.0000',1,2,'USD','1.00000000','2012-06-13 18:24:57','2012-06-13 18:24:57','127.0.0.1'),(86,0,'INV-2011-00',0,'Your Store','http://godropshipping.com/',1,9,'Chang','Wu','wcmilan@126.com','18613579','','wuchang','','','addr1','addr2','beijng','54321','france',44,'Beijing',685,'','Flat Shipping Rate','Chang','Wu','','Address 1','','beijing','100080','China',44,'Beijing',685,'','Cash On Delivery','','0.0000',0,0,0,'0.0000',1,2,'USD','1.00000000','2012-06-13 18:24:57','2012-06-13 18:24:57','127.0.0.1'),(87,0,'INV-2011-00',0,'Your Store','http://godropshipping.com/',1,9,'Chang','Wu','wcmilan@126.com','18613579','','wuchang','','','addr1','addr2','beijng','54321','france',44,'Beijing',685,'','Flat Shipping Rate','Chang','Wu','','Address 1','','beijing','100080','China',44,'Beijing',685,'','Cash On Delivery','','0.0000',0,0,0,'0.0000',1,2,'USD','1.00000000','2012-06-13 18:27:50','2012-06-13 18:27:50','127.0.0.1'),(88,0,'INV-2011-00',0,'Your Store','http://godropshipping.com/',1,9,'Chang','Wu','wcmilan@126.com','18613579','','wuchang','','','addr1','addr2','beijng','54321','france',44,'Beijing',685,'','Flat Shipping Rate','Chang','Wu','','Address 1','','beijing','100080','China',44,'Beijing',685,'','Cash On Delivery','','0.0000',0,0,0,'0.0000',1,2,'USD','1.00000000','2012-06-13 18:27:50','2012-06-13 18:27:50','127.0.0.1'),(89,0,'INV-2011-00',0,'Your Store','http://godropshipping.com/',1,9,'Chang','Wu','wcmilan@126.com','18613579','','wuchang','','','addr1','addr2','beijng','54321','france',44,'Beijing',685,'','Flat Shipping Rate','Chang','Wu','','Address 1','','beijing','100080','China',44,'Beijing',685,'','Cash On Delivery','','0.0000',0,0,0,'0.0000',1,2,'USD','1.00000000','2012-06-13 21:20:37','2012-06-13 21:20:37','127.0.0.1'),(90,0,'INV-2011-00',0,'Your Store','http://godropshipping.com/',1,9,'Chang','Wu','wcmilan@126.com','18613579','','wuchang','','','addr1','addr2','beijng','54321','france',44,'Beijing',685,'','Flat Shipping Rate','Chang','Wu','','Address 1','','beijing','100080','China',44,'Beijing',685,'','Cash On Delivery','','0.0000',0,0,0,'0.0000',1,2,'USD','1.00000000','2012-06-13 21:20:37','2012-06-13 21:20:37','127.0.0.1'),(91,0,'INV-2011-00',0,'Your Store','http://godropshipping.com/',1,9,'Chang','Wu','wcmilan@126.com','18613579','','wuchang','','','addr1','addr2','beijng','54321','france',44,'Beijing',685,'','Flat Shipping Rate','Chang','Wu','','Address 1','','beijing','100080','China',44,'Beijing',685,'','Cash On Delivery','','0.0000',0,0,0,'0.0000',1,2,'USD','1.00000000','2012-06-13 21:21:22','2012-06-13 21:21:22','127.0.0.1'),(92,0,'INV-2011-00',0,'Your Store','http://godropshipping.com/',1,9,'Chang','Wu','wcmilan@126.com','18613579','','wuchang','','','addr1','addr2','beijng','54321','france',44,'Beijing',685,'','Flat Shipping Rate','Chang','Wu','','Address 1','','beijing','100080','China',44,'Beijing',685,'','Cash On Delivery','','0.0000',0,0,0,'0.0000',1,2,'USD','1.00000000','2012-06-13 21:21:22','2012-06-13 21:21:22','127.0.0.1'),(97,0,'INV-2011-00',0,'Your Store','http://godropshipping.com/',1,9,'Chang','Wu','wcmilan@126.com','18613579','','wuchang','','','addr1','addr2','beijng','54321','france',44,'Beijing',685,'','','Chang','Wu','','Address 1','','beijing','100080','China',44,'Beijing',685,'','','','0.0000',0,0,0,'0.0000',1,2,'USD','1.00000000','2012-06-14 15:47:00','2012-06-14 15:47:00','127.0.0.1'),(98,0,'INV-2011-00',0,'Your Store','http://godropshipping.com/',1,9,'Chang','Wu','wcmilan@126.com','18613579','','wuchang','','','addr1','addr2','beijng','54321','france',44,'Beijing',685,'','','Chang','Wu','','Address 1','','beijing','100080','China',44,'Beijing',685,'','','','0.0000',0,0,0,'0.0000',1,2,'USD','1.00000000','2012-06-14 15:47:00','2012-06-14 15:47:00','127.0.0.1'),(99,0,'INV-2011-00',0,'Your Store','http://godropshipping.com/',1,9,'Chang','Wu','wcmilan@126.com','18613579','','wuchang','','','addr1','addr2','beijng','54321','france',44,'Beijing',685,'','','Chang','Wu','','Address 1','','beijing','100080','China',44,'Beijing',685,'','','','0.0000',0,0,0,'0.0000',1,2,'USD','1.00000000','2012-06-14 15:52:41','2012-06-14 15:52:41','127.0.0.1'),(100,0,'INV-2011-00',0,'Your Store','http://godropshipping.com/',1,9,'Chang','Wu','wcmilan@126.com','18613579','','wuchang','','','addr1','addr2','beijng','54321','france',44,'Beijing',685,'','','Chang','Wu','','Address 1','','beijing','100080','China',44,'Beijing',685,'','','','0.0000',0,0,0,'0.0000',1,2,'USD','1.00000000','2012-06-14 15:52:41','2012-06-14 15:52:41','127.0.0.1'),(101,0,'INV-2011-00',0,'Your Store','http://godropshipping.com/',1,9,'Chang','Wu','wcmilan@126.com','18613579','','wuchang','','','addr1','addr2','beijng','54321','france',44,'Beijing',685,'','','Chang','Wu','','Address 1','','beijing','100080','China',44,'Beijing',685,'','','','0.0000',0,0,0,'0.0000',1,2,'USD','1.00000000','2012-06-14 15:54:50','2012-06-14 15:54:50','127.0.0.1'),(102,0,'INV-2011-00',0,'Your Store','http://godropshipping.com/',1,9,'Chang','Wu','wcmilan@126.com','18613579','','wuchang','','','addr1','addr2','beijng','54321','france',44,'Beijing',685,'','','Chang','Wu','','Address 1','','beijing','100080','China',44,'Beijing',685,'','','','0.0000',0,0,0,'0.0000',1,2,'USD','1.00000000','2012-06-14 15:54:50','2012-06-14 15:54:50','127.0.0.1'),(103,0,'INV-2011-00',0,'Your Store','http://godropshipping.com/',1,9,'Chang','Wu','wcmilan@126.com','18613579','','wuchang','','','addr1','addr2','beijng','54321','france',44,'Beijing',685,'','','Chang','Wu','','Address 1','','beijing','100080','China',44,'Beijing',685,'','','','0.0000',0,0,0,'0.0000',1,2,'USD','1.00000000','2012-06-14 15:55:27','2012-06-14 15:55:27','127.0.0.1'),(104,0,'INV-2011-00',0,'Your Store','http://godropshipping.com/',1,9,'Chang','Wu','wcmilan@126.com','18613579','','wuchang','','','addr1','addr2','beijng','54321','france',44,'Beijing',685,'','','Chang','Wu','','Address 1','','beijing','100080','China',44,'Beijing',685,'','','','0.0000',0,0,0,'0.0000',1,2,'USD','1.00000000','2012-06-14 15:55:27','2012-06-14 15:55:27','127.0.0.1'),(105,0,'INV-2011-00',0,'Your Store','http://godropshipping.com/',1,9,'Chang','Wu','wcmilan@126.com','18613579','','wuchang','','','addr1','addr2','beijng','54321','france',44,'Beijing',685,'','','Chang','Wu','','Address 1','','beijing','100080','China',44,'Beijing',685,'','','','0.0000',0,0,0,'0.0000',1,2,'USD','1.00000000','2012-06-14 15:56:30','2012-06-14 15:56:30','127.0.0.1'),(106,0,'INV-2011-00',0,'Your Store','http://godropshipping.com/',1,9,'Chang','Wu','wcmilan@126.com','18613579','','wuchang','','','addr1','addr2','beijng','54321','france',44,'Beijing',685,'','','Chang','Wu','','Address 1','','beijing','100080','China',44,'Beijing',685,'','','','0.0000',0,0,0,'0.0000',1,2,'USD','1.00000000','2012-06-14 15:56:30','2012-06-14 15:56:30','127.0.0.1'),(109,0,'INV-2011-00',0,'Your Store','http://godropshipping.com/',1,9,'Chang','Wu','wcmilan@126.com','18613579','','','','','','','','','',0,'',0,'','','','','','','','','','',0,'',0,'','','','0.0000',0,0,0,'0.0000',1,2,'USD','1.00000000','2012-06-14 20:59:06','2012-06-14 20:59:06','127.0.0.1'),(110,0,'INV-2011-00',0,'Your Store','http://godropshipping.com/',1,9,'Chang','Wu','wcmilan@126.com','18613579','','','','','','','','','',0,'',0,'','','','','','','','','','',0,'',0,'','','','0.0000',0,0,0,'0.0000',1,2,'USD','1.00000000','2012-06-14 20:59:07','2012-06-14 20:59:07','127.0.0.1'),(111,0,'INV-2011-00',0,'Your Store','http://godropshipping.com/',1,9,'Chang','Wu','wcmilan@126.com','18613579','','wuchang','','','addr1','addr2','beijng','54321','france',44,'Beijing',685,'','Flat Shipping Rate','Chang','Wu','','Address 1','','beijing','100080','China',44,'Beijing',685,'','','','0.0000',0,0,0,'0.0000',1,3,'EUR','0.79979998','2012-06-14 21:00:47','2012-06-14 21:00:47','127.0.0.1'),(112,0,'INV-2011-00',0,'Your Store','http://godropshipping.com/',1,9,'Chang','Wu','wcmilan@126.com','18613579','','wuchang','','','addr1','addr2','beijng','54321','france',44,'Beijing',685,'','Flat Shipping Rate','Chang','Wu','','Address 1','','beijing','100080','China',44,'Beijing',685,'','','','0.0000',0,0,0,'0.0000',1,3,'EUR','0.79979998','2012-06-14 21:00:47','2012-06-14 21:00:47','127.0.0.1'),(113,0,'INV-2011-00',0,'Your Store','http://godropshipping.com/',1,9,'Chang','Wu','wcmilan@126.com','18613579','','wuchang','','','addr1','addr2','beijng','54321','france',0,'',0,'','','','','','','','','','',0,'',0,'','','','0.0000',0,0,0,'0.0000',1,3,'EUR','0.79979998','2012-06-18 13:07:30','2012-06-18 13:07:30','127.0.0.1'),(114,0,'INV-2011-00',0,'Your Store','http://godropshipping.com/',1,9,'Chang','Wu','wcmilan@126.com','18613579','','wuchang','','','addr1','addr2','beijng','54321','france',0,'',0,'','','','','','','','','','',0,'',0,'','','','0.0000',0,0,0,'0.0000',1,3,'EUR','0.79979998','2012-06-18 13:07:30','2012-06-18 13:07:30','127.0.0.1'),(115,0,'INV-2011-00',0,'Your Store','http://godropshipping.com/',1,9,'Chang','Wu','wcmilan@126.com','18613579','','wuchang','','','addr1','addr2','beijng','54321','france',44,'Beijing',685,'','Flat Shipping Rate','Chang','Wu','','Address 1','','beijing','100080','China',44,'Beijing',685,'','','','0.0000',0,0,0,'0.0000',1,3,'EUR','0.79979998','2012-06-18 13:07:59','2012-06-18 13:07:59','127.0.0.1'),(116,0,'INV-2011-00',0,'Your Store','http://godropshipping.com/',1,9,'Chang','Wu','wcmilan@126.com','18613579','','wuchang','','','addr1','addr2','beijng','54321','france',44,'Beijing',685,'','Flat Shipping Rate','Chang','Wu','','Address 1','','beijing','100080','China',44,'Beijing',685,'','','','0.0000',0,0,0,'0.0000',1,3,'EUR','0.79979998','2012-06-18 13:07:59','2012-06-18 13:07:59','127.0.0.1'),(355,0,'INV-2011-00',0,'Your Store','http://godropshipping.com/',1,9,'Chang','Wu','wcmilan@126.com','18613579','','wuchang','','','addr1','addr2','beijng','54321','france',44,'Beijing',685,'','','Chang','Wu','','Address 1','','beijing','100080','China',44,'Beijing',685,'','','','300.0000',0,0,0,'0.0000',1,2,'USD','1.00000000','2012-06-19 14:35:49','2012-06-19 14:35:49','127.0.0.1'),(119,0,'INV-2011-00',0,'Your Store','http://godropshipping.com/',1,9,'Chang','Wu','wcmilan@126.com','18613579','','','','','','','','','',0,'',0,'','','Chang','Wu','','Address 1','','beijing','100080','China',44,'Beijing',685,'','','','0.0000',0,0,0,'0.0000',1,3,'EUR','0.79979998','2012-06-18 14:30:55','2012-06-18 14:30:55','127.0.0.1'),(120,0,'INV-2011-00',0,'Your Store','http://godropshipping.com/',1,9,'Chang','Wu','wcmilan@126.com','18613579','','','','','','','','','',0,'',0,'','','Chang','Wu','','Address 1','','beijing','100080','China',44,'Beijing',685,'','','','0.0000',0,0,0,'0.0000',1,3,'EUR','0.79979998','2012-06-18 14:30:55','2012-06-18 14:30:55','127.0.0.1'),(121,0,'INV-2011-00',0,'Your Store','http://godropshipping.com/',1,9,'Chang','Wu','wcmilan@126.com','18613579','','','','','','','','','',0,'',0,'','','Chang','Wu','','Address 1','','beijing','100080','China',44,'Beijing',685,'','','','232.0000',0,0,0,'0.0000',1,3,'EUR','0.79979998','2012-06-18 14:41:09','2012-06-18 14:41:09','127.0.0.1'),(122,0,'INV-2011-00',0,'Your Store','http://godropshipping.com/',1,9,'Chang','Wu','wcmilan@126.com','18613579','','','','','','','','','',0,'',0,'','','Chang','Wu','','Address 1','','beijing','100080','China',44,'Beijing',685,'','','','232.0000',0,0,0,'0.0000',1,3,'EUR','0.79979998','2012-06-18 14:41:09','2012-06-18 14:41:09','127.0.0.1'),(123,0,'INV-2011-00',0,'Your Store','http://godropshipping.com/',1,9,'Chang','Wu','wcmilan@126.com','18613579','','','','','','','','','',0,'',0,'','','Chang','Wu','','Address 1','','beijing','100080','China',44,'Beijing',685,'','','','232.0000',0,0,0,'0.0000',1,2,'USD','1.00000000','2012-06-18 14:41:24','2012-06-18 14:41:24','127.0.0.1'),(124,0,'INV-2011-00',0,'Your Store','http://godropshipping.com/',1,9,'Chang','Wu','wcmilan@126.com','18613579','','','','','','','','','',0,'',0,'','','Chang','Wu','','Address 1','','beijing','100080','China',44,'Beijing',685,'','','','232.0000',0,0,0,'0.0000',1,2,'USD','1.00000000','2012-06-18 14:41:24','2012-06-18 14:41:24','127.0.0.1'),(125,0,'INV-2011-00',0,'Your Store','http://godropshipping.com/',1,9,'Chang','Wu','wcmilan@126.com','18613579','','','','','','','','','',0,'',0,'','','Chang','Wu','','Address 1','','beijing','100080','China',44,'Beijing',685,'','','','232.0000',0,0,0,'0.0000',1,2,'USD','1.00000000','2012-06-18 14:48:41','2012-06-18 14:48:41','127.0.0.1'),(126,0,'INV-2011-00',0,'Your Store','http://godropshipping.com/',1,9,'Chang','Wu','wcmilan@126.com','18613579','','','','','','','','','',0,'',0,'','','Chang','Wu','','Address 1','','beijing','100080','China',44,'Beijing',685,'','','','232.0000',0,0,0,'0.0000',1,2,'USD','1.00000000','2012-06-18 14:48:41','2012-06-18 14:48:41','127.0.0.1'),(127,0,'INV-2011-00',0,'Your Store','http://godropshipping.com/',1,9,'Chang','Wu','wcmilan@126.com','18613579','','','','','','','','','',0,'',0,'','','Chang','Wu','','Address 1','','beijing','100080','China',44,'Beijing',685,'','','','232.0000',0,0,0,'0.0000',1,2,'USD','1.00000000','2012-06-18 14:49:31','2012-06-18 14:49:31','127.0.0.1'),(128,0,'INV-2011-00',0,'Your Store','http://godropshipping.com/',1,9,'Chang','Wu','wcmilan@126.com','18613579','','','','','','','','','',0,'',0,'','','Chang','Wu','','Address 1','','beijing','100080','China',44,'Beijing',685,'','','','232.0000',0,0,0,'0.0000',1,2,'USD','1.00000000','2012-06-18 14:49:31','2012-06-18 14:49:31','127.0.0.1'),(129,0,'INV-2011-00',0,'Your Store','http://godropshipping.com/',1,9,'Chang','Wu','wcmilan@126.com','18613579','','','','','','','','','',0,'',0,'','','Chang','Wu','','Address 1','','beijing','100080','China',44,'Beijing',685,'','','','0.0000',0,0,0,'0.0000',1,2,'USD','1.00000000','2012-06-18 14:53:53','2012-06-18 14:53:53','127.0.0.1'),(130,0,'INV-2011-00',0,'Your Store','http://godropshipping.com/',1,9,'Chang','Wu','wcmilan@126.com','18613579','','','','','','','','','',0,'',0,'','','Chang','Wu','','Address 1','','beijing','100080','China',44,'Beijing',685,'','','','0.0000',0,0,0,'0.0000',1,2,'USD','1.00000000','2012-06-18 14:53:53','2012-06-18 14:53:53','127.0.0.1'),(131,0,'INV-2011-00',0,'Your Store','http://godropshipping.com/',1,9,'Chang','Wu','wcmilan@126.com','18613579','','','','','','','','','',0,'',0,'','','Chang','Wu','','Address 1','','beijing','100080','China',44,'Beijing',685,'','','','0.0000',0,0,0,'0.0000',1,2,'USD','1.00000000','2012-06-18 14:59:43','2012-06-18 14:59:43','127.0.0.1'),(132,0,'INV-2011-00',0,'Your Store','http://godropshipping.com/',1,9,'Chang','Wu','wcmilan@126.com','18613579','','','','','','','','','',0,'',0,'','','Chang','Wu','','Address 1','','beijing','100080','China',44,'Beijing',685,'','','','0.0000',0,0,0,'0.0000',1,2,'USD','1.00000000','2012-06-18 14:59:43','2012-06-18 14:59:43','127.0.0.1'),(133,0,'INV-2011-00',0,'Your Store','http://godropshipping.com/',1,9,'Chang','Wu','wcmilan@126.com','18613579','','','','','','','','','',0,'',0,'','','Chang','Wu','','Address 1','','beijing','100080','China',44,'Beijing',685,'','','','0.0000',0,0,0,'0.0000',1,2,'USD','1.00000000','2012-06-18 16:11:39','2012-06-18 16:11:39','127.0.0.1'),(134,0,'INV-2011-00',0,'Your Store','http://godropshipping.com/',1,9,'Chang','Wu','wcmilan@126.com','18613579','','','','','','','','','',0,'',0,'','','Chang','Wu','','Address 1','','beijing','100080','China',44,'Beijing',685,'','','','0.0000',0,0,0,'0.0000',1,2,'USD','1.00000000','2012-06-18 16:11:44','2012-06-18 16:11:44','127.0.0.1'),(135,0,'INV-2011-00',0,'Your Store','http://godropshipping.com/',1,9,'Chang','Wu','wcmilan@126.com','18613579','','','','','','','','','',0,'',0,'','','Chang','Wu','','Address 1','','beijing','100080','China',44,'Beijing',685,'','','','0.0000',0,0,0,'0.0000',1,2,'USD','1.00000000','2012-06-18 16:12:27','2012-06-18 16:12:27','127.0.0.1'),(136,0,'INV-2011-00',0,'Your Store','http://godropshipping.com/',1,9,'Chang','Wu','wcmilan@126.com','18613579','','','','','','','','','',0,'',0,'','','Chang','Wu','','Address 1','','beijing','100080','China',44,'Beijing',685,'','','','0.0000',0,0,0,'0.0000',1,2,'USD','1.00000000','2012-06-18 16:12:31','2012-06-18 16:12:31','127.0.0.1'),(137,0,'INV-2011-00',0,'Your Store','http://godropshipping.com/',1,9,'Chang','Wu','wcmilan@126.com','18613579','','','','','','','','','',0,'',0,'','','Chang','Wu','','Address 1','','beijing','100080','China',44,'Beijing',685,'','','','0.0000',0,0,0,'0.0000',1,2,'USD','1.00000000','2012-06-18 16:19:20','2012-06-18 16:19:20','127.0.0.1'),(138,0,'INV-2011-00',0,'Your Store','http://godropshipping.com/',1,9,'Chang','Wu','wcmilan@126.com','18613579','','','','','','','','','',0,'',0,'','','Chang','Wu','','Address 1','','beijing','100080','China',44,'Beijing',685,'','','','0.0000',0,0,0,'0.0000',1,2,'USD','1.00000000','2012-06-18 16:19:22','2012-06-18 16:19:22','127.0.0.1'),(139,0,'INV-2011-00',0,'Your Store','http://godropshipping.com/',1,9,'Chang','Wu','wcmilan@126.com','18613579','','','','','','','','','',0,'',0,'','','Chang','Wu','','Address 1','','beijing','100080','China',44,'Beijing',685,'','','','0.0000',0,0,0,'0.0000',1,2,'USD','1.00000000','2012-06-18 17:11:32','2012-06-18 17:11:32','127.0.0.1'),(140,0,'INV-2011-00',0,'Your Store','http://godropshipping.com/',1,9,'Chang','Wu','wcmilan@126.com','18613579','','','','','','','','','',0,'',0,'','','Chang','Wu','','Address 1','','beijing','100080','China',44,'Beijing',685,'','','','0.0000',0,0,0,'0.0000',1,2,'USD','1.00000000','2012-06-18 17:11:34','2012-06-18 17:11:34','127.0.0.1'),(141,0,'INV-2011-00',0,'Your Store','http://godropshipping.com/',1,9,'Chang','Wu','wcmilan@126.com','18613579','','','','','','','','','',0,'',0,'','','Chang','Wu','','Address 1','','beijing','100080','China',44,'Beijing',685,'','','','200.0000',0,0,0,'0.0000',1,2,'USD','1.00000000','2012-06-18 17:14:54','2012-06-18 17:14:54','127.0.0.1'),(142,0,'INV-2011-00',0,'Your Store','http://godropshipping.com/',1,9,'Chang','Wu','wcmilan@126.com','18613579','','','','','','','','','',0,'',0,'','','Chang','Wu','','Address 1','','beijing','100080','China',44,'Beijing',685,'','','','200.0000',0,0,0,'0.0000',1,2,'USD','1.00000000','2012-06-18 17:14:54','2012-06-18 17:14:54','127.0.0.1'),(143,0,'INV-2011-00',0,'Your Store','http://godropshipping.com/',1,9,'Chang','Wu','wcmilan@126.com','18613579','','','','','','','','','',0,'',0,'','','Chang','Wu','','Address 1','','beijing','100080','China',44,'Beijing',685,'','','','300.0000',0,0,0,'0.0000',1,2,'USD','1.00000000','2012-06-18 17:26:09','2012-06-18 17:26:09','127.0.0.1'),(144,0,'INV-2011-00',0,'Your Store','http://godropshipping.com/',1,9,'Chang','Wu','wcmilan@126.com','18613579','','','','','','','','','',0,'',0,'','','Chang','Wu','','Address 1','','beijing','100080','China',44,'Beijing',685,'','','','200.0000',0,0,0,'0.0000',1,2,'USD','1.00000000','2012-06-18 17:26:09','2012-06-18 17:26:09','127.0.0.1'),(145,0,'INV-2011-00',0,'Your Store','http://godropshipping.com/',1,9,'Chang','Wu','wcmilan@126.com','18613579','','','','','','','','','',0,'',0,'','','Chang','Wu','','Address 1','','beijing','100080','China',44,'Beijing',685,'','','','300.0000',0,0,0,'0.0000',1,2,'USD','1.00000000','2012-06-18 18:11:00','2012-06-18 18:11:00','127.0.0.1'),(146,0,'INV-2011-00',0,'Your Store','http://godropshipping.com/',1,9,'Chang','Wu','wcmilan@126.com','18613579','','','','','','','','','',0,'',0,'','','Chang','Wu','','Address 1','','beijing','100080','China',44,'Beijing',685,'','','','200.0000',0,0,0,'0.0000',1,2,'USD','1.00000000','2012-06-18 18:11:00','2012-06-18 18:11:00','127.0.0.1'),(147,0,'INV-2011-00',0,'Your Store','http://godropshipping.com/',1,9,'Chang','Wu','wcmilan@126.com','18613579','','','','','','','','','',0,'',0,'','','Chang','Wu','','Address 1','','beijing','100080','China',44,'Beijing',685,'','','','300.0000',0,0,0,'0.0000',1,2,'USD','1.00000000','2012-06-18 18:12:06','2012-06-18 18:12:06','127.0.0.1'),(148,0,'INV-2011-00',0,'Your Store','http://godropshipping.com/',1,9,'Chang','Wu','wcmilan@126.com','18613579','','','','','','','','','',0,'',0,'','','Chang','Wu','','Address 1','','beijing','100080','China',44,'Beijing',685,'','','','200.0000',0,0,0,'0.0000',1,2,'USD','1.00000000','2012-06-18 18:12:06','2012-06-18 18:12:06','127.0.0.1'),(149,0,'INV-2011-00',0,'Your Store','http://godropshipping.com/',1,9,'Chang','Wu','wcmilan@126.com','18613579','','','','','','','','','',0,'',0,'','','Chang','Wu','','Address 1','','beijing','100080','China',44,'Beijing',685,'','','','300.0000',0,0,0,'0.0000',1,2,'USD','1.00000000','2012-06-18 18:13:13','2012-06-18 18:13:13','127.0.0.1'),(150,0,'INV-2011-00',0,'Your Store','http://godropshipping.com/',1,9,'Chang','Wu','wcmilan@126.com','18613579','','','','','','','','','',0,'',0,'','','Chang','Wu','','Address 1','','beijing','100080','China',44,'Beijing',685,'','','','200.0000',0,0,0,'0.0000',1,2,'USD','1.00000000','2012-06-18 18:13:13','2012-06-18 18:13:13','127.0.0.1'),(151,0,'INV-2011-00',0,'Your Store','http://godropshipping.com/',1,9,'Chang','Wu','wcmilan@126.com','18613579','','','','','','','','','',0,'',0,'','','Chang','Wu','','Address 1','','beijing','100080','China',44,'Beijing',685,'','','','300.0000',0,0,0,'0.0000',1,2,'USD','1.00000000','2012-06-18 18:15:35','2012-06-18 18:15:35','127.0.0.1'),(152,0,'INV-2011-00',0,'Your Store','http://godropshipping.com/',1,9,'Chang','Wu','wcmilan@126.com','18613579','','','','','','','','','',0,'',0,'','','Chang','Wu','','Address 1','','beijing','100080','China',44,'Beijing',685,'','','','200.0000',0,0,0,'0.0000',1,2,'USD','1.00000000','2012-06-18 18:15:35','2012-06-18 18:15:35','127.0.0.1'),(153,0,'INV-2011-00',0,'Your Store','http://godropshipping.com/',1,9,'Chang','Wu','wcmilan@126.com','18613579','','','','','','','','','',0,'',0,'','','Chang','Wu','','Address 1','','beijing','100080','China',44,'Beijing',685,'','','','300.0000',0,0,0,'0.0000',1,2,'USD','1.00000000','2012-06-18 18:17:04','2012-06-18 18:17:04','127.0.0.1'),(154,0,'INV-2011-00',0,'Your Store','http://godropshipping.com/',1,9,'Chang','Wu','wcmilan@126.com','18613579','','','','','','','','','',0,'',0,'','','Chang','Wu','','Address 1','','beijing','100080','China',44,'Beijing',685,'','','','200.0000',0,0,0,'0.0000',1,2,'USD','1.00000000','2012-06-18 18:17:04','2012-06-18 18:17:04','127.0.0.1'),(155,0,'INV-2011-00',0,'Your Store','http://godropshipping.com/',1,9,'Chang','Wu','wcmilan@126.com','18613579','','','','','','','','','',0,'',0,'','','Chang','Wu','','Address 1','','beijing','100080','China',44,'Beijing',685,'','','','300.0000',0,0,0,'0.0000',1,2,'USD','1.00000000','2012-06-18 18:18:03','2012-06-18 18:18:03','127.0.0.1'),(156,0,'INV-2011-00',0,'Your Store','http://godropshipping.com/',1,9,'Chang','Wu','wcmilan@126.com','18613579','','','','','','','','','',0,'',0,'','','Chang','Wu','','Address 1','','beijing','100080','China',44,'Beijing',685,'','','','200.0000',0,0,0,'0.0000',1,2,'USD','1.00000000','2012-06-18 18:18:04','2012-06-18 18:18:04','127.0.0.1'),(157,0,'INV-2011-00',0,'Your Store','http://godropshipping.com/',1,9,'Chang','Wu','wcmilan@126.com','18613579','','','','','','','','','',0,'',0,'','','Chang','Wu','','Address 1','','beijing','100080','China',44,'Beijing',685,'','','','300.0000',0,0,0,'0.0000',1,2,'USD','1.00000000','2012-06-18 18:19:58','2012-06-18 18:19:58','127.0.0.1'),(158,0,'INV-2011-00',0,'Your Store','http://godropshipping.com/',1,9,'Chang','Wu','wcmilan@126.com','18613579','','','','','','','','','',0,'',0,'','','Chang','Wu','','Address 1','','beijing','100080','China',44,'Beijing',685,'','','','200.0000',0,0,0,'0.0000',1,2,'USD','1.00000000','2012-06-18 18:19:58','2012-06-18 18:19:58','127.0.0.1'),(159,0,'INV-2011-00',0,'Your Store','http://godropshipping.com/',1,9,'Chang','Wu','wcmilan@126.com','18613579','','','','','','','','','',0,'',0,'','','Chang','Wu','','Address 1','','beijing','100080','China',44,'Beijing',685,'','','','300.0000',0,0,0,'0.0000',1,2,'USD','1.00000000','2012-06-18 18:20:51','2012-06-18 18:20:51','127.0.0.1'),(160,0,'INV-2011-00',0,'Your Store','http://godropshipping.com/',1,9,'Chang','Wu','wcmilan@126.com','18613579','','','','','','','','','',0,'',0,'','','Chang','Wu','','Address 1','','beijing','100080','China',44,'Beijing',685,'','','','200.0000',0,0,0,'0.0000',1,2,'USD','1.00000000','2012-06-18 18:20:51','2012-06-18 18:20:51','127.0.0.1'),(161,0,'INV-2011-00',0,'Your Store','http://godropshipping.com/',1,9,'Chang','Wu','wcmilan@126.com','18613579','','','','','','','','','',0,'',0,'','','Chang','Wu','','Address 1','','beijing','100080','China',44,'Beijing',685,'','','','300.0000',0,0,0,'0.0000',1,2,'USD','1.00000000','2012-06-18 18:21:32','2012-06-18 18:21:32','127.0.0.1'),(162,0,'INV-2011-00',0,'Your Store','http://godropshipping.com/',1,9,'Chang','Wu','wcmilan@126.com','18613579','','','','','','','','','',0,'',0,'','','Chang','Wu','','Address 1','','beijing','100080','China',44,'Beijing',685,'','','','200.0000',0,0,0,'0.0000',1,2,'USD','1.00000000','2012-06-18 18:21:32','2012-06-18 18:21:32','127.0.0.1'),(163,0,'INV-2011-00',0,'Your Store','http://godropshipping.com/',1,9,'Chang','Wu','wcmilan@126.com','18613579','','','','','','','','','',0,'',0,'','','Chang','Wu','','Address 1','','beijing','100080','China',44,'Beijing',685,'','','','300.0000',0,0,0,'0.0000',1,2,'USD','1.00000000','2012-06-18 18:22:08','2012-06-18 18:22:08','127.0.0.1'),(164,0,'INV-2011-00',0,'Your Store','http://godropshipping.com/',1,9,'Chang','Wu','wcmilan@126.com','18613579','','','','','','','','','',0,'',0,'','','Chang','Wu','','Address 1','','beijing','100080','China',44,'Beijing',685,'','','','200.0000',0,0,0,'0.0000',1,2,'USD','1.00000000','2012-06-18 18:22:08','2012-06-18 18:22:08','127.0.0.1'),(165,0,'INV-2011-00',0,'Your Store','http://godropshipping.com/',1,9,'Chang','Wu','wcmilan@126.com','18613579','','','','','','','','','',0,'',0,'','','Chang','Wu','','Address 1','','beijing','100080','China',44,'Beijing',685,'','','','300.0000',0,0,0,'0.0000',1,2,'USD','1.00000000','2012-06-18 18:22:40','2012-06-18 18:22:40','127.0.0.1'),(166,0,'INV-2011-00',0,'Your Store','http://godropshipping.com/',1,9,'Chang','Wu','wcmilan@126.com','18613579','','','','','','','','','',0,'',0,'','','Chang','Wu','','Address 1','','beijing','100080','China',44,'Beijing',685,'','','','200.0000',0,0,0,'0.0000',1,2,'USD','1.00000000','2012-06-18 18:22:40','2012-06-18 18:22:40','127.0.0.1'),(167,0,'INV-2011-00',0,'Your Store','http://godropshipping.com/',1,9,'Chang','Wu','wcmilan@126.com','18613579','','','','','','','','','',0,'',0,'','','Chang','Wu','','Address 1','','beijing','100080','China',44,'Beijing',685,'','','','300.0000',0,0,0,'0.0000',1,2,'USD','1.00000000','2012-06-18 18:23:33','2012-06-18 18:23:33','127.0.0.1'),(168,0,'INV-2011-00',0,'Your Store','http://godropshipping.com/',1,9,'Chang','Wu','wcmilan@126.com','18613579','','','','','','','','','',0,'',0,'','','Chang','Wu','','Address 1','','beijing','100080','China',44,'Beijing',685,'','','','200.0000',0,0,0,'0.0000',1,2,'USD','1.00000000','2012-06-18 18:23:33','2012-06-18 18:23:33','127.0.0.1'),(169,0,'INV-2011-00',0,'Your Store','http://godropshipping.com/',1,9,'Chang','Wu','wcmilan@126.com','18613579','','','','','','','','','',0,'',0,'','','Chang','Wu','','Address 1','','beijing','100080','China',44,'Beijing',685,'','','','300.0000',0,0,0,'0.0000',1,2,'USD','1.00000000','2012-06-18 18:23:45','2012-06-18 18:23:45','127.0.0.1'),(170,0,'INV-2011-00',0,'Your Store','http://godropshipping.com/',1,9,'Chang','Wu','wcmilan@126.com','18613579','','','','','','','','','',0,'',0,'','','Chang','Wu','','Address 1','','beijing','100080','China',44,'Beijing',685,'','','','200.0000',0,0,0,'0.0000',1,2,'USD','1.00000000','2012-06-18 18:23:45','2012-06-18 18:23:45','127.0.0.1'),(171,0,'INV-2011-00',0,'Your Store','http://godropshipping.com/',1,9,'Chang','Wu','wcmilan@126.com','18613579','','','','','','','','','',0,'',0,'','','Chang','Wu','','Address 1','','beijing','100080','China',44,'Beijing',685,'','','','300.0000',0,0,0,'0.0000',1,2,'USD','1.00000000','2012-06-18 18:24:13','2012-06-18 18:24:13','127.0.0.1'),(172,0,'INV-2011-00',0,'Your Store','http://godropshipping.com/',1,9,'Chang','Wu','wcmilan@126.com','18613579','','','','','','','','','',0,'',0,'','','Chang','Wu','','Address 1','','beijing','100080','China',44,'Beijing',685,'','','','200.0000',0,0,0,'0.0000',1,2,'USD','1.00000000','2012-06-18 18:24:13','2012-06-18 18:24:13','127.0.0.1'),(173,0,'INV-2011-00',0,'Your Store','http://godropshipping.com/',1,9,'Chang','Wu','wcmilan@126.com','18613579','','','','','','','','','',0,'',0,'','','Chang','Wu','','Address 1','','beijing','100080','China',44,'Beijing',685,'','','','300.0000',0,0,0,'0.0000',1,2,'USD','1.00000000','2012-06-18 18:24:22','2012-06-18 18:24:22','127.0.0.1'),(174,0,'INV-2011-00',0,'Your Store','http://godropshipping.com/',1,9,'Chang','Wu','wcmilan@126.com','18613579','','','','','','','','','',0,'',0,'','','Chang','Wu','','Address 1','','beijing','100080','China',44,'Beijing',685,'','','','200.0000',0,0,0,'0.0000',1,2,'USD','1.00000000','2012-06-18 18:24:22','2012-06-18 18:24:22','127.0.0.1'),(175,0,'INV-2011-00',0,'Your Store','http://godropshipping.com/',1,9,'Chang','Wu','wcmilan@126.com','18613579','','','','','','','','','',0,'',0,'','','Chang','Wu','','Address 1','','beijing','100080','China',44,'Beijing',685,'','','','300.0000',0,0,0,'0.0000',1,2,'USD','1.00000000','2012-06-18 18:24:41','2012-06-18 18:24:41','127.0.0.1'),(176,0,'INV-2011-00',0,'Your Store','http://godropshipping.com/',1,9,'Chang','Wu','wcmilan@126.com','18613579','','','','','','','','','',0,'',0,'','','Chang','Wu','','Address 1','','beijing','100080','China',44,'Beijing',685,'','','','200.0000',0,0,0,'0.0000',1,2,'USD','1.00000000','2012-06-18 18:24:41','2012-06-18 18:24:41','127.0.0.1'),(177,0,'INV-2011-00',0,'Your Store','http://godropshipping.com/',1,9,'Chang','Wu','wcmilan@126.com','18613579','','','','','','','','','',0,'',0,'','','Chang','Wu','','Address 1','','beijing','100080','China',44,'Beijing',685,'','','','300.0000',0,0,0,'0.0000',1,2,'USD','1.00000000','2012-06-18 18:25:39','2012-06-18 18:25:39','127.0.0.1'),(178,0,'INV-2011-00',0,'Your Store','http://godropshipping.com/',1,9,'Chang','Wu','wcmilan@126.com','18613579','','','','','','','','','',0,'',0,'','','Chang','Wu','','Address 1','','beijing','100080','China',44,'Beijing',685,'','','','200.0000',0,0,0,'0.0000',1,2,'USD','1.00000000','2012-06-18 18:25:39','2012-06-18 18:25:39','127.0.0.1'),(179,0,'INV-2011-00',0,'Your Store','http://godropshipping.com/',1,9,'Chang','Wu','wcmilan@126.com','18613579','','','','','','','','','',0,'',0,'','','Chang','Wu','','Address 1','','beijing','100080','China',44,'Beijing',685,'','','','300.0000',0,0,0,'0.0000',1,2,'USD','1.00000000','2012-06-18 18:26:00','2012-06-18 18:26:00','127.0.0.1'),(180,0,'INV-2011-00',0,'Your Store','http://godropshipping.com/',1,9,'Chang','Wu','wcmilan@126.com','18613579','','','','','','','','','',0,'',0,'','','Chang','Wu','','Address 1','','beijing','100080','China',44,'Beijing',685,'','','','200.0000',0,0,0,'0.0000',1,2,'USD','1.00000000','2012-06-18 18:26:00','2012-06-18 18:26:00','127.0.0.1'),(181,0,'INV-2011-00',0,'Your Store','http://godropshipping.com/',1,9,'Chang','Wu','wcmilan@126.com','18613579','','','','','','','','','',0,'',0,'','','Chang','Wu','','Address 1','','beijing','100080','China',44,'Beijing',685,'','','','300.0000',0,0,0,'0.0000',1,2,'USD','1.00000000','2012-06-18 18:26:12','2012-06-18 18:26:12','127.0.0.1'),(182,0,'INV-2011-00',0,'Your Store','http://godropshipping.com/',1,9,'Chang','Wu','wcmilan@126.com','18613579','','','','','','','','','',0,'',0,'','','Chang','Wu','','Address 1','','beijing','100080','China',44,'Beijing',685,'','','','200.0000',0,0,0,'0.0000',1,2,'USD','1.00000000','2012-06-18 18:26:12','2012-06-18 18:26:12','127.0.0.1'),(183,0,'INV-2011-00',0,'Your Store','http://godropshipping.com/',1,9,'Chang','Wu','wcmilan@126.com','18613579','','','','','','','','','',0,'',0,'','','Chang','Wu','','Address 1','','beijing','100080','China',44,'Beijing',685,'','','','300.0000',0,0,0,'0.0000',1,2,'USD','1.00000000','2012-06-18 18:26:28','2012-06-18 18:26:28','127.0.0.1'),(184,0,'INV-2011-00',0,'Your Store','http://godropshipping.com/',1,9,'Chang','Wu','wcmilan@126.com','18613579','','','','','','','','','',0,'',0,'','','Chang','Wu','','Address 1','','beijing','100080','China',44,'Beijing',685,'','','','200.0000',0,0,0,'0.0000',1,2,'USD','1.00000000','2012-06-18 18:26:28','2012-06-18 18:26:28','127.0.0.1'),(185,0,'INV-2011-00',0,'Your Store','http://godropshipping.com/',1,9,'Chang','Wu','wcmilan@126.com','18613579','','','','','','','','','',0,'',0,'','','Chang','Wu','','Address 1','','beijing','100080','China',44,'Beijing',685,'','','','300.0000',0,0,0,'0.0000',1,2,'USD','1.00000000','2012-06-18 18:27:44','2012-06-18 18:27:44','127.0.0.1'),(186,0,'INV-2011-00',0,'Your Store','http://godropshipping.com/',1,9,'Chang','Wu','wcmilan@126.com','18613579','','','','','','','','','',0,'',0,'','','Chang','Wu','','Address 1','','beijing','100080','China',44,'Beijing',685,'','','','200.0000',0,0,0,'0.0000',1,2,'USD','1.00000000','2012-06-18 18:27:44','2012-06-18 18:27:44','127.0.0.1'),(187,0,'INV-2011-00',0,'Your Store','http://godropshipping.com/',1,9,'Chang','Wu','wcmilan@126.com','18613579','','','','','','','','','',0,'',0,'','','Chang','Wu','','Address 1','','beijing','100080','China',44,'Beijing',685,'','','','300.0000',0,0,0,'0.0000',1,2,'USD','1.00000000','2012-06-18 18:28:05','2012-06-18 18:28:05','127.0.0.1'),(188,0,'INV-2011-00',0,'Your Store','http://godropshipping.com/',1,9,'Chang','Wu','wcmilan@126.com','18613579','','','','','','','','','',0,'',0,'','','Chang','Wu','','Address 1','','beijing','100080','China',44,'Beijing',685,'','','','200.0000',0,0,0,'0.0000',1,2,'USD','1.00000000','2012-06-18 18:28:05','2012-06-18 18:28:05','127.0.0.1'),(189,0,'INV-2011-00',0,'Your Store','http://godropshipping.com/',1,9,'Chang','Wu','wcmilan@126.com','18613579','','','','','','','','','',0,'',0,'','','Chang','Wu','','Address 1','','beijing','100080','China',44,'Beijing',685,'','','','300.0000',0,0,0,'0.0000',1,2,'USD','1.00000000','2012-06-18 18:28:22','2012-06-18 18:28:22','127.0.0.1'),(190,0,'INV-2011-00',0,'Your Store','http://godropshipping.com/',1,9,'Chang','Wu','wcmilan@126.com','18613579','','','','','','','','','',0,'',0,'','','Chang','Wu','','Address 1','','beijing','100080','China',44,'Beijing',685,'','','','200.0000',0,0,0,'0.0000',1,2,'USD','1.00000000','2012-06-18 18:28:22','2012-06-18 18:28:22','127.0.0.1'),(191,0,'INV-2011-00',0,'Your Store','http://godropshipping.com/',1,9,'Chang','Wu','wcmilan@126.com','18613579','','','','','','','','','',0,'',0,'','','Chang','Wu','','Address 1','','beijing','100080','China',44,'Beijing',685,'','','','300.0000',0,0,0,'0.0000',1,2,'USD','1.00000000','2012-06-18 18:29:08','2012-06-18 18:29:08','127.0.0.1'),(192,0,'INV-2011-00',0,'Your Store','http://godropshipping.com/',1,9,'Chang','Wu','wcmilan@126.com','18613579','','','','','','','','','',0,'',0,'','','Chang','Wu','','Address 1','','beijing','100080','China',44,'Beijing',685,'','','','200.0000',0,0,0,'0.0000',1,2,'USD','1.00000000','2012-06-18 18:29:08','2012-06-18 18:29:08','127.0.0.1'),(193,0,'INV-2011-00',0,'Your Store','http://godropshipping.com/',1,9,'Chang','Wu','wcmilan@126.com','18613579','','','','','','','','','',0,'',0,'','','Chang','Wu','','Address 1','','beijing','100080','China',44,'Beijing',685,'','','','300.0000',0,0,0,'0.0000',1,2,'USD','1.00000000','2012-06-18 18:29:37','2012-06-18 18:29:37','127.0.0.1'),(194,0,'INV-2011-00',0,'Your Store','http://godropshipping.com/',1,9,'Chang','Wu','wcmilan@126.com','18613579','','','','','','','','','',0,'',0,'','','Chang','Wu','','Address 1','','beijing','100080','China',44,'Beijing',685,'','','','200.0000',0,0,0,'0.0000',1,2,'USD','1.00000000','2012-06-18 18:29:37','2012-06-18 18:29:37','127.0.0.1'),(197,0,'INV-2011-00',0,'Your Store','http://godropshipping.com/',1,9,'Chang','Wu','wcmilan@126.com','18613579','','','','','','','','','',0,'',0,'','','Chang','Wu','','Address 1','','beijing','100080','China',44,'Beijing',685,'','','','300.0000',0,0,0,'0.0000',1,2,'USD','1.00000000','2012-06-18 18:30:56','2012-06-18 18:30:56','127.0.0.1'),(198,0,'INV-2011-00',0,'Your Store','http://godropshipping.com/',1,9,'Chang','Wu','wcmilan@126.com','18613579','','','','','','','','','',0,'',0,'','','Chang','Wu','','Address 1','','beijing','100080','China',44,'Beijing',685,'','','','200.0000',0,0,0,'0.0000',1,2,'USD','1.00000000','2012-06-18 18:31:01','2012-06-18 18:31:01','127.0.0.1'),(199,0,'INV-2011-00',0,'Your Store','http://godropshipping.com/',1,9,'Chang','Wu','wcmilan@126.com','18613579','','','','','','','','','',0,'',0,'','','Chang','Wu','','Address 1','','beijing','100080','China',44,'Beijing',685,'','','','300.0000',0,0,0,'0.0000',1,2,'USD','1.00000000','2012-06-18 18:40:58','2012-06-18 18:40:58','127.0.0.1'),(200,0,'INV-2011-00',0,'Your Store','http://godropshipping.com/',1,9,'Chang','Wu','wcmilan@126.com','18613579','','','','','','','','','',0,'',0,'','','Chang','Wu','','Address 1','','beijing','100080','China',44,'Beijing',685,'','','','200.0000',0,0,0,'0.0000',1,2,'USD','1.00000000','2012-06-18 18:41:00','2012-06-18 18:41:00','127.0.0.1'),(201,0,'INV-2011-00',0,'Your Store','http://godropshipping.com/',1,9,'Chang','Wu','wcmilan@126.com','18613579','','wuchang','','','addr1','addr2','beijng','54321','france',44,'Beijing',685,'','Flat Shipping Rate','Chang','Wu','','Address 1','','beijing','100080','China',44,'Beijing',685,'','','','300.0000',0,0,0,'0.0000',1,2,'USD','1.00000000','2012-06-18 19:05:18','2012-06-18 19:05:18','127.0.0.1'),(202,0,'INV-2011-00',0,'Your Store','http://godropshipping.com/',1,9,'Chang','Wu','wcmilan@126.com','18613579','','wuchang','','','addr1','addr2','beijng','54321','france',44,'Beijing',685,'','Flat Shipping Rate','Chang','Wu','','Address 1','','beijing','100080','China',44,'Beijing',685,'','','','200.0000',0,0,0,'0.0000',1,2,'USD','1.00000000','2012-06-18 19:05:20','2012-06-18 19:05:20','127.0.0.1'),(203,0,'INV-2011-00',0,'Your Store','http://godropshipping.com/',1,9,'Chang','Wu','wcmilan@126.com','123456','','Chang','Wu','','Address 1','','beijing','100080','China',44,'Beijing',685,'','Flat Shipping Rate','Chang','Wu','','Address 1','','beijing','100080','China',44,'Beijing',685,'','Cash On Delivery','','205.0000',0,0,0,'0.0000',1,2,'USD','1.00000000','2012-06-18 19:23:26','2012-06-18 19:23:26','127.0.0.1'),(204,0,'INV-2011-00',0,'Your Store','http://godropshipping.com/',1,9,'Chang','Wu','wcmilan@126.com','18613579','','wuchang','','','addr1','addr2','beijng','54321','france',44,'Beijing',685,'','Flat Shipping Rate','Chang','Wu','','Address 1','','beijing','100080','China',44,'Beijing',685,'','Cash On Delivery','','300.0000',0,0,0,'0.0000',1,2,'USD','1.00000000','2012-06-18 21:46:32','2012-06-18 21:46:32','127.0.0.1'),(205,0,'INV-2011-00',0,'Your Store','http://godropshipping.com/',1,9,'Chang','Wu','wcmilan@126.com','18613579','','wuchang','','','addr1','addr2','beijng','54321','france',44,'Beijing',685,'','Flat Shipping Rate','Chang','Wu','','Address 1','','beijing','100080','China',44,'Beijing',685,'','Cash On Delivery','','200.0000',0,0,0,'0.0000',1,2,'USD','1.00000000','2012-06-18 21:46:32','2012-06-18 21:46:32','127.0.0.1'),(206,0,'INV-2011-00',0,'Your Store','http://godropshipping.com/',1,9,'Chang','Wu','wcmilan@126.com','18613579','','wuchang','','','addr1','addr2','beijng','54321','france',44,'Beijing',685,'','Flat Shipping Rate','Chang','Wu','','Address 1','','beijing','100080','China',44,'Beijing',685,'','Cash On Delivery','','300.0000',0,0,0,'0.0000',1,2,'USD','1.00000000','2012-06-18 21:47:36','2012-06-18 21:47:36','127.0.0.1'),(207,0,'INV-2011-00',0,'Your Store','http://godropshipping.com/',1,9,'Chang','Wu','wcmilan@126.com','18613579','','wuchang','','','addr1','addr2','beijng','54321','france',44,'Beijing',685,'','Flat Shipping Rate','Chang','Wu','','Address 1','','beijing','100080','China',44,'Beijing',685,'','Cash On Delivery','','200.0000',0,0,0,'0.0000',1,2,'USD','1.00000000','2012-06-18 21:47:36','2012-06-18 21:47:36','127.0.0.1'),(208,0,'INV-2011-00',0,'Your Store','http://godropshipping.com/',1,9,'Chang','Wu','wcmilan@126.com','18613579','','wuchang','','','addr1','addr2','beijng','54321','france',44,'Beijing',685,'','Flat Shipping Rate','Chang','Wu','','Address 1','','beijing','100080','China',44,'Beijing',685,'','Cash On Delivery','','300.0000',0,0,0,'0.0000',1,2,'USD','1.00000000','2012-06-18 21:49:53','2012-06-18 21:49:53','127.0.0.1'),(209,0,'INV-2011-00',0,'Your Store','http://godropshipping.com/',1,9,'Chang','Wu','wcmilan@126.com','18613579','','wuchang','','','addr1','addr2','beijng','54321','france',44,'Beijing',685,'','Flat Shipping Rate','Chang','Wu','','Address 1','','beijing','100080','China',44,'Beijing',685,'','Cash On Delivery','','200.0000',0,0,0,'0.0000',1,2,'USD','1.00000000','2012-06-18 21:49:53','2012-06-18 21:49:53','127.0.0.1'),(210,0,'INV-2011-00',0,'Your Store','http://godropshipping.com/',1,9,'Chang','Wu','wcmilan@126.com','18613579','','wuchang','','','addr1','addr2','beijng','54321','france',44,'Beijing',685,'','Flat Shipping Rate','Chang','Wu','','Address 1','','beijing','100080','China',44,'Beijing',685,'','Cash On Delivery','','300.0000',0,0,0,'0.0000',1,2,'USD','1.00000000','2012-06-18 21:50:11','2012-06-18 21:50:11','127.0.0.1'),(211,0,'INV-2011-00',0,'Your Store','http://godropshipping.com/',1,9,'Chang','Wu','wcmilan@126.com','18613579','','wuchang','','','addr1','addr2','beijng','54321','france',44,'Beijing',685,'','Flat Shipping Rate','Chang','Wu','','Address 1','','beijing','100080','China',44,'Beijing',685,'','Cash On Delivery','','200.0000',0,0,0,'0.0000',1,2,'USD','1.00000000','2012-06-18 21:50:11','2012-06-18 21:50:11','127.0.0.1'),(212,0,'INV-2011-00',0,'Your Store','http://godropshipping.com/',1,9,'Chang','Wu','wcmilan@126.com','18613579','','wuchang','','','addr1','addr2','beijng','54321','france',44,'Beijing',685,'','Flat Shipping Rate','Chang','Wu','','Address 1','','beijing','100080','China',44,'Beijing',685,'','Cash On Delivery','','300.0000',0,0,0,'0.0000',1,2,'USD','1.00000000','2012-06-18 21:50:26','2012-06-18 21:50:26','127.0.0.1'),(213,0,'INV-2011-00',0,'Your Store','http://godropshipping.com/',1,9,'Chang','Wu','wcmilan@126.com','18613579','','wuchang','','','addr1','addr2','beijng','54321','france',44,'Beijing',685,'','Flat Shipping Rate','Chang','Wu','','Address 1','','beijing','100080','China',44,'Beijing',685,'','Cash On Delivery','','200.0000',0,0,0,'0.0000',1,2,'USD','1.00000000','2012-06-18 21:50:26','2012-06-18 21:50:26','127.0.0.1'),(214,0,'INV-2011-00',0,'Your Store','http://godropshipping.com/',1,9,'Chang','Wu','wcmilan@126.com','18613579','','wuchang','','','addr1','addr2','beijng','54321','france',44,'Beijing',685,'','Flat Shipping Rate','Chang','Wu','','Address 1','','beijing','100080','China',44,'Beijing',685,'','Cash On Delivery','','300.0000',0,0,0,'0.0000',1,2,'USD','1.00000000','2012-06-18 21:50:47','2012-06-18 21:50:47','127.0.0.1'),(215,0,'INV-2011-00',0,'Your Store','http://godropshipping.com/',1,9,'Chang','Wu','wcmilan@126.com','18613579','','wuchang','','','addr1','addr2','beijng','54321','france',44,'Beijing',685,'','Flat Shipping Rate','Chang','Wu','','Address 1','','beijing','100080','China',44,'Beijing',685,'','Cash On Delivery','','200.0000',0,0,0,'0.0000',1,2,'USD','1.00000000','2012-06-18 21:50:47','2012-06-18 21:50:47','127.0.0.1'),(216,0,'INV-2011-00',0,'Your Store','http://godropshipping.com/',1,9,'Chang','Wu','wcmilan@126.com','18613579','','wuchang','','','addr1','addr2','beijng','54321','france',44,'Beijing',685,'','Flat Shipping Rate','Chang','Wu','','Address 1','','beijing','100080','China',44,'Beijing',685,'','Cash On Delivery','','300.0000',0,0,0,'0.0000',1,2,'USD','1.00000000','2012-06-18 22:15:33','2012-06-18 22:15:33','127.0.0.1'),(217,0,'INV-2011-00',0,'Your Store','http://godropshipping.com/',1,9,'Chang','Wu','wcmilan@126.com','18613579','','wuchang','','','addr1','addr2','beijng','54321','france',44,'Beijing',685,'','Flat Shipping Rate','Chang','Wu','','Address 1','','beijing','100080','China',44,'Beijing',685,'','Cash On Delivery','','200.0000',0,0,0,'0.0000',1,2,'USD','1.00000000','2012-06-18 22:15:33','2012-06-18 22:15:33','127.0.0.1'),(218,0,'INV-2011-00',0,'Your Store','http://godropshipping.com/',1,9,'Chang','Wu','wcmilan@126.com','18613579','','wuchang','','','addr1','addr2','beijng','54321','france',44,'Beijing',685,'','Flat Shipping Rate','Chang','Wu','','Address 1','','beijing','100080','China',44,'Beijing',685,'','Cash On Delivery','','300.0000',0,0,0,'0.0000',1,2,'USD','1.00000000','2012-06-18 22:16:43','2012-06-18 22:16:43','127.0.0.1'),(219,0,'INV-2011-00',0,'Your Store','http://godropshipping.com/',1,9,'Chang','Wu','wcmilan@126.com','18613579','','wuchang','','','addr1','addr2','beijng','54321','france',44,'Beijing',685,'','Flat Shipping Rate','Chang','Wu','','Address 1','','beijing','100080','China',44,'Beijing',685,'','Cash On Delivery','','200.0000',0,0,0,'0.0000',1,2,'USD','1.00000000','2012-06-18 22:16:43','2012-06-18 22:16:43','127.0.0.1'),(220,0,'INV-2011-00',0,'Your Store','http://godropshipping.com/',1,9,'Chang','Wu','wcmilan@126.com','18613579','','wuchang','','','addr1','addr2','beijng','54321','france',44,'Beijing',685,'','Flat Shipping Rate','Chang','Wu','','Address 1','','beijing','100080','China',44,'Beijing',685,'','Cash On Delivery','','300.0000',0,0,0,'0.0000',1,2,'USD','1.00000000','2012-06-18 22:16:53','2012-06-18 22:16:53','127.0.0.1'),(221,0,'INV-2011-00',0,'Your Store','http://godropshipping.com/',1,9,'Chang','Wu','wcmilan@126.com','18613579','','wuchang','','','addr1','addr2','beijng','54321','france',44,'Beijing',685,'','Flat Shipping Rate','Chang','Wu','','Address 1','','beijing','100080','China',44,'Beijing',685,'','Cash On Delivery','','200.0000',0,0,0,'0.0000',1,2,'USD','1.00000000','2012-06-18 22:16:53','2012-06-18 22:16:53','127.0.0.1'),(222,0,'INV-2011-00',0,'Your Store','http://godropshipping.com/',1,9,'Chang','Wu','wcmilan@126.com','18613579','','wuchang','','','addr1','addr2','beijng','54321','france',44,'Beijing',685,'','Flat Shipping Rate','Chang','Wu','','Address 1','','beijing','100080','China',44,'Beijing',685,'','Cash On Delivery','','300.0000',0,0,0,'0.0000',1,2,'USD','1.00000000','2012-06-18 22:17:12','2012-06-18 22:17:12','127.0.0.1'),(223,0,'INV-2011-00',0,'Your Store','http://godropshipping.com/',1,9,'Chang','Wu','wcmilan@126.com','18613579','','wuchang','','','addr1','addr2','beijng','54321','france',44,'Beijing',685,'','Flat Shipping Rate','Chang','Wu','','Address 1','','beijing','100080','China',44,'Beijing',685,'','Cash On Delivery','','200.0000',0,0,0,'0.0000',1,2,'USD','1.00000000','2012-06-18 22:17:12','2012-06-18 22:17:12','127.0.0.1'),(224,0,'INV-2011-00',0,'Your Store','http://godropshipping.com/',1,9,'Chang','Wu','wcmilan@126.com','18613579','','wuchang','','','addr1','addr2','beijng','54321','france',44,'Beijing',685,'','Flat Shipping Rate','Chang','Wu','','Address 1','','beijing','100080','China',44,'Beijing',685,'','Cash On Delivery','','300.0000',0,0,0,'0.0000',1,2,'USD','1.00000000','2012-06-18 22:18:27','2012-06-18 22:18:27','127.0.0.1'),(225,0,'INV-2011-00',0,'Your Store','http://godropshipping.com/',1,9,'Chang','Wu','wcmilan@126.com','18613579','','wuchang','','','addr1','addr2','beijng','54321','france',44,'Beijing',685,'','Flat Shipping Rate','Chang','Wu','','Address 1','','beijing','100080','China',44,'Beijing',685,'','Cash On Delivery','','200.0000',0,0,0,'0.0000',1,2,'USD','1.00000000','2012-06-18 22:18:27','2012-06-18 22:18:27','127.0.0.1'),(226,0,'INV-2011-00',0,'Your Store','http://godropshipping.com/',1,9,'Chang','Wu','wcmilan@126.com','18613579','','wuchang','','','addr1','addr2','beijng','54321','france',44,'Beijing',685,'','Flat Shipping Rate','Chang','Wu','','Address 1','','beijing','100080','China',44,'Beijing',685,'','Cash On Delivery','','300.0000',0,0,0,'0.0000',1,2,'USD','1.00000000','2012-06-18 22:18:56','2012-06-18 22:18:56','127.0.0.1'),(227,0,'INV-2011-00',0,'Your Store','http://godropshipping.com/',1,9,'Chang','Wu','wcmilan@126.com','18613579','','wuchang','','','addr1','addr2','beijng','54321','france',44,'Beijing',685,'','Flat Shipping Rate','Chang','Wu','','Address 1','','beijing','100080','China',44,'Beijing',685,'','Cash On Delivery','','200.0000',0,0,0,'0.0000',1,2,'USD','1.00000000','2012-06-18 22:18:56','2012-06-18 22:18:56','127.0.0.1'),(228,0,'INV-2011-00',0,'Your Store','http://godropshipping.com/',1,9,'Chang','Wu','wcmilan@126.com','18613579','','wuchang','','','addr1','addr2','beijng','54321','france',44,'Beijing',685,'','Flat Shipping Rate','Chang','Wu','','Address 1','','beijing','100080','China',44,'Beijing',685,'','Cash On Delivery','','300.0000',0,0,0,'0.0000',1,2,'USD','1.00000000','2012-06-18 22:24:51','2012-06-18 22:24:51','127.0.0.1'),(229,0,'INV-2011-00',0,'Your Store','http://godropshipping.com/',1,9,'Chang','Wu','wcmilan@126.com','18613579','','wuchang','','','addr1','addr2','beijng','54321','france',44,'Beijing',685,'','Flat Shipping Rate','Chang','Wu','','Address 1','','beijing','100080','China',44,'Beijing',685,'','Cash On Delivery','','200.0000',0,0,0,'0.0000',1,2,'USD','1.00000000','2012-06-18 22:24:51','2012-06-18 22:24:51','127.0.0.1'),(230,0,'INV-2011-00',0,'Your Store','http://godropshipping.com/',1,9,'Chang','Wu','wcmilan@126.com','18613579','','wuchang','','','addr1','addr2','beijng','54321','france',44,'Beijing',685,'','Flat Shipping Rate','Chang','Wu','','Address 1','','beijing','100080','China',44,'Beijing',685,'','Cash On Delivery','','300.0000',0,0,0,'0.0000',1,2,'USD','1.00000000','2012-06-18 22:25:23','2012-06-18 22:25:23','127.0.0.1'),(231,0,'INV-2011-00',0,'Your Store','http://godropshipping.com/',1,9,'Chang','Wu','wcmilan@126.com','18613579','','wuchang','','','addr1','addr2','beijng','54321','france',44,'Beijing',685,'','Flat Shipping Rate','Chang','Wu','','Address 1','','beijing','100080','China',44,'Beijing',685,'','Cash On Delivery','','200.0000',0,0,0,'0.0000',1,2,'USD','1.00000000','2012-06-18 22:25:23','2012-06-18 22:25:23','127.0.0.1'),(232,0,'INV-2011-00',0,'Your Store','http://godropshipping.com/',1,9,'Chang','Wu','wcmilan@126.com','18613579','','wuchang','','','addr1','addr2','beijng','54321','france',44,'Beijing',685,'','Flat Shipping Rate','Chang','Wu','','Address 1','','beijing','100080','China',44,'Beijing',685,'','Cash On Delivery','','300.0000',0,0,0,'0.0000',1,2,'USD','1.00000000','2012-06-18 22:35:33','2012-06-18 22:35:33','127.0.0.1'),(233,0,'INV-2011-00',0,'Your Store','http://godropshipping.com/',1,9,'Chang','Wu','wcmilan@126.com','18613579','','wuchang','','','addr1','addr2','beijng','54321','france',44,'Beijing',685,'','Flat Shipping Rate','Chang','Wu','','Address 1','','beijing','100080','China',44,'Beijing',685,'','Cash On Delivery','','200.0000',0,0,0,'0.0000',1,2,'USD','1.00000000','2012-06-18 22:35:33','2012-06-18 22:35:33','127.0.0.1'),(234,0,'INV-2011-00',0,'Your Store','http://godropshipping.com/',1,9,'Chang','Wu','wcmilan@126.com','18613579','','wuchang','','','addr1','addr2','beijng','54321','france',44,'Beijing',685,'','Flat Shipping Rate','Chang','Wu','','Address 1','','beijing','100080','China',44,'Beijing',685,'','Cash On Delivery','','300.0000',0,0,0,'0.0000',1,2,'USD','1.00000000','2012-06-18 22:35:50','2012-06-18 22:35:50','127.0.0.1'),(235,0,'INV-2011-00',0,'Your Store','http://godropshipping.com/',1,9,'Chang','Wu','wcmilan@126.com','18613579','','wuchang','','','addr1','addr2','beijng','54321','france',44,'Beijing',685,'','Flat Shipping Rate','Chang','Wu','','Address 1','','beijing','100080','China',44,'Beijing',685,'','Cash On Delivery','','300.0000',0,0,0,'0.0000',1,2,'USD','1.00000000','2012-06-18 22:36:42','2012-06-18 22:36:42','127.0.0.1'),(236,0,'INV-2011-00',0,'Your Store','http://godropshipping.com/',1,9,'Chang','Wu','wcmilan@126.com','18613579','','wuchang','','','addr1','addr2','beijng','54321','france',44,'Beijing',685,'','Flat Shipping Rate','Chang','Wu','','Address 1','','beijing','100080','China',44,'Beijing',685,'','Cash On Delivery','','300.0000',0,0,0,'0.0000',1,2,'USD','1.00000000','2012-06-18 22:37:10','2012-06-18 22:37:10','127.0.0.1'),(237,0,'INV-2011-00',0,'Your Store','http://godropshipping.com/',1,9,'Chang','Wu','wcmilan@126.com','18613579','','wuchang','','','addr1','addr2','beijng','54321','france',44,'Beijing',685,'','Flat Shipping Rate','Chang','Wu','','Address 1','','beijing','100080','China',44,'Beijing',685,'','Cash On Delivery','','300.0000',0,0,0,'0.0000',1,2,'USD','1.00000000','2012-06-18 22:37:40','2012-06-18 22:37:40','127.0.0.1'),(238,0,'INV-2011-00',0,'Your Store','http://godropshipping.com/',1,9,'Chang','Wu','wcmilan@126.com','18613579','','wuchang','','','addr1','addr2','beijng','54321','france',44,'Beijing',685,'','Flat Shipping Rate','Chang','Wu','','Address 1','','beijing','100080','China',44,'Beijing',685,'','Cash On Delivery','','200.0000',0,0,0,'0.0000',1,2,'USD','1.00000000','2012-06-18 22:37:40','2012-06-18 22:37:40','127.0.0.1'),(239,0,'INV-2011-00',0,'Your Store','http://godropshipping.com/',1,9,'Chang','Wu','wcmilan@126.com','18613579','','wuchang','','','addr1','addr2','beijng','54321','france',44,'Beijing',685,'','Flat Shipping Rate','Chang','Wu','','Address 1','','beijing','100080','China',44,'Beijing',685,'','Cash On Delivery','','300.0000',0,0,0,'0.0000',1,2,'USD','1.00000000','2012-06-18 22:37:53','2012-06-18 22:37:53','127.0.0.1'),(240,0,'INV-2011-00',0,'Your Store','http://godropshipping.com/',1,9,'Chang','Wu','wcmilan@126.com','18613579','','wuchang','','','addr1','addr2','beijng','54321','france',44,'Beijing',685,'','Flat Shipping Rate','Chang','Wu','','Address 1','','beijing','100080','China',44,'Beijing',685,'','Cash On Delivery','','300.0000',0,0,0,'0.0000',1,2,'USD','1.00000000','2012-06-18 22:38:41','2012-06-18 22:38:41','127.0.0.1'),(241,0,'INV-2011-00',0,'Your Store','http://godropshipping.com/',1,9,'Chang','Wu','wcmilan@126.com','18613579','','wuchang','','','addr1','addr2','beijng','54321','france',44,'Beijing',685,'','Flat Shipping Rate','Chang','Wu','','Address 1','','beijing','100080','China',44,'Beijing',685,'','Cash On Delivery','','300.0000',0,0,0,'0.0000',1,2,'USD','1.00000000','2012-06-18 22:38:57','2012-06-18 22:38:57','127.0.0.1'),(242,0,'INV-2011-00',0,'Your Store','http://godropshipping.com/',1,9,'Chang','Wu','wcmilan@126.com','18613579','','wuchang','','','addr1','addr2','beijng','54321','france',44,'Beijing',685,'','Flat Shipping Rate','Chang','Wu','','Address 1','','beijing','100080','China',44,'Beijing',685,'','Cash On Delivery','','300.0000',0,0,0,'0.0000',1,2,'USD','1.00000000','2012-06-18 22:39:27','2012-06-18 22:39:27','127.0.0.1'),(243,0,'INV-2011-00',0,'Your Store','http://godropshipping.com/',1,9,'Chang','Wu','wcmilan@126.com','18613579','','wuchang','','','addr1','addr2','beijng','54321','france',44,'Beijing',685,'','Flat Shipping Rate','Chang','Wu','','Address 1','','beijing','100080','China',44,'Beijing',685,'','Cash On Delivery','','300.0000',0,0,0,'0.0000',1,2,'USD','1.00000000','2012-06-18 22:39:42','2012-06-18 22:39:42','127.0.0.1'),(244,0,'INV-2011-00',0,'Your Store','http://godropshipping.com/',1,9,'Chang','Wu','wcmilan@126.com','18613579','','wuchang','','','addr1','addr2','beijng','54321','france',44,'Beijing',685,'','Flat Shipping Rate','Chang','Wu','','Address 1','','beijing','100080','China',44,'Beijing',685,'','Cash On Delivery','','200.0000',0,0,0,'0.0000',1,2,'USD','1.00000000','2012-06-18 22:39:42','2012-06-18 22:39:42','127.0.0.1'),(245,0,'INV-2011-00',0,'Your Store','http://godropshipping.com/',1,9,'Chang','Wu','wcmilan@126.com','18613579','','wuchang','','','addr1','addr2','beijng','54321','france',44,'Beijing',685,'','Flat Shipping Rate','Chang','Wu','','Address 1','','beijing','100080','China',44,'Beijing',685,'','Cash On Delivery','','300.0000',0,0,0,'0.0000',1,2,'USD','1.00000000','2012-06-18 22:46:54','2012-06-18 22:46:54','127.0.0.1'),(246,0,'INV-2011-00',0,'Your Store','http://godropshipping.com/',1,9,'Chang','Wu','wcmilan@126.com','18613579','','wuchang','','','addr1','addr2','beijng','54321','france',44,'Beijing',685,'','Flat Shipping Rate','Chang','Wu','','Address 1','','beijing','100080','China',44,'Beijing',685,'','Cash On Delivery','','200.0000',0,0,0,'0.0000',1,2,'USD','1.00000000','2012-06-18 22:46:54','2012-06-18 22:46:54','127.0.0.1'),(247,0,'INV-2011-00',0,'Your Store','http://godropshipping.com/',1,9,'Chang','Wu','wcmilan@126.com','18613579','','wuchang','','','addr1','addr2','beijng','54321','france',44,'Beijing',685,'','Flat Shipping Rate','Chang','Wu','','Address 1','','beijing','100080','China',44,'Beijing',685,'','Cash On Delivery','','300.0000',0,0,0,'0.0000',1,2,'USD','1.00000000','2012-06-18 22:49:16','2012-06-18 22:49:16','127.0.0.1'),(248,0,'INV-2011-00',0,'Your Store','http://godropshipping.com/',1,9,'Chang','Wu','wcmilan@126.com','18613579','','wuchang','','','addr1','addr2','beijng','54321','france',44,'Beijing',685,'','Flat Shipping Rate','Chang','Wu','','Address 1','','beijing','100080','China',44,'Beijing',685,'','Cash On Delivery','','200.0000',0,0,0,'0.0000',1,2,'USD','1.00000000','2012-06-18 22:49:16','2012-06-18 22:49:16','127.0.0.1'),(249,0,'INV-2011-00',0,'Your Store','http://godropshipping.com/',1,9,'Chang','Wu','wcmilan@126.com','18613579','','wuchang','','','addr1','addr2','beijng','54321','france',0,'',0,'','','','','','','','','','',0,'',0,'','','','300.0000',0,0,0,'0.0000',1,2,'USD','1.00000000','2012-06-18 23:28:09','2012-06-18 23:28:09','127.0.0.1'),(250,0,'INV-2011-00',0,'Your Store','http://godropshipping.com/',1,9,'Chang','Wu','wcmilan@126.com','18613579','','wuchang','','','addr1','addr2','beijng','54321','france',0,'',0,'','','','','','','','','','',0,'',0,'','','','200.0000',0,0,0,'0.0000',1,2,'USD','1.00000000','2012-06-18 23:28:09','2012-06-18 23:28:09','127.0.0.1'),(251,0,'INV-2011-00',0,'Your Store','http://godropshipping.com/',1,9,'Chang','Wu','wcmilan@126.com','18613579','','wuchang','','','addr1','addr2','beijng','54321','france',0,'',0,'','','','','','','','','','',0,'',0,'','','','300.0000',0,0,0,'0.0000',1,2,'USD','1.00000000','2012-06-18 23:29:36','2012-06-18 23:29:36','127.0.0.1'),(252,0,'INV-2011-00',0,'Your Store','http://godropshipping.com/',1,9,'Chang','Wu','wcmilan@126.com','18613579','','wuchang','','','addr1','addr2','beijng','54321','france',0,'',0,'','','','','','','','','','',0,'',0,'','','','200.0000',0,0,0,'0.0000',1,2,'USD','1.00000000','2012-06-18 23:29:36','2012-06-18 23:29:36','127.0.0.1'),(253,0,'INV-2011-00',0,'Your Store','http://godropshipping.com/',1,9,'Chang','Wu','wcmilan@126.com','18613579','','wuchang','','','addr1','addr2','beijng','54321','france',0,'',0,'','','','','','','','','','',0,'',0,'','','','300.0000',0,0,0,'0.0000',1,2,'USD','1.00000000','2012-06-18 23:30:21','2012-06-18 23:30:21','127.0.0.1'),(254,0,'INV-2011-00',0,'Your Store','http://godropshipping.com/',1,9,'Chang','Wu','wcmilan@126.com','18613579','','wuchang','','','addr1','addr2','beijng','54321','france',0,'',0,'','','','','','','','','','',0,'',0,'','','','200.0000',0,0,0,'0.0000',1,2,'USD','1.00000000','2012-06-18 23:30:21','2012-06-18 23:30:21','127.0.0.1'),(255,0,'INV-2011-00',0,'Your Store','http://godropshipping.com/',1,9,'Chang','Wu','wcmilan@126.com','18613579','','wuchang','','','addr1','addr2','beijng','54321','france',44,'Beijing',685,'','','Chang','Wu','','Address 1','','beijing','100080','China',44,'Beijing',685,'','','','300.0000',0,0,0,'0.0000',1,2,'USD','1.00000000','2012-06-18 23:55:42','2012-06-18 23:55:42','127.0.0.1'),(256,0,'INV-2011-00',0,'Your Store','http://godropshipping.com/',1,9,'Chang','Wu','wcmilan@126.com','18613579','','wuchang','','','addr1','addr2','beijng','54321','france',44,'Beijing',685,'','','Chang','Wu','','Address 1','','beijing','100080','China',44,'Beijing',685,'','','','200.0000',0,0,0,'0.0000',1,2,'USD','1.00000000','2012-06-18 23:55:42','2012-06-18 23:55:42','127.0.0.1'),(257,0,'INV-2011-00',0,'Your Store','http://godropshipping.com/',1,9,'Chang','Wu','wcmilan@126.com','18613579','','wuchang','','','addr1','addr2','beijng','54321','france',44,'Beijing',685,'','','Chang','Wu','','Address 1','','beijing','100080','China',44,'Beijing',685,'','','','300.0000',0,0,0,'0.0000',1,2,'USD','1.00000000','2012-06-18 23:55:59','2012-06-18 23:55:59','127.0.0.1'),(258,0,'INV-2011-00',0,'Your Store','http://godropshipping.com/',1,9,'Chang','Wu','wcmilan@126.com','18613579','','wuchang','','','addr1','addr2','beijng','54321','france',44,'Beijing',685,'','','Chang','Wu','','Address 1','','beijing','100080','China',44,'Beijing',685,'','','','200.0000',0,0,0,'0.0000',1,2,'USD','1.00000000','2012-06-18 23:55:59','2012-06-18 23:55:59','127.0.0.1'),(259,0,'INV-2011-00',0,'Your Store','http://godropshipping.com/',1,9,'Chang','Wu','wcmilan@126.com','18613579','','wuchang','','','addr1','addr2','beijng','54321','france',44,'Beijing',685,'','','Chang','Wu','','Address 1','','beijing','100080','China',44,'Beijing',685,'','','','300.0000',0,0,0,'0.0000',1,2,'USD','1.00000000','2012-06-19 00:05:30','2012-06-19 00:05:30','127.0.0.1'),(260,0,'INV-2011-00',0,'Your Store','http://godropshipping.com/',1,9,'Chang','Wu','wcmilan@126.com','18613579','','wuchang','','','addr1','addr2','beijng','54321','france',44,'Beijing',685,'','','Chang','Wu','','Address 1','','beijing','100080','China',44,'Beijing',685,'','','','200.0000',0,0,0,'0.0000',1,2,'USD','1.00000000','2012-06-19 00:05:30','2012-06-19 00:05:30','127.0.0.1'),(261,0,'INV-2011-00',0,'Your Store','http://godropshipping.com/',1,9,'Chang','Wu','wcmilan@126.com','18613579','','wuchang','','','addr1','addr2','beijng','54321','france',44,'Beijing',685,'','','Chang','Wu','','Address 1','','beijing','100080','China',44,'Beijing',685,'','','','300.0000',0,0,0,'0.0000',1,2,'USD','1.00000000','2012-06-19 00:10:13','2012-06-19 00:10:13','127.0.0.1'),(262,0,'INV-2011-00',0,'Your Store','http://godropshipping.com/',1,9,'Chang','Wu','wcmilan@126.com','18613579','','wuchang','','','addr1','addr2','beijng','54321','france',44,'Beijing',685,'','','Chang','Wu','','Address 1','','beijing','100080','China',44,'Beijing',685,'','','','200.0000',0,0,0,'0.0000',1,2,'USD','1.00000000','2012-06-19 00:10:13','2012-06-19 00:10:13','127.0.0.1'),(263,0,'INV-2011-00',0,'Your Store','http://godropshipping.com/',1,9,'Chang','Wu','wcmilan@126.com','18613579','','wuchang','','','addr1','addr2','beijng','54321','france',0,'',0,'','','Chang','Wu','','Address 1','','beijing','100080','China',44,'Beijing',685,'','','','300.0000',0,0,0,'0.0000',1,2,'USD','1.00000000','2012-06-19 00:19:16','2012-06-19 00:19:16','127.0.0.1'),(264,0,'INV-2011-00',0,'Your Store','http://godropshipping.com/',1,9,'Chang','Wu','wcmilan@126.com','18613579','','wuchang','','','addr1','addr2','beijng','54321','france',0,'',0,'','','Chang','Wu','','Address 1','','beijing','100080','China',44,'Beijing',685,'','','','200.0000',0,0,0,'0.0000',1,2,'USD','1.00000000','2012-06-19 00:19:16','2012-06-19 00:19:16','127.0.0.1'),(265,0,'INV-2011-00',0,'Your Store','http://godropshipping.com/',1,9,'Chang','Wu','wcmilan@126.com','18613579','','wuchang','','','addr1','addr2','beijng','54321','france',0,'',0,'','','Chang','Wu','','Address 1','','beijing','100080','China',44,'Beijing',685,'','','','300.0000',0,0,0,'0.0000',1,2,'USD','1.00000000','2012-06-19 01:14:10','2012-06-19 01:14:10','127.0.0.1'),(266,0,'INV-2011-00',0,'Your Store','http://godropshipping.com/',1,9,'Chang','Wu','wcmilan@126.com','18613579','','wuchang','','','addr1','addr2','beijng','54321','france',0,'',0,'','','Chang','Wu','','Address 1','','beijing','100080','China',44,'Beijing',685,'','','','200.0000',0,0,0,'0.0000',1,2,'USD','1.00000000','2012-06-19 01:14:10','2012-06-19 01:14:10','127.0.0.1'),(267,0,'INV-2011-00',0,'Your Store','http://godropshipping.com/',1,9,'Chang','Wu','wcmilan@126.com','18613579','','wuchang','','','addr1','addr2','beijng','54321','france',44,'Beijing',685,'','','Chang','Wu','','Address 1','','beijing','100080','China',44,'Beijing',685,'','','','300.0000',0,0,0,'0.0000',1,2,'USD','1.00000000','2012-06-19 01:27:03','2012-06-19 01:27:03','127.0.0.1'),(268,0,'INV-2011-00',0,'Your Store','http://godropshipping.com/',1,9,'Chang','Wu','wcmilan@126.com','18613579','','wuchang','','','addr1','addr2','beijng','54321','france',44,'Beijing',685,'','','Chang','Wu','','Address 1','','beijing','100080','China',44,'Beijing',685,'','','','200.0000',0,0,0,'0.0000',1,2,'USD','1.00000000','2012-06-19 01:27:03','2012-06-19 01:27:03','127.0.0.1'),(269,0,'INV-2011-00',0,'Your Store','http://godropshipping.com/',1,9,'Chang','Wu','wcmilan@126.com','18613579','','wuchang','','','addr1','addr2','beijng','54321','france',0,'',0,'','','Chang','Wu','','Address 1','','beijing','100080','China',44,'Beijing',685,'','','','300.0000',0,0,0,'0.0000',1,2,'USD','1.00000000','2012-06-19 01:33:38','2012-06-19 01:33:38','127.0.0.1'),(270,0,'INV-2011-00',0,'Your Store','http://godropshipping.com/',1,9,'Chang','Wu','wcmilan@126.com','18613579','','wuchang','','','addr1','addr2','beijng','54321','france',0,'',0,'','','Chang','Wu','','Address 1','','beijing','100080','China',44,'Beijing',685,'','','','200.0000',0,0,0,'0.0000',1,2,'USD','1.00000000','2012-06-19 01:33:38','2012-06-19 01:33:38','127.0.0.1'),(271,0,'INV-2011-00',0,'Your Store','http://godropshipping.com/',1,9,'Chang','Wu','wcmilan@126.com','18613579','','wuchang','','','addr1','addr2','beijng','54321','france',0,'',0,'','','Chang','Wu','','Address 1','','beijing','100080','China',44,'Beijing',685,'','','','300.0000',0,0,0,'0.0000',1,2,'USD','1.00000000','2012-06-19 01:33:52','2012-06-19 01:33:52','127.0.0.1'),(272,0,'INV-2011-00',0,'Your Store','http://godropshipping.com/',1,9,'Chang','Wu','wcmilan@126.com','18613579','','wuchang','','','addr1','addr2','beijng','54321','france',0,'',0,'','','Chang','Wu','','Address 1','','beijing','100080','China',44,'Beijing',685,'','','','200.0000',0,0,0,'0.0000',1,2,'USD','1.00000000','2012-06-19 01:33:52','2012-06-19 01:33:52','127.0.0.1'),(273,0,'INV-2011-00',0,'Your Store','http://godropshipping.com/',1,9,'Chang','Wu','wcmilan@126.com','18613579','','wuchang','','','addr1','addr2','beijng','54321','france',0,'',0,'','','Chang','Wu','','Address 1','','beijing','100080','China',44,'Beijing',685,'','','','300.0000',0,0,0,'0.0000',1,2,'USD','1.00000000','2012-06-19 01:35:11','2012-06-19 01:35:11','127.0.0.1'),(274,0,'INV-2011-00',0,'Your Store','http://godropshipping.com/',1,9,'Chang','Wu','wcmilan@126.com','18613579','','wuchang','','','addr1','addr2','beijng','54321','france',0,'',0,'','','Chang','Wu','','Address 1','','beijing','100080','China',44,'Beijing',685,'','','','200.0000',0,0,0,'0.0000',1,2,'USD','1.00000000','2012-06-19 01:35:11','2012-06-19 01:35:11','127.0.0.1'),(275,0,'INV-2011-00',0,'Your Store','http://godropshipping.com/',1,9,'Chang','Wu','wcmilan@126.com','18613579','','wuchang','','','addr1','addr2','beijng','54321','france',44,'Beijing',685,'','','Chang','Wu','','Address 1','','beijing','100080','China',44,'Beijing',685,'','','','300.0000',0,0,0,'0.0000',1,2,'USD','1.00000000','2012-06-19 01:38:07','2012-06-19 01:38:07','127.0.0.1'),(276,0,'INV-2011-00',0,'Your Store','http://godropshipping.com/',1,9,'Chang','Wu','wcmilan@126.com','18613579','','wuchang','','','addr1','addr2','beijng','54321','france',44,'Beijing',685,'','','Chang','Wu','','Address 1','','beijing','100080','China',44,'Beijing',685,'','','','200.0000',0,0,0,'0.0000',1,2,'USD','1.00000000','2012-06-19 01:38:07','2012-06-19 01:38:07','127.0.0.1'),(277,0,'INV-2011-00',0,'Your Store','http://godropshipping.com/',1,9,'Chang','Wu','wcmilan@126.com','18613579','','wuchang','','','addr1','addr2','beijng','54321','france',44,'Beijing',685,'','','Chang','Wu','','Address 1','','beijing','100080','China',44,'Beijing',685,'','','','300.0000',0,0,0,'0.0000',1,2,'USD','1.00000000','2012-06-19 01:50:24','2012-06-19 01:50:24','127.0.0.1'),(278,0,'INV-2011-00',0,'Your Store','http://godropshipping.com/',1,9,'Chang','Wu','wcmilan@126.com','18613579','','wuchang','','','addr1','addr2','beijng','54321','france',44,'Beijing',685,'','','Chang','Wu','','Address 1','','beijing','100080','China',44,'Beijing',685,'','','','200.0000',0,0,0,'0.0000',1,2,'USD','1.00000000','2012-06-19 01:50:24','2012-06-19 01:50:24','127.0.0.1'),(279,0,'INV-2011-00',0,'Your Store','http://godropshipping.com/',1,9,'Chang','Wu','wcmilan@126.com','18613579','','wuchang','','','addr1','addr2','beijng','54321','france',44,'Beijing',685,'','','Chang','Wu','','Address 1','','beijing','100080','China',44,'Beijing',685,'','','','300.0000',0,0,0,'0.0000',1,2,'USD','1.00000000','2012-06-19 01:51:32','2012-06-19 01:51:32','127.0.0.1'),(280,0,'INV-2011-00',0,'Your Store','http://godropshipping.com/',1,9,'Chang','Wu','wcmilan@126.com','18613579','','wuchang','','','addr1','addr2','beijng','54321','france',44,'Beijing',685,'','','Chang','Wu','','Address 1','','beijing','100080','China',44,'Beijing',685,'','','','200.0000',0,0,0,'0.0000',1,2,'USD','1.00000000','2012-06-19 01:51:32','2012-06-19 01:51:32','127.0.0.1'),(283,0,'INV-2011-00',0,'Your Store','http://godropshipping.com/',1,9,'Chang','Wu','wcmilan@126.com','18613579','','','','','','','','','',0,'',0,'','','Chang','Wu','','Address 1','','beijing','100080','China',44,'Beijing',685,'','','','300.0000',0,0,0,'0.0000',1,2,'USD','1.00000000','2012-06-19 02:18:39','2012-06-19 02:18:39','127.0.0.1'),(284,0,'INV-2011-00',0,'Your Store','http://godropshipping.com/',1,9,'Chang','Wu','wcmilan@126.com','18613579','','','','','','','','','',0,'',0,'','','Chang','Wu','','Address 1','','beijing','100080','China',44,'Beijing',685,'','','','200.0000',0,0,0,'0.0000',1,2,'USD','1.00000000','2012-06-19 02:18:39','2012-06-19 02:18:39','127.0.0.1'),(285,0,'INV-2011-00',0,'Your Store','http://godropshipping.com/',1,9,'Chang','Wu','wcmilan@126.com','18613579','','','','','','','','','',0,'',0,'','','Chang','Wu','','Address 1','','beijing','100080','China',44,'Beijing',685,'','','','300.0000',0,0,0,'0.0000',1,2,'USD','1.00000000','2012-06-19 13:19:35','2012-06-19 13:19:35','127.0.0.1'),(286,0,'INV-2011-00',0,'Your Store','http://godropshipping.com/',1,9,'Chang','Wu','wcmilan@126.com','18613579','','','','','','','','','',0,'',0,'','','Chang','Wu','','Address 1','','beijing','100080','China',44,'Beijing',685,'','','','200.0000',0,0,0,'0.0000',1,2,'USD','1.00000000','2012-06-19 13:19:35','2012-06-19 13:19:35','127.0.0.1'),(287,0,'INV-2011-00',0,'Your Store','http://godropshipping.com/',1,9,'Chang','Wu','wcmilan@126.com','18613579','','wuchang','','','addr1','addr2','beijng','54321','france',44,'Beijing',685,'','','Chang','Wu','','Address 1','','beijing','100080','China',44,'Beijing',685,'','','','300.0000',0,0,0,'0.0000',1,2,'USD','1.00000000','2012-06-19 13:26:18','2012-06-19 13:26:18','127.0.0.1'),(288,0,'INV-2011-00',0,'Your Store','http://godropshipping.com/',1,9,'Chang','Wu','wcmilan@126.com','18613579','','wuchang','','','addr1','addr2','beijng','54321','france',44,'Beijing',685,'','','Chang','Wu','','Address 1','','beijing','100080','China',44,'Beijing',685,'','','','200.0000',0,0,0,'0.0000',1,2,'USD','1.00000000','2012-06-19 13:26:18','2012-06-19 13:26:18','127.0.0.1'),(289,0,'INV-2011-00',0,'Your Store','http://godropshipping.com/',1,9,'Chang','Wu','wcmilan@126.com','18613579','','wuchang','','','addr1','addr2','beijng','54321','france',44,'Beijing',685,'','','Chang','Wu','','Address 1','','beijing','100080','China',44,'Beijing',685,'','','','300.0000',0,0,0,'0.0000',1,2,'USD','1.00000000','2012-06-19 13:27:18','2012-06-19 13:27:18','127.0.0.1'),(290,0,'INV-2011-00',0,'Your Store','http://godropshipping.com/',1,9,'Chang','Wu','wcmilan@126.com','18613579','','wuchang','','','addr1','addr2','beijng','54321','france',44,'Beijing',685,'','','Chang','Wu','','Address 1','','beijing','100080','China',44,'Beijing',685,'','','','200.0000',0,0,0,'0.0000',1,2,'USD','1.00000000','2012-06-19 13:27:18','2012-06-19 13:27:18','127.0.0.1'),(291,0,'INV-2011-00',0,'Your Store','http://godropshipping.com/',1,9,'Chang','Wu','wcmilan@126.com','18613579','','wuchang','','','addr1','addr2','beijng','54321','france',44,'Beijing',685,'','','Chang','Wu','','Address 1','','beijing','100080','China',44,'Beijing',685,'','','','300.0000',0,0,0,'0.0000',1,2,'USD','1.00000000','2012-06-19 13:28:56','2012-06-19 13:28:56','127.0.0.1'),(292,0,'INV-2011-00',0,'Your Store','http://godropshipping.com/',1,9,'Chang','Wu','wcmilan@126.com','18613579','','wuchang','','','addr1','addr2','beijng','54321','france',44,'Beijing',685,'','','Chang','Wu','','Address 1','','beijing','100080','China',44,'Beijing',685,'','','','200.0000',0,0,0,'0.0000',1,2,'USD','1.00000000','2012-06-19 13:28:56','2012-06-19 13:28:56','127.0.0.1'),(293,0,'INV-2011-00',0,'Your Store','http://godropshipping.com/',1,9,'Chang','Wu','wcmilan@126.com','18613579','','wuchang','','','addr1','addr2','beijng','54321','france',44,'Beijing',685,'','','Chang','Wu','','Address 1','','beijing','100080','China',44,'Beijing',685,'','','','300.0000',0,0,0,'0.0000',1,2,'USD','1.00000000','2012-06-19 13:33:30','2012-06-19 13:33:30','127.0.0.1'),(294,0,'INV-2011-00',0,'Your Store','http://godropshipping.com/',1,9,'Chang','Wu','wcmilan@126.com','18613579','','wuchang','','','addr1','addr2','beijng','54321','france',44,'Beijing',685,'','','Chang','Wu','','Address 1','','beijing','100080','China',44,'Beijing',685,'','','','200.0000',0,0,0,'0.0000',1,2,'USD','1.00000000','2012-06-19 13:33:30','2012-06-19 13:33:30','127.0.0.1'),(295,0,'INV-2011-00',0,'Your Store','http://godropshipping.com/',1,9,'Chang','Wu','wcmilan@126.com','18613579','','wuchang','','','addr1','addr2','beijng','54321','france',44,'Beijing',685,'','','Chang','Wu','','Address 1','','beijing','100080','China',44,'Beijing',685,'','','','300.0000',0,0,0,'0.0000',1,2,'USD','1.00000000','2012-06-19 13:34:48','2012-06-19 13:34:48','127.0.0.1'),(296,0,'INV-2011-00',0,'Your Store','http://godropshipping.com/',1,9,'Chang','Wu','wcmilan@126.com','18613579','','wuchang','','','addr1','addr2','beijng','54321','france',44,'Beijing',685,'','','Chang','Wu','','Address 1','','beijing','100080','China',44,'Beijing',685,'','','','200.0000',0,0,0,'0.0000',1,2,'USD','1.00000000','2012-06-19 13:34:48','2012-06-19 13:34:48','127.0.0.1'),(297,0,'INV-2011-00',0,'Your Store','http://godropshipping.com/',1,9,'Chang','Wu','wcmilan@126.com','18613579','','wuchang','','','addr1','addr2','beijng','54321','france',44,'Beijing',685,'','','Chang','Wu','','Address 1','','beijing','100080','China',44,'Beijing',685,'','','','300.0000',0,0,0,'0.0000',1,2,'USD','1.00000000','2012-06-19 13:35:17','2012-06-19 13:35:17','127.0.0.1'),(298,0,'INV-2011-00',0,'Your Store','http://godropshipping.com/',1,9,'Chang','Wu','wcmilan@126.com','18613579','','wuchang','','','addr1','addr2','beijng','54321','france',44,'Beijing',685,'','','Chang','Wu','','Address 1','','beijing','100080','China',44,'Beijing',685,'','','','200.0000',0,0,0,'0.0000',1,2,'USD','1.00000000','2012-06-19 13:35:17','2012-06-19 13:35:17','127.0.0.1'),(299,0,'INV-2011-00',0,'Your Store','http://godropshipping.com/',1,9,'Chang','Wu','wcmilan@126.com','18613579','','wuchang','','','addr1','addr2','beijng','54321','france',44,'Beijing',685,'','','Chang','Wu','','Address 1','','beijing','100080','China',44,'Beijing',685,'','','','300.0000',0,0,0,'0.0000',1,2,'USD','1.00000000','2012-06-19 13:35:42','2012-06-19 13:35:42','127.0.0.1'),(300,0,'INV-2011-00',0,'Your Store','http://godropshipping.com/',1,9,'Chang','Wu','wcmilan@126.com','18613579','','wuchang','','','addr1','addr2','beijng','54321','france',44,'Beijing',685,'','','Chang','Wu','','Address 1','','beijing','100080','China',44,'Beijing',685,'','','','200.0000',0,0,0,'0.0000',1,2,'USD','1.00000000','2012-06-19 13:35:43','2012-06-19 13:35:43','127.0.0.1'),(301,0,'INV-2011-00',0,'Your Store','http://godropshipping.com/',1,9,'Chang','Wu','wcmilan@126.com','18613579','','wuchang','','','addr1','addr2','beijng','54321','france',44,'Beijing',685,'','','Chang','Wu','','Address 1','','beijing','100080','China',44,'Beijing',685,'','','','300.0000',0,0,0,'0.0000',1,2,'USD','1.00000000','2012-06-19 13:37:35','2012-06-19 13:37:35','127.0.0.1'),(302,0,'INV-2011-00',0,'Your Store','http://godropshipping.com/',1,9,'Chang','Wu','wcmilan@126.com','18613579','','wuchang','','','addr1','addr2','beijng','54321','france',44,'Beijing',685,'','','Chang','Wu','','Address 1','','beijing','100080','China',44,'Beijing',685,'','','','200.0000',0,0,0,'0.0000',1,2,'USD','1.00000000','2012-06-19 13:37:35','2012-06-19 13:37:35','127.0.0.1'),(303,0,'INV-2011-00',0,'Your Store','http://godropshipping.com/',1,9,'Chang','Wu','wcmilan@126.com','18613579','','wuchang','','','addr1','addr2','beijng','54321','france',44,'Beijing',685,'','','Chang','Wu','','Address 1','','beijing','100080','China',44,'Beijing',685,'','','','300.0000',0,0,0,'0.0000',1,2,'USD','1.00000000','2012-06-19 13:38:04','2012-06-19 13:38:04','127.0.0.1'),(304,0,'INV-2011-00',0,'Your Store','http://godropshipping.com/',1,9,'Chang','Wu','wcmilan@126.com','18613579','','wuchang','','','addr1','addr2','beijng','54321','france',44,'Beijing',685,'','','Chang','Wu','','Address 1','','beijing','100080','China',44,'Beijing',685,'','','','200.0000',0,0,0,'0.0000',1,2,'USD','1.00000000','2012-06-19 13:38:04','2012-06-19 13:38:04','127.0.0.1'),(305,0,'INV-2011-00',0,'Your Store','http://godropshipping.com/',1,9,'Chang','Wu','wcmilan@126.com','18613579','','wuchang','','','addr1','addr2','beijng','54321','france',44,'Beijing',685,'','','Chang','Wu','','Address 1','','beijing','100080','China',44,'Beijing',685,'','','','300.0000',0,0,0,'0.0000',1,2,'USD','1.00000000','2012-06-19 13:42:38','2012-06-19 13:42:38','127.0.0.1'),(306,0,'INV-2011-00',0,'Your Store','http://godropshipping.com/',1,9,'Chang','Wu','wcmilan@126.com','18613579','','wuchang','','','addr1','addr2','beijng','54321','france',44,'Beijing',685,'','','Chang','Wu','','Address 1','','beijing','100080','China',44,'Beijing',685,'','','','200.0000',0,0,0,'0.0000',1,2,'USD','1.00000000','2012-06-19 13:42:38','2012-06-19 13:42:38','127.0.0.1'),(307,0,'INV-2011-00',0,'Your Store','http://godropshipping.com/',1,9,'Chang','Wu','wcmilan@126.com','18613579','','wuchang','','','addr1','addr2','beijng','54321','france',44,'Beijing',685,'','','Chang','Wu','','Address 1','','beijing','100080','China',44,'Beijing',685,'','','','300.0000',0,0,0,'0.0000',1,2,'USD','1.00000000','2012-06-19 13:43:09','2012-06-19 13:43:09','127.0.0.1'),(308,0,'INV-2011-00',0,'Your Store','http://godropshipping.com/',1,9,'Chang','Wu','wcmilan@126.com','18613579','','wuchang','','','addr1','addr2','beijng','54321','france',44,'Beijing',685,'','','Chang','Wu','','Address 1','','beijing','100080','China',44,'Beijing',685,'','','','200.0000',0,0,0,'0.0000',1,2,'USD','1.00000000','2012-06-19 13:43:09','2012-06-19 13:43:09','127.0.0.1'),(309,0,'INV-2011-00',0,'Your Store','http://godropshipping.com/',1,9,'Chang','Wu','wcmilan@126.com','18613579','','wuchang','','','addr1','addr2','beijng','54321','france',44,'Beijing',685,'','','Chang','Wu','','Address 1','','beijing','100080','China',44,'Beijing',685,'','','','300.0000',0,0,0,'0.0000',1,2,'USD','1.00000000','2012-06-19 13:43:45','2012-06-19 13:43:45','127.0.0.1'),(310,0,'INV-2011-00',0,'Your Store','http://godropshipping.com/',1,9,'Chang','Wu','wcmilan@126.com','18613579','','wuchang','','','addr1','addr2','beijng','54321','france',44,'Beijing',685,'','','Chang','Wu','','Address 1','','beijing','100080','China',44,'Beijing',685,'','','','200.0000',0,0,0,'0.0000',1,2,'USD','1.00000000','2012-06-19 13:43:45','2012-06-19 13:43:45','127.0.0.1'),(311,0,'INV-2011-00',0,'Your Store','http://godropshipping.com/',1,9,'Chang','Wu','wcmilan@126.com','18613579','','wuchang','','','addr1','addr2','beijng','54321','france',44,'Beijing',685,'','','Chang','Wu','','Address 1','','beijing','100080','China',44,'Beijing',685,'','','','300.0000',0,0,0,'0.0000',1,2,'USD','1.00000000','2012-06-19 13:44:14','2012-06-19 13:44:14','127.0.0.1'),(312,0,'INV-2011-00',0,'Your Store','http://godropshipping.com/',1,9,'Chang','Wu','wcmilan@126.com','18613579','','wuchang','','','addr1','addr2','beijng','54321','france',44,'Beijing',685,'','','Chang','Wu','','Address 1','','beijing','100080','China',44,'Beijing',685,'','','','200.0000',0,0,0,'0.0000',1,2,'USD','1.00000000','2012-06-19 13:44:14','2012-06-19 13:44:14','127.0.0.1'),(313,0,'INV-2011-00',0,'Your Store','http://godropshipping.com/',1,9,'Chang','Wu','wcmilan@126.com','18613579','','wuchang','','','addr1','addr2','beijng','54321','france',44,'Beijing',685,'','','Chang','Wu','','Address 1','','beijing','100080','China',44,'Beijing',685,'','','','300.0000',0,0,0,'0.0000',1,2,'USD','1.00000000','2012-06-19 13:44:30','2012-06-19 13:44:30','127.0.0.1'),(314,0,'INV-2011-00',0,'Your Store','http://godropshipping.com/',1,9,'Chang','Wu','wcmilan@126.com','18613579','','wuchang','','','addr1','addr2','beijng','54321','france',44,'Beijing',685,'','','Chang','Wu','','Address 1','','beijing','100080','China',44,'Beijing',685,'','','','200.0000',0,0,0,'0.0000',1,2,'USD','1.00000000','2012-06-19 13:44:30','2012-06-19 13:44:30','127.0.0.1'),(315,0,'INV-2011-00',0,'Your Store','http://godropshipping.com/',1,9,'Chang','Wu','wcmilan@126.com','18613579','','wuchang','','','addr1','addr2','beijng','54321','france',44,'Beijing',685,'','','Chang','Wu','','Address 1','','beijing','100080','China',44,'Beijing',685,'','','','300.0000',0,0,0,'0.0000',1,2,'USD','1.00000000','2012-06-19 13:45:17','2012-06-19 13:45:17','127.0.0.1'),(316,0,'INV-2011-00',0,'Your Store','http://godropshipping.com/',1,9,'Chang','Wu','wcmilan@126.com','18613579','','wuchang','','','addr1','addr2','beijng','54321','france',44,'Beijing',685,'','','Chang','Wu','','Address 1','','beijing','100080','China',44,'Beijing',685,'','','','200.0000',0,0,0,'0.0000',1,2,'USD','1.00000000','2012-06-19 13:45:17','2012-06-19 13:45:17','127.0.0.1'),(317,0,'INV-2011-00',0,'Your Store','http://godropshipping.com/',1,9,'Chang','Wu','wcmilan@126.com','18613579','','wuchang','','','addr1','addr2','beijng','54321','france',44,'Beijing',685,'','','Chang','Wu','','Address 1','','beijing','100080','China',44,'Beijing',685,'','','','300.0000',0,0,0,'0.0000',1,2,'USD','1.00000000','2012-06-19 13:48:03','2012-06-19 13:48:03','127.0.0.1'),(318,0,'INV-2011-00',0,'Your Store','http://godropshipping.com/',1,9,'Chang','Wu','wcmilan@126.com','18613579','','wuchang','','','addr1','addr2','beijng','54321','france',44,'Beijing',685,'','','Chang','Wu','','Address 1','','beijing','100080','China',44,'Beijing',685,'','','','200.0000',0,0,0,'0.0000',1,2,'USD','1.00000000','2012-06-19 13:48:03','2012-06-19 13:48:03','127.0.0.1'),(319,0,'INV-2011-00',0,'Your Store','http://godropshipping.com/',1,9,'Chang','Wu','wcmilan@126.com','18613579','','wuchang','','','addr1','addr2','beijng','54321','france',44,'Beijing',685,'','','Chang','Wu','','Address 1','','beijing','100080','China',44,'Beijing',685,'','','','300.0000',0,0,0,'0.0000',1,2,'USD','1.00000000','2012-06-19 13:48:19','2012-06-19 13:48:19','127.0.0.1'),(320,0,'INV-2011-00',0,'Your Store','http://godropshipping.com/',1,9,'Chang','Wu','wcmilan@126.com','18613579','','wuchang','','','addr1','addr2','beijng','54321','france',44,'Beijing',685,'','','Chang','Wu','','Address 1','','beijing','100080','China',44,'Beijing',685,'','','','200.0000',0,0,0,'0.0000',1,2,'USD','1.00000000','2012-06-19 13:48:19','2012-06-19 13:48:19','127.0.0.1'),(321,0,'INV-2011-00',0,'Your Store','http://godropshipping.com/',1,9,'Chang','Wu','wcmilan@126.com','18613579','','wuchang','','','addr1','addr2','beijng','54321','france',44,'Beijing',685,'','','Chang','Wu','','Address 1','','beijing','100080','China',44,'Beijing',685,'','','','300.0000',0,0,0,'0.0000',1,2,'USD','1.00000000','2012-06-19 13:50:43','2012-06-19 13:50:43','127.0.0.1'),(322,0,'INV-2011-00',0,'Your Store','http://godropshipping.com/',1,9,'Chang','Wu','wcmilan@126.com','18613579','','wuchang','','','addr1','addr2','beijng','54321','france',44,'Beijing',685,'','','Chang','Wu','','Address 1','','beijing','100080','China',44,'Beijing',685,'','','','200.0000',0,0,0,'0.0000',1,2,'USD','1.00000000','2012-06-19 13:50:43','2012-06-19 13:50:43','127.0.0.1'),(323,0,'INV-2011-00',0,'Your Store','http://godropshipping.com/',1,9,'Chang','Wu','wcmilan@126.com','18613579','','wuchang','','','addr1','addr2','beijng','54321','france',44,'Beijing',685,'','','Chang','Wu','','Address 1','','beijing','100080','China',44,'Beijing',685,'','','','300.0000',0,0,0,'0.0000',1,2,'USD','1.00000000','2012-06-19 13:51:07','2012-06-19 13:51:07','127.0.0.1'),(324,0,'INV-2011-00',0,'Your Store','http://godropshipping.com/',1,9,'Chang','Wu','wcmilan@126.com','18613579','','wuchang','','','addr1','addr2','beijng','54321','france',44,'Beijing',685,'','','Chang','Wu','','Address 1','','beijing','100080','China',44,'Beijing',685,'','','','200.0000',0,0,0,'0.0000',1,2,'USD','1.00000000','2012-06-19 13:51:07','2012-06-19 13:51:07','127.0.0.1'),(325,0,'INV-2011-00',0,'Your Store','http://godropshipping.com/',1,9,'Chang','Wu','wcmilan@126.com','18613579','','wuchang','','','addr1','addr2','beijng','54321','france',44,'Beijing',685,'','','Chang','Wu','','Address 1','','beijing','100080','China',44,'Beijing',685,'','','','300.0000',0,0,0,'0.0000',1,2,'USD','1.00000000','2012-06-19 13:52:12','2012-06-19 13:52:12','127.0.0.1'),(326,0,'INV-2011-00',0,'Your Store','http://godropshipping.com/',1,9,'Chang','Wu','wcmilan@126.com','18613579','','wuchang','','','addr1','addr2','beijng','54321','france',44,'Beijing',685,'','','Chang','Wu','','Address 1','','beijing','100080','China',44,'Beijing',685,'','','','200.0000',0,0,0,'0.0000',1,2,'USD','1.00000000','2012-06-19 13:52:12','2012-06-19 13:52:12','127.0.0.1'),(327,0,'INV-2011-00',0,'Your Store','http://godropshipping.com/',1,9,'Chang','Wu','wcmilan@126.com','18613579','','wuchang','','','addr1','addr2','beijng','54321','france',44,'Beijing',685,'','','Chang','Wu','','Address 1','','beijing','100080','China',44,'Beijing',685,'','','','300.0000',0,0,0,'0.0000',1,2,'USD','1.00000000','2012-06-19 13:53:52','2012-06-19 13:53:52','127.0.0.1'),(328,0,'INV-2011-00',0,'Your Store','http://godropshipping.com/',1,9,'Chang','Wu','wcmilan@126.com','18613579','','wuchang','','','addr1','addr2','beijng','54321','france',44,'Beijing',685,'','','Chang','Wu','','Address 1','','beijing','100080','China',44,'Beijing',685,'','','','200.0000',0,0,0,'0.0000',1,2,'USD','1.00000000','2012-06-19 13:53:52','2012-06-19 13:53:52','127.0.0.1'),(329,0,'INV-2011-00',0,'Your Store','http://godropshipping.com/',1,9,'Chang','Wu','wcmilan@126.com','18613579','','wuchang','','','addr1','addr2','beijng','54321','france',44,'Beijing',685,'','','Chang','Wu','','Address 1','','beijing','100080','China',44,'Beijing',685,'','','','300.0000',0,0,0,'0.0000',1,2,'USD','1.00000000','2012-06-19 13:54:45','2012-06-19 13:54:45','127.0.0.1'),(330,0,'INV-2011-00',0,'Your Store','http://godropshipping.com/',1,9,'Chang','Wu','wcmilan@126.com','18613579','','wuchang','','','addr1','addr2','beijng','54321','france',44,'Beijing',685,'','','Chang','Wu','','Address 1','','beijing','100080','China',44,'Beijing',685,'','','','200.0000',0,0,0,'0.0000',1,2,'USD','1.00000000','2012-06-19 13:54:45','2012-06-19 13:54:45','127.0.0.1'),(331,0,'INV-2011-00',0,'Your Store','http://godropshipping.com/',1,9,'Chang','Wu','wcmilan@126.com','18613579','','wuchang','','','addr1','addr2','beijng','54321','france',44,'Beijing',685,'','','Chang','Wu','','Address 1','','beijing','100080','China',44,'Beijing',685,'','','','300.0000',0,0,0,'0.0000',1,2,'USD','1.00000000','2012-06-19 13:55:05','2012-06-19 13:55:05','127.0.0.1'),(332,0,'INV-2011-00',0,'Your Store','http://godropshipping.com/',1,9,'Chang','Wu','wcmilan@126.com','18613579','','wuchang','','','addr1','addr2','beijng','54321','france',44,'Beijing',685,'','','Chang','Wu','','Address 1','','beijing','100080','China',44,'Beijing',685,'','','','200.0000',0,0,0,'0.0000',1,2,'USD','1.00000000','2012-06-19 13:55:05','2012-06-19 13:55:05','127.0.0.1'),(333,0,'INV-2011-00',0,'Your Store','http://godropshipping.com/',1,9,'Chang','Wu','wcmilan@126.com','18613579','','wuchang','','','addr1','addr2','beijng','54321','france',44,'Beijing',685,'','','Chang','Wu','','Address 1','','beijing','100080','China',44,'Beijing',685,'','','','300.0000',0,0,0,'0.0000',1,2,'USD','1.00000000','2012-06-19 14:01:17','2012-06-19 14:01:17','127.0.0.1'),(334,0,'INV-2011-00',0,'Your Store','http://godropshipping.com/',1,9,'Chang','Wu','wcmilan@126.com','18613579','','wuchang','','','addr1','addr2','beijng','54321','france',44,'Beijing',685,'','','Chang','Wu','','Address 1','','beijing','100080','China',44,'Beijing',685,'','','','200.0000',0,0,0,'0.0000',1,2,'USD','1.00000000','2012-06-19 14:01:17','2012-06-19 14:01:17','127.0.0.1'),(335,0,'INV-2011-00',0,'Your Store','http://godropshipping.com/',1,9,'Chang','Wu','wcmilan@126.com','18613579','','wuchang','','','addr1','addr2','beijng','54321','france',44,'Beijing',685,'','','Chang','Wu','','Address 1','','beijing','100080','China',44,'Beijing',685,'','','','300.0000',0,0,0,'0.0000',1,2,'USD','1.00000000','2012-06-19 14:03:02','2012-06-19 14:03:02','127.0.0.1'),(336,0,'INV-2011-00',0,'Your Store','http://godropshipping.com/',1,9,'Chang','Wu','wcmilan@126.com','18613579','','wuchang','','','addr1','addr2','beijng','54321','france',44,'Beijing',685,'','','Chang','Wu','','Address 1','','beijing','100080','China',44,'Beijing',685,'','','','200.0000',0,0,0,'0.0000',1,2,'USD','1.00000000','2012-06-19 14:03:02','2012-06-19 14:03:02','127.0.0.1'),(337,0,'INV-2011-00',0,'Your Store','http://godropshipping.com/',1,9,'Chang','Wu','wcmilan@126.com','18613579','','wuchang','','','addr1','addr2','beijng','54321','france',44,'Beijing',685,'','','Chang','Wu','','Address 1','','beijing','100080','China',44,'Beijing',685,'','','','300.0000',0,0,0,'0.0000',1,2,'USD','1.00000000','2012-06-19 14:11:52','2012-06-19 14:11:52','127.0.0.1'),(338,0,'INV-2011-00',0,'Your Store','http://godropshipping.com/',1,9,'Chang','Wu','wcmilan@126.com','18613579','','wuchang','','','addr1','addr2','beijng','54321','france',44,'Beijing',685,'','','Chang','Wu','','Address 1','','beijing','100080','China',44,'Beijing',685,'','','','200.0000',0,0,0,'0.0000',1,2,'USD','1.00000000','2012-06-19 14:11:52','2012-06-19 14:11:52','127.0.0.1'),(339,0,'INV-2011-00',0,'Your Store','http://godropshipping.com/',1,9,'Chang','Wu','wcmilan@126.com','18613579','','wuchang','','','addr1','addr2','beijng','54321','france',44,'Beijing',685,'','','Chang','Wu','','Address 1','','beijing','100080','China',44,'Beijing',685,'','','','300.0000',0,0,0,'0.0000',1,2,'USD','1.00000000','2012-06-19 14:12:15','2012-06-19 14:12:15','127.0.0.1'),(340,0,'INV-2011-00',0,'Your Store','http://godropshipping.com/',1,9,'Chang','Wu','wcmilan@126.com','18613579','','wuchang','','','addr1','addr2','beijng','54321','france',44,'Beijing',685,'','','Chang','Wu','','Address 1','','beijing','100080','China',44,'Beijing',685,'','','','200.0000',0,0,0,'0.0000',1,2,'USD','1.00000000','2012-06-19 14:12:15','2012-06-19 14:12:15','127.0.0.1'),(341,0,'INV-2011-00',0,'Your Store','http://godropshipping.com/',1,9,'Chang','Wu','wcmilan@126.com','18613579','','wuchang','','','addr1','addr2','beijng','54321','france',44,'Beijing',685,'','','Chang','Wu','','Address 1','','beijing','100080','China',44,'Beijing',685,'','','','300.0000',0,0,0,'0.0000',1,2,'USD','1.00000000','2012-06-19 14:12:35','2012-06-19 14:12:35','127.0.0.1'),(342,0,'INV-2011-00',0,'Your Store','http://godropshipping.com/',1,9,'Chang','Wu','wcmilan@126.com','18613579','','wuchang','','','addr1','addr2','beijng','54321','france',44,'Beijing',685,'','','Chang','Wu','','Address 1','','beijing','100080','China',44,'Beijing',685,'','','','200.0000',0,0,0,'0.0000',1,2,'USD','1.00000000','2012-06-19 14:12:35','2012-06-19 14:12:35','127.0.0.1'),(343,0,'INV-2011-00',0,'Your Store','http://godropshipping.com/',1,9,'Chang','Wu','wcmilan@126.com','18613579','','wuchang','','','addr1','addr2','beijng','54321','france',44,'Beijing',685,'','','Chang','Wu','','Address 1','','beijing','100080','China',44,'Beijing',685,'','','','300.0000',0,0,0,'0.0000',1,2,'USD','1.00000000','2012-06-19 14:14:20','2012-06-19 14:14:20','127.0.0.1'),(344,0,'INV-2011-00',0,'Your Store','http://godropshipping.com/',1,9,'Chang','Wu','wcmilan@126.com','18613579','','wuchang','','','addr1','addr2','beijng','54321','france',44,'Beijing',685,'','','Chang','Wu','','Address 1','','beijing','100080','China',44,'Beijing',685,'','','','200.0000',0,0,0,'0.0000',1,2,'USD','1.00000000','2012-06-19 14:14:20','2012-06-19 14:14:20','127.0.0.1'),(345,0,'INV-2011-00',0,'Your Store','http://godropshipping.com/',1,9,'Chang','Wu','wcmilan@126.com','18613579','','wuchang','','','addr1','addr2','beijng','54321','france',44,'Beijing',685,'','','Chang','Wu','','Address 1','','beijing','100080','China',44,'Beijing',685,'','','','300.0000',0,0,0,'0.0000',1,2,'USD','1.00000000','2012-06-19 14:14:40','2012-06-19 14:14:40','127.0.0.1'),(346,0,'INV-2011-00',0,'Your Store','http://godropshipping.com/',1,9,'Chang','Wu','wcmilan@126.com','18613579','','wuchang','','','addr1','addr2','beijng','54321','france',44,'Beijing',685,'','','Chang','Wu','','Address 1','','beijing','100080','China',44,'Beijing',685,'','','','200.0000',0,0,0,'0.0000',1,2,'USD','1.00000000','2012-06-19 14:14:40','2012-06-19 14:14:40','127.0.0.1'),(347,0,'INV-2011-00',0,'Your Store','http://godropshipping.com/',1,9,'Chang','Wu','wcmilan@126.com','18613579','','wuchang','','','addr1','addr2','beijng','54321','france',44,'Beijing',685,'','','Chang','Wu','','Address 1','','beijing','100080','China',44,'Beijing',685,'','','','300.0000',0,0,0,'0.0000',1,2,'USD','1.00000000','2012-06-19 14:15:27','2012-06-19 14:15:27','127.0.0.1'),(348,0,'INV-2011-00',0,'Your Store','http://godropshipping.com/',1,9,'Chang','Wu','wcmilan@126.com','18613579','','wuchang','','','addr1','addr2','beijng','54321','france',44,'Beijing',685,'','','Chang','Wu','','Address 1','','beijing','100080','China',44,'Beijing',685,'','','','200.0000',0,0,0,'0.0000',1,2,'USD','1.00000000','2012-06-19 14:15:27','2012-06-19 14:15:27','127.0.0.1'),(349,0,'INV-2011-00',0,'Your Store','http://godropshipping.com/',1,9,'Chang','Wu','wcmilan@126.com','18613579','','wuchang','','','addr1','addr2','beijng','54321','france',44,'Beijing',685,'','','Chang','Wu','','Address 1','','beijing','100080','China',44,'Beijing',685,'','','','300.0000',0,0,0,'0.0000',1,2,'USD','1.00000000','2012-06-19 14:15:46','2012-06-19 14:15:46','127.0.0.1'),(350,0,'INV-2011-00',0,'Your Store','http://godropshipping.com/',1,9,'Chang','Wu','wcmilan@126.com','18613579','','wuchang','','','addr1','addr2','beijng','54321','france',44,'Beijing',685,'','','Chang','Wu','','Address 1','','beijing','100080','China',44,'Beijing',685,'','','','200.0000',0,0,0,'0.0000',1,2,'USD','1.00000000','2012-06-19 14:15:46','2012-06-19 14:15:46','127.0.0.1'),(351,0,'INV-2011-00',0,'Your Store','http://godropshipping.com/',1,9,'Chang','Wu','wcmilan@126.com','18613579','','wuchang','','','addr1','addr2','beijng','54321','france',44,'Beijing',685,'','','Chang','Wu','','Address 1','','beijing','100080','China',44,'Beijing',685,'','','','300.0000',0,0,0,'0.0000',1,2,'USD','1.00000000','2012-06-19 14:20:20','2012-06-19 14:20:20','127.0.0.1'),(352,0,'INV-2011-00',0,'Your Store','http://godropshipping.com/',1,9,'Chang','Wu','wcmilan@126.com','18613579','','wuchang','','','addr1','addr2','beijng','54321','france',44,'Beijing',685,'','','Chang','Wu','','Address 1','','beijing','100080','China',44,'Beijing',685,'','','','200.0000',0,0,0,'0.0000',1,2,'USD','1.00000000','2012-06-19 14:20:20','2012-06-19 14:20:20','127.0.0.1'),(353,0,'INV-2011-00',0,'Your Store','http://godropshipping.com/',1,9,'Chang','Wu','wcmilan@126.com','18613579','','wuchang','','','addr1','addr2','beijng','54321','france',44,'Beijing',685,'','','Chang','Wu','','Address 1','','beijing','100080','China',44,'Beijing',685,'','','','300.0000',0,0,0,'0.0000',1,2,'USD','1.00000000','2012-06-19 14:20:38','2012-06-19 14:20:38','127.0.0.1'),(354,0,'INV-2011-00',0,'Your Store','http://godropshipping.com/',1,9,'Chang','Wu','wcmilan@126.com','18613579','','wuchang','','','addr1','addr2','beijng','54321','france',44,'Beijing',685,'','','Chang','Wu','','Address 1','','beijing','100080','China',44,'Beijing',685,'','','','200.0000',0,0,0,'0.0000',1,2,'USD','1.00000000','2012-06-19 14:20:38','2012-06-19 14:20:38','127.0.0.1'),(357,0,'INV-2011-00',0,'Your Store','http://godropshipping.com/',1,9,'Chang','Wu','wcmilan@126.com','18613579','','wuchang','','','addr1','addr2','beijng','54321','france',44,'Beijing',685,'','','Chang','Wu','','Address 1','','beijing','100080','China',44,'Beijing',685,'','','','300.0000',0,0,0,'0.0000',1,2,'USD','1.00000000','2012-06-19 14:37:04','2012-06-19 14:37:04','127.0.0.1'),(359,0,'INV-2011-00',0,'Your Store','http://godropshipping.com/',1,9,'Chang','Wu','wcmilan@126.com','18613579','','wuchang','','','addr1','addr2','beijng','54321','france',44,'Beijing',685,'','','Chang','Wu','','Address 1','','beijing','100080','China',44,'Beijing',685,'','','','300.0000',0,0,0,'0.0000',1,2,'USD','1.00000000','2012-06-19 14:38:37','2012-06-19 14:38:37','127.0.0.1'),(365,0,'INV-2011-00',0,'Your Store','http://godropshipping.com/',1,9,'Chang','Wu','wcmilan@126.com','18613579','','','','','','','','','',0,'',0,'','','Chang','Wu','','Address 1','','beijing','100080','China',44,'Beijing',685,'','','','300.0000',0,0,0,'0.0000',1,2,'USD','1.00000000','2012-06-19 14:56:22','2012-06-19 14:56:22','127.0.0.1'),(366,0,'INV-2011-00',0,'Your Store','http://godropshipping.com/',1,9,'Chang','Wu','wcmilan@126.com','18613579','','','','','','','','','',0,'',0,'','','Chang','Wu','','Address 1','','beijing','100080','China',44,'Beijing',685,'','','','200.0000',0,0,0,'0.0000',1,2,'USD','1.00000000','2012-06-19 14:56:22','2012-06-19 14:56:22','127.0.0.1'),(367,0,'INV-2011-00',0,'Your Store','http://godropshipping.com/',1,9,'Chang','Wu','wcmilan@126.com','18613579','','','','','','','','','',0,'',0,'','','Chang','Wu','','Address 1','','beijing','100080','China',44,'Beijing',685,'','','','300.0000',0,0,0,'0.0000',1,2,'USD','1.00000000','2012-06-19 14:56:50','2012-06-19 14:56:50','127.0.0.1'),(368,0,'INV-2011-00',0,'Your Store','http://godropshipping.com/',1,9,'Chang','Wu','wcmilan@126.com','18613579','','','','','','','','','',0,'',0,'','','Chang','Wu','','Address 1','','beijing','100080','China',44,'Beijing',685,'','','','200.0000',0,0,0,'0.0000',1,2,'USD','1.00000000','2012-06-19 14:56:50','2012-06-19 14:56:50','127.0.0.1'),(374,0,'INV-2011-00',0,'Your Store','http://godropshipping.com/',1,9,'Chang','Wu','wcmilan@126.com','18613579','','','','','','','','','',0,'',0,'','','Chang','Wu','','Address 1','','beijing','100080','China',44,'Beijing',685,'','','','200.0000',0,0,0,'0.0000',1,2,'USD','1.00000000','2012-06-19 15:00:14','2012-06-19 15:00:14','127.0.0.1'),(373,0,'INV-2011-00',0,'Your Store','http://godropshipping.com/',1,9,'Chang','Wu','wcmilan@126.com','18613579','','','','','','','','','',0,'',0,'','','Chang','Wu','','Address 1','','beijing','100080','China',44,'Beijing',685,'','','','300.0000',0,0,0,'0.0000',1,2,'USD','1.00000000','2012-06-19 15:00:14','2012-06-19 15:00:14','127.0.0.1'),(375,0,'INV-2011-00',0,'Your Store','http://godropshipping.com/',1,9,'Chang','Wu','wcmilan@126.com','18613579','','','','','','','','','',0,'',0,'','','Chang','Wu','','Address 1','','beijing','100080','China',44,'Beijing',685,'','','','300.0000',0,0,0,'0.0000',1,2,'USD','1.00000000','2012-06-19 15:02:12','2012-06-19 15:02:12','127.0.0.1'),(377,0,'INV-2011-00',0,'Your Store','http://godropshipping.com/',1,9,'Chang','Wu','wcmilan@126.com','18613579','','','','','','','','','',0,'',0,'','','Chang','Wu','','Address 1','','beijing','100080','China',44,'Beijing',685,'','','','300.0000',0,0,0,'0.0000',1,2,'USD','1.00000000','2012-06-19 15:15:16','2012-06-19 15:15:16','127.0.0.1'),(379,0,'INV-2011-00',0,'Your Store','http://godropshipping.com/',1,9,'Chang','Wu','wcmilan@126.com','18613579','','','','','','','','','',0,'',0,'','','Chang','Wu','','Address 1','','beijing','100080','China',44,'Beijing',685,'','','','300.0000',0,0,0,'0.0000',1,2,'USD','1.00000000','2012-06-19 15:27:27','2012-06-19 15:27:27','127.0.0.1'),(380,0,'INV-2011-00',0,'Your Store','http://godropshipping.com/',1,9,'Chang','Wu','wcmilan@126.com','18613579','','','','','','','','','',0,'',0,'','','Chang','Wu','','Address 1','','beijing','100080','China',44,'Beijing',685,'','','','200.0000',0,0,0,'0.0000',1,2,'USD','1.00000000','2012-06-19 15:27:27','2012-06-19 15:27:27','127.0.0.1'),(381,0,'INV-2011-00',0,'Your Store','http://godropshipping.com/',1,9,'Chang','Wu','wcmilan@126.com','18613579','','','','','','','','','',0,'',0,'','','Chang','Wu','','Address 1','','beijing','100080','China',44,'Beijing',685,'','','','300.0000',0,0,0,'0.0000',1,2,'USD','1.00000000','2012-06-19 15:50:43','2012-06-19 15:50:43','127.0.0.1'),(382,0,'INV-2011-00',0,'Your Store','http://godropshipping.com/',1,9,'Chang','Wu','wcmilan@126.com','18613579','','','','','','','','','',0,'',0,'','','Chang','Wu','','Address 1','','beijing','100080','China',44,'Beijing',685,'','','','200.0000',0,0,0,'0.0000',1,2,'USD','1.00000000','2012-06-19 15:50:43','2012-06-19 15:50:43','127.0.0.1'),(383,0,'INV-2011-00',0,'Your Store','http://godropshipping.com/',1,9,'Chang','Wu','wcmilan@126.com','18613579','','','','','','','','','',0,'',0,'','','Chang','Wu','','Address 1','','beijing','100080','China',44,'Beijing',685,'','','','300.0000',0,0,0,'0.0000',1,2,'USD','1.00000000','2012-06-19 16:01:08','2012-06-19 16:01:08','127.0.0.1'),(384,0,'INV-2011-00',0,'Your Store','http://godropshipping.com/',1,9,'Chang','Wu','wcmilan@126.com','18613579','','','','','','','','','',0,'',0,'','','Chang','Wu','','Address 1','','beijing','100080','China',44,'Beijing',685,'','','','200.0000',0,0,0,'0.0000',1,2,'USD','1.00000000','2012-06-19 16:01:08','2012-06-19 16:01:08','127.0.0.1'),(385,0,'INV-2011-00',0,'Your Store','http://godropshipping.com/',1,9,'Chang','Wu','wcmilan@126.com','18613579','','','','','','','','','',0,'',0,'','','Chang','Wu','','Address 1','','beijing','100080','China',44,'Beijing',685,'','','','300.0000',0,0,0,'0.0000',1,2,'USD','1.00000000','2012-06-19 16:02:06','2012-06-19 16:02:06','127.0.0.1'),(386,0,'INV-2011-00',0,'Your Store','http://godropshipping.com/',1,9,'Chang','Wu','wcmilan@126.com','18613579','','','','','','','','','',0,'',0,'','','Chang','Wu','','Address 1','','beijing','100080','China',44,'Beijing',685,'','','','200.0000',0,0,0,'0.0000',1,2,'USD','1.00000000','2012-06-19 16:02:06','2012-06-19 16:02:06','127.0.0.1'),(391,0,'INV-2011-00',0,'Your Store','http://godropshipping.com/',1,9,'Chang','Wu','wcmilan@126.com','18613579','','','','','','','','','',0,'',0,'','','Chang','Wu','','Address 1','','beijing','100080','China',44,'Beijing',685,'','','','300.0000',0,0,0,'0.0000',1,2,'USD','1.00000000','2012-06-19 16:07:17','2012-06-19 16:07:17','127.0.0.1'),(392,0,'INV-2011-00',0,'Your Store','http://godropshipping.com/',1,9,'Chang','Wu','wcmilan@126.com','18613579','','','','','','','','','',0,'',0,'','','Chang','Wu','','Address 1','','beijing','100080','China',44,'Beijing',685,'','','','200.0000',0,0,0,'0.0000',1,2,'USD','1.00000000','2012-06-19 16:07:17','2012-06-19 16:07:17','127.0.0.1'),(399,0,'INV-2011-00',0,'Your Store','http://godropshipping.com/',1,9,'Chang','Wu','wcmilan@126.com','18613579','','','','','','','','','',0,'',0,'','','Chang','Wu','','Address 1','','beijing','100080','China',44,'Beijing',685,'','','','300.0000',0,0,0,'0.0000',1,2,'USD','1.00000000','2012-06-19 17:13:24','2012-06-19 17:13:24','127.0.0.1'),(400,0,'INV-2011-00',0,'Your Store','http://godropshipping.com/',1,9,'Chang','Wu','wcmilan@126.com','18613579','','','','','','','','','',0,'',0,'','','Chang','Wu','','Address 1','','beijing','100080','China',44,'Beijing',685,'','','','200.0000',0,0,0,'0.0000',1,2,'USD','1.00000000','2012-06-19 17:13:24','2012-06-19 17:13:24','127.0.0.1'),(401,0,'INV-2011-00',0,'Your Store','http://godropshipping.com/',1,9,'Chang','Wu','wcmilan@126.com','18613579','','','','','','','','','',0,'',0,'','','Chang','Wu','','Address 1','','beijing','100080','China',44,'Beijing',685,'','','','0.0000',0,0,0,'0.0000',1,2,'USD','1.00000000','2012-06-19 17:14:01','2012-06-19 17:14:01','127.0.0.1'),(402,0,'INV-2011-00',0,'Your Store','http://godropshipping.com/',1,9,'Chang','Wu','wcmilan@126.com','18613579','','','','','','','','','',0,'',0,'','','Chang','Wu','','Address 1','','beijing','100080','China',44,'Beijing',685,'','','','200.0000',0,0,0,'0.0000',1,2,'USD','1.00000000','2012-06-19 17:14:01','2012-06-19 17:14:01','127.0.0.1'),(403,0,'INV-2011-00',0,'Your Store','http://godropshipping.com/',1,9,'Chang','Wu','wcmilan@126.com','18613579','','','','','','','','','',0,'',0,'','','Chang','Wu','','Address 1','','beijing','100080','China',44,'Beijing',685,'','','','0.0000',0,0,0,'0.0000',1,2,'USD','1.00000000','2012-06-19 17:14:17','2012-06-19 17:14:17','127.0.0.1'),(404,0,'INV-2011-00',0,'Your Store','http://godropshipping.com/',1,9,'Chang','Wu','wcmilan@126.com','18613579','','','','','','','','','',0,'',0,'','','Chang','Wu','','Address 1','','beijing','100080','China',44,'Beijing',685,'','','','200.0000',0,0,0,'0.0000',1,2,'USD','1.00000000','2012-06-19 17:14:17','2012-06-19 17:14:17','127.0.0.1'),(405,0,'INV-2011-00',0,'Your Store','http://godropshipping.com/',1,9,'Chang','Wu','wcmilan@126.com','18613579','','','','','','','','','',0,'',0,'','','Chang','Wu','','Address 1','','beijing','100080','China',44,'Beijing',685,'','','','0.0000',0,0,0,'0.0000',1,2,'USD','1.00000000','2012-06-19 17:14:24','2012-06-19 17:14:24','127.0.0.1'),(406,0,'INV-2011-00',0,'Your Store','http://godropshipping.com/',1,9,'Chang','Wu','wcmilan@126.com','18613579','','','','','','','','','',0,'',0,'','','Chang','Wu','','Address 1','','beijing','100080','China',44,'Beijing',685,'','','','200.0000',0,0,0,'0.0000',1,2,'USD','1.00000000','2012-06-19 17:14:24','2012-06-19 17:14:24','127.0.0.1'),(407,0,'INV-2011-00',0,'Your Store','http://godropshipping.com/',1,9,'Chang','Wu','wcmilan@126.com','18613579','','','','','','','','','',0,'',0,'','','Chang','Wu','','Address 1','','beijing','100080','China',44,'Beijing',685,'','','','0.0000',0,0,0,'0.0000',1,2,'USD','1.00000000','2012-06-19 17:18:10','2012-06-19 17:18:10','127.0.0.1'),(408,0,'INV-2011-00',0,'Your Store','http://godropshipping.com/',1,9,'Chang','Wu','wcmilan@126.com','18613579','','','','','','','','','',0,'',0,'','','Chang','Wu','','Address 1','','beijing','100080','China',44,'Beijing',685,'','','','200.0000',0,0,0,'0.0000',1,2,'USD','1.00000000','2012-06-19 17:18:10','2012-06-19 17:18:10','127.0.0.1'),(409,0,'INV-2011-00',0,'Your Store','http://godropshipping.com/',1,9,'Chang','Wu','wcmilan@126.com','18613579','','','','','','','','','',0,'',0,'','','Chang','Wu','','Address 1','','beijing','100080','China',44,'Beijing',685,'','','','0.0000',0,0,0,'0.0000',1,2,'USD','1.00000000','2012-06-19 17:18:25','2012-06-19 17:18:25','127.0.0.1'),(410,0,'INV-2011-00',0,'Your Store','http://godropshipping.com/',1,9,'Chang','Wu','wcmilan@126.com','18613579','','','','','','','','','',0,'',0,'','','Chang','Wu','','Address 1','','beijing','100080','China',44,'Beijing',685,'','','','200.0000',0,0,0,'0.0000',1,2,'USD','1.00000000','2012-06-19 17:18:25','2012-06-19 17:18:25','127.0.0.1'),(411,0,'INV-2011-00',0,'Your Store','http://godropshipping.com/',1,9,'Chang','Wu','wcmilan@126.com','18613579','','','','','','','','','',0,'',0,'','','Chang','Wu','','Address 1','','beijing','100080','China',44,'Beijing',685,'','','','0.0000',0,0,0,'0.0000',1,2,'USD','1.00000000','2012-06-19 17:24:34','2012-06-19 17:24:34','127.0.0.1'),(412,0,'INV-2011-00',0,'Your Store','http://godropshipping.com/',1,9,'Chang','Wu','wcmilan@126.com','18613579','','','','','','','','','',0,'',0,'','','Chang','Wu','','Address 1','','beijing','100080','China',44,'Beijing',685,'','','','200.0000',0,0,0,'0.0000',1,2,'USD','1.00000000','2012-06-19 17:24:38','2012-06-19 17:24:38','127.0.0.1'),(415,0,'INV-2011-00',0,'Your Store','http://godropshipping.com/',1,9,'Chang','Wu','wcmilan@126.com','18613579','','','','','','','','','',0,'',0,'','','Chang','Wu','','Address 1','','beijing','100080','China',44,'Beijing',685,'','','','300.0000',0,0,0,'0.0000',1,2,'USD','1.00000000','2012-06-19 17:35:26','2012-06-19 17:35:26','127.0.0.1'),(416,0,'INV-2011-00',0,'Your Store','http://godropshipping.com/',1,9,'Chang','Wu','wcmilan@126.com','18613579','','','','','','','','','',0,'',0,'','','Chang','Wu','','Address 1','','beijing','100080','China',44,'Beijing',685,'','','','200.0000',0,0,0,'0.0000',1,2,'USD','1.00000000','2012-06-19 17:35:26','2012-06-19 17:35:26','127.0.0.1'),(417,0,'INV-2011-00',0,'Your Store','http://godropshipping.com/',1,9,'Chang','Wu','wcmilan@126.com','18613579','','','','','','','','','',0,'',0,'','','Chang','Wu','','Address 1','','beijing','100080','China',44,'Beijing',685,'','','','300.0000',0,0,0,'0.0000',1,2,'USD','1.00000000','2012-06-19 17:36:51','2012-06-19 17:36:51','127.0.0.1'),(418,0,'INV-2011-00',0,'Your Store','http://godropshipping.com/',1,9,'Chang','Wu','wcmilan@126.com','18613579','','','','','','','','','',0,'',0,'','','Chang','Wu','','Address 1','','beijing','100080','China',44,'Beijing',685,'','','','200.0000',0,0,0,'0.0000',1,2,'USD','1.00000000','2012-06-19 17:36:51','2012-06-19 17:36:51','127.0.0.1'),(419,0,'INV-2011-00',0,'Your Store','http://godropshipping.com/',1,9,'Chang','Wu','wcmilan@126.com','18613579','','','','','','','','','',0,'',0,'','','Chang','Wu','','Address 1','','beijing','100080','China',44,'Beijing',685,'','','','300.0000',0,0,0,'0.0000',1,2,'USD','1.00000000','2012-06-19 17:44:53','2012-06-19 17:44:53','127.0.0.1'),(420,0,'INV-2011-00',0,'Your Store','http://godropshipping.com/',1,9,'Chang','Wu','wcmilan@126.com','18613579','','','','','','','','','',0,'',0,'','','Chang','Wu','','Address 1','','beijing','100080','China',44,'Beijing',685,'','','','200.0000',0,0,0,'0.0000',1,2,'USD','1.00000000','2012-06-19 17:44:53','2012-06-19 17:44:53','127.0.0.1'),(421,0,'INV-2011-00',0,'Your Store','http://godropshipping.com/',1,9,'Chang','Wu','wcmilan@126.com','18613579','','','','','','','','','',0,'',0,'','','Chang','Wu','','Address 1','','beijing','100080','China',44,'Beijing',685,'','','','300.0000',0,0,0,'0.0000',1,2,'USD','1.00000000','2012-06-19 17:48:44','2012-06-19 17:48:44','127.0.0.1'),(422,0,'INV-2011-00',0,'Your Store','http://godropshipping.com/',1,9,'Chang','Wu','wcmilan@126.com','18613579','','','','','','','','','',0,'',0,'','','Chang','Wu','','Address 1','','beijing','100080','China',44,'Beijing',685,'','','','200.0000',0,0,0,'0.0000',1,2,'USD','1.00000000','2012-06-19 17:48:44','2012-06-19 17:48:44','127.0.0.1'),(423,0,'INV-2011-00',0,'Your Store','http://godropshipping.com/',1,9,'Chang','Wu','wcmilan@126.com','18613579','','','','','','','','','',0,'',0,'','','Chang','Wu','','Address 1','','beijing','100080','China',44,'Beijing',685,'','','','300.0000',0,0,0,'0.0000',1,2,'USD','1.00000000','2012-06-19 17:49:04','2012-06-19 17:49:04','127.0.0.1'),(424,0,'INV-2011-00',0,'Your Store','http://godropshipping.com/',1,9,'Chang','Wu','wcmilan@126.com','18613579','','','','','','','','','',0,'',0,'','','Chang','Wu','','Address 1','','beijing','100080','China',44,'Beijing',685,'','','','200.0000',0,0,0,'0.0000',1,2,'USD','1.00000000','2012-06-19 17:49:04','2012-06-19 17:49:04','127.0.0.1'),(425,0,'INV-2011-00',0,'Your Store','http://godropshipping.com/',1,9,'Chang','Wu','wcmilan@126.com','18613579','','','','','','','','','',0,'',0,'','','Chang','Wu','','Address 1','','beijing','100080','China',44,'Beijing',685,'','','','300.0000',0,0,0,'0.0000',1,2,'USD','1.00000000','2012-06-19 18:00:52','2012-06-19 18:00:52','127.0.0.1'),(426,0,'INV-2011-00',0,'Your Store','http://godropshipping.com/',1,9,'Chang','Wu','wcmilan@126.com','18613579','','','','','','','','','',0,'',0,'','','Chang','Wu','','Address 1','','beijing','100080','China',44,'Beijing',685,'','','','200.0000',0,0,0,'0.0000',1,2,'USD','1.00000000','2012-06-19 18:00:52','2012-06-19 18:00:52','127.0.0.1'),(427,0,'INV-2011-00',0,'Your Store','http://godropshipping.com/',1,9,'Chang','Wu','wcmilan@126.com','18613579','','','','','','','','','',0,'',0,'','','Chang','Wu','','Address 1','','beijing','100080','China',44,'Beijing',685,'','','','300.0000',0,0,0,'0.0000',1,2,'USD','1.00000000','2012-06-19 18:02:11','2012-06-19 18:02:11','127.0.0.1'),(428,0,'INV-2011-00',0,'Your Store','http://godropshipping.com/',1,9,'Chang','Wu','wcmilan@126.com','18613579','','','','','','','','','',0,'',0,'','','Chang','Wu','','Address 1','','beijing','100080','China',44,'Beijing',685,'','','','200.0000',0,0,0,'0.0000',1,2,'USD','1.00000000','2012-06-19 18:02:11','2012-06-19 18:02:11','127.0.0.1'),(429,0,'INV-2011-00',0,'Your Store','http://godropshipping.com/',1,9,'Chang','Wu','wcmilan@126.com','18613579','','','','','','','','','',0,'',0,'','','Chang','Wu','','Address 1','','beijing','100080','China',44,'Beijing',685,'','','','300.0000',0,0,0,'0.0000',1,2,'USD','1.00000000','2012-06-19 18:10:26','2012-06-19 18:10:26','127.0.0.1'),(430,0,'INV-2011-00',0,'Your Store','http://godropshipping.com/',1,9,'Chang','Wu','wcmilan@126.com','18613579','','','','','','','','','',0,'',0,'','','Chang','Wu','','Address 1','','beijing','100080','China',44,'Beijing',685,'','','','200.0000',0,0,0,'0.0000',1,2,'USD','1.00000000','2012-06-19 18:10:26','2012-06-19 18:10:26','127.0.0.1'),(431,0,'INV-2011-00',0,'Your Store','http://godropshipping.com/',1,9,'Chang','Wu','wcmilan@126.com','18613579','','','','','','','','','',0,'',0,'','','Chang','Wu','','Address 1','','beijing','100080','China',44,'Beijing',685,'','','','300.0000',0,0,0,'0.0000',1,2,'USD','1.00000000','2012-06-19 18:11:12','2012-06-19 18:11:12','127.0.0.1'),(432,0,'INV-2011-00',0,'Your Store','http://godropshipping.com/',1,9,'Chang','Wu','wcmilan@126.com','18613579','','','','','','','','','',0,'',0,'','','Chang','Wu','','Address 1','','beijing','100080','China',44,'Beijing',685,'','','','200.0000',0,0,0,'0.0000',1,2,'USD','1.00000000','2012-06-19 18:11:12','2012-06-19 18:11:12','127.0.0.1'),(433,0,'INV-2011-00',0,'Your Store','http://godropshipping.com/',1,9,'Chang','Wu','wcmilan@126.com','18613579','','','','','','','','','',0,'',0,'','','Chang','Wu','','Address 1','','beijing','100080','China',44,'Beijing',685,'','','','300.0000',0,0,0,'0.0000',1,2,'USD','1.00000000','2012-06-19 18:23:37','2012-06-19 18:23:37','127.0.0.1'),(434,0,'INV-2011-00',0,'Your Store','http://godropshipping.com/',1,9,'Chang','Wu','wcmilan@126.com','18613579','','','','','','','','','',0,'',0,'','','Chang','Wu','','Address 1','','beijing','100080','China',44,'Beijing',685,'','','','200.0000',0,0,0,'0.0000',1,2,'USD','1.00000000','2012-06-19 18:23:37','2012-06-19 18:23:37','127.0.0.1'),(435,0,'INV-2011-00',0,'Your Store','http://godropshipping.com/',1,9,'Chang','Wu','wcmilan@126.com','18613579','','','','','','','','','',0,'',0,'','','Chang','Wu','','Address 1','','beijing','100080','China',44,'Beijing',685,'','','','300.0000',0,0,0,'0.0000',1,2,'USD','1.00000000','2012-06-19 18:24:12','2012-06-19 18:24:12','127.0.0.1'),(436,0,'INV-2011-00',0,'Your Store','http://godropshipping.com/',1,9,'Chang','Wu','wcmilan@126.com','18613579','','','','','','','','','',0,'',0,'','','Chang','Wu','','Address 1','','beijing','100080','China',44,'Beijing',685,'','','','200.0000',0,0,0,'0.0000',1,2,'USD','1.00000000','2012-06-19 18:24:12','2012-06-19 18:24:12','127.0.0.1'),(437,0,'INV-2011-00',0,'Your Store','http://godropshipping.com/',1,9,'Chang','Wu','wcmilan@126.com','18613579','','','','','','','','','',0,'',0,'','','Chang','Wu','','Address 1','','beijing','100080','China',44,'Beijing',685,'','','','300.0000',0,0,0,'0.0000',1,2,'USD','1.00000000','2012-06-19 18:25:02','2012-06-19 18:25:02','127.0.0.1'),(438,0,'INV-2011-00',0,'Your Store','http://godropshipping.com/',1,9,'Chang','Wu','wcmilan@126.com','18613579','','','','','','','','','',0,'',0,'','','Chang','Wu','','Address 1','','beijing','100080','China',44,'Beijing',685,'','','','200.0000',0,0,0,'0.0000',1,2,'USD','1.00000000','2012-06-19 18:25:02','2012-06-19 18:25:02','127.0.0.1'),(439,0,'INV-2011-00',0,'Your Store','http://godropshipping.com/',1,9,'Chang','Wu','wcmilan@126.com','18613579','','','','','','','','','',0,'',0,'','','Chang','Wu','','Address 1','','beijing','100080','China',44,'Beijing',685,'','','','300.0000',0,0,0,'0.0000',1,2,'USD','1.00000000','2012-06-19 18:26:26','2012-06-19 18:26:26','127.0.0.1'),(440,0,'INV-2011-00',0,'Your Store','http://godropshipping.com/',1,9,'Chang','Wu','wcmilan@126.com','18613579','','','','','','','','','',0,'',0,'','','Chang','Wu','','Address 1','','beijing','100080','China',44,'Beijing',685,'','','','200.0000',0,0,0,'0.0000',1,2,'USD','1.00000000','2012-06-19 18:26:28','2012-06-19 18:26:28','127.0.0.1'),(441,0,'INV-2011-00',0,'Your Store','http://godropshipping.com/',1,9,'Chang','Wu','wcmilan@126.com','18613579','','','','','','','','','',0,'',0,'','','Chang','Wu','','Address 1','','beijing','100080','China',44,'Beijing',685,'','','','300.0000',0,0,0,'0.0000',1,2,'USD','1.00000000','2012-06-19 18:34:39','2012-06-19 18:34:39','127.0.0.1'),(442,0,'INV-2011-00',0,'Your Store','http://godropshipping.com/',1,9,'Chang','Wu','wcmilan@126.com','18613579','','','','','','','','','',0,'',0,'','','Chang','Wu','','Address 1','','beijing','100080','China',44,'Beijing',685,'','','','200.0000',0,0,0,'0.0000',1,2,'USD','1.00000000','2012-06-19 18:34:52','2012-06-19 18:34:52','127.0.0.1'),(443,0,'INV-2011-00',0,'Your Store','http://godropshipping.com/',1,9,'Chang','Wu','wcmilan@126.com','18613579','','','','','','','','','',0,'',0,'','','Chang','Wu','','Address 1','','beijing','100080','China',44,'Beijing',685,'','','','300.0000',0,0,0,'0.0000',1,2,'USD','1.00000000','2012-06-19 18:35:37','2012-06-19 18:35:37','127.0.0.1'),(444,0,'INV-2011-00',0,'Your Store','http://godropshipping.com/',1,9,'Chang','Wu','wcmilan@126.com','18613579','','','','','','','','','',0,'',0,'','','Chang','Wu','','Address 1','','beijing','100080','China',44,'Beijing',685,'','','','200.0000',0,0,0,'0.0000',1,2,'USD','1.00000000','2012-06-19 18:35:37','2012-06-19 18:35:37','127.0.0.1'),(445,0,'INV-2011-00',0,'Your Store','http://godropshipping.com/',1,9,'Chang','Wu','wcmilan@126.com','18613579','','','','','','','','','',0,'',0,'','','Chang','Wu','','Address 1','','beijing','100080','China',44,'Beijing',685,'','','','300.0000',0,0,0,'0.0000',1,2,'USD','1.00000000','2012-06-19 18:36:27','2012-06-19 18:36:27','127.0.0.1'),(446,0,'INV-2011-00',0,'Your Store','http://godropshipping.com/',1,9,'Chang','Wu','wcmilan@126.com','18613579','','','','','','','','','',0,'',0,'','','Chang','Wu','','Address 1','','beijing','100080','China',44,'Beijing',685,'','','','200.0000',0,0,0,'0.0000',1,2,'USD','1.00000000','2012-06-19 18:36:27','2012-06-19 18:36:27','127.0.0.1'),(447,0,'INV-2011-00',0,'Your Store','http://godropshipping.com/',1,9,'Chang','Wu','wcmilan@126.com','18613579','','','','','','','','','',0,'',0,'','','Chang','Wu','','Address 1','','beijing','100080','China',44,'Beijing',685,'','','','300.0000',0,0,0,'0.0000',1,2,'USD','1.00000000','2012-06-19 20:17:29','2012-06-19 20:17:29','127.0.0.1'),(448,0,'INV-2011-00',0,'Your Store','http://godropshipping.com/',1,9,'Chang','Wu','wcmilan@126.com','18613579','','','','','','','','','',0,'',0,'','','Chang','Wu','','Address 1','','beijing','100080','China',44,'Beijing',685,'','','','200.0000',0,0,0,'0.0000',1,2,'USD','1.00000000','2012-06-19 20:17:29','2012-06-19 20:17:29','127.0.0.1'),(449,0,'INV-2011-00',0,'Your Store','http://godropshipping.com/',1,9,'Chang','Wu','wcmilan@126.com','18613579','','','','','','','','','',0,'',0,'','','Chang','Wu','','Address 1','','beijing','100080','China',44,'Beijing',685,'','','','300.0000',0,0,0,'0.0000',1,2,'USD','1.00000000','2012-06-19 20:37:24','2012-06-19 20:37:24','127.0.0.1'),(450,0,'INV-2011-00',0,'Your Store','http://godropshipping.com/',1,9,'Chang','Wu','wcmilan@126.com','18613579','','','','','','','','','',0,'',0,'','','Chang','Wu','','Address 1','','beijing','100080','China',44,'Beijing',685,'','','','200.0000',0,0,0,'0.0000',1,2,'USD','1.00000000','2012-06-19 20:37:24','2012-06-19 20:37:24','127.0.0.1'),(451,0,'INV-2011-00',0,'Your Store','http://godropshipping.com/',1,9,'Chang','Wu','wcmilan@126.com','18613579','','','','','','','','','',0,'',0,'','','Chang','Wu','','Address 1','','beijing','100080','China',44,'Beijing',685,'','','','300.0000',0,0,0,'0.0000',1,2,'USD','1.00000000','2012-06-19 20:48:06','2012-06-19 20:48:06','127.0.0.1'),(452,0,'INV-2011-00',0,'Your Store','http://godropshipping.com/',1,9,'Chang','Wu','wcmilan@126.com','18613579','','','','','','','','','',0,'',0,'','','Chang','Wu','','Address 1','','beijing','100080','China',44,'Beijing',685,'','','','200.0000',0,0,0,'0.0000',1,2,'USD','1.00000000','2012-06-19 20:48:06','2012-06-19 20:48:06','127.0.0.1'),(453,0,'INV-2011-00',0,'Your Store','http://godropshipping.com/',1,9,'Chang','Wu','wcmilan@126.com','18613579','','','','','','','','','',0,'',0,'','','Chang','Wu','','Address 1','','beijing','100080','China',44,'Beijing',685,'','','','300.0000',0,0,0,'0.0000',1,2,'USD','1.00000000','2012-06-19 20:50:56','2012-06-19 20:50:56','127.0.0.1'),(454,0,'INV-2011-00',0,'Your Store','http://godropshipping.com/',1,9,'Chang','Wu','wcmilan@126.com','18613579','','','','','','','','','',0,'',0,'','','Chang','Wu','','Address 1','','beijing','100080','China',44,'Beijing',685,'','','','200.0000',0,0,0,'0.0000',1,2,'USD','1.00000000','2012-06-19 20:50:56','2012-06-19 20:50:56','127.0.0.1'),(455,0,'INV-2011-00',0,'Your Store','http://godropshipping.com/',1,9,'Chang','Wu','wcmilan@126.com','18613579','','','','','','','','','',0,'',0,'','','Chang','Wu','','Address 1','','beijing','100080','China',44,'Beijing',685,'','','','300.0000',0,0,0,'0.0000',1,2,'USD','1.00000000','2012-06-19 20:52:04','2012-06-19 20:52:04','127.0.0.1'),(456,0,'INV-2011-00',0,'Your Store','http://godropshipping.com/',1,9,'Chang','Wu','wcmilan@126.com','18613579','','','','','','','','','',0,'',0,'','','Chang','Wu','','Address 1','','beijing','100080','China',44,'Beijing',685,'','','','200.0000',0,0,0,'0.0000',1,2,'USD','1.00000000','2012-06-19 20:52:04','2012-06-19 20:52:04','127.0.0.1'),(457,0,'INV-2011-00',0,'Your Store','http://godropshipping.com/',1,9,'Chang','Wu','wcmilan@126.com','18613579','','','','','','','','','',0,'',0,'','','Chang','Wu','','Address 1','','beijing','100080','China',44,'Beijing',685,'','','','300.0000',0,0,0,'0.0000',1,2,'USD','1.00000000','2012-06-19 20:52:49','2012-06-19 20:52:49','127.0.0.1'),(458,0,'INV-2011-00',0,'Your Store','http://godropshipping.com/',1,9,'Chang','Wu','wcmilan@126.com','18613579','','','','','','','','','',0,'',0,'','','Chang','Wu','','Address 1','','beijing','100080','China',44,'Beijing',685,'','','','200.0000',0,0,0,'0.0000',1,2,'USD','1.00000000','2012-06-19 20:52:49','2012-06-19 20:52:49','127.0.0.1'),(459,0,'INV-2011-00',0,'Your Store','http://godropshipping.com/',1,9,'Chang','Wu','wcmilan@126.com','18613579','','','','','','','','','',0,'',0,'','','Chang','Wu','','Address 1','','beijing','100080','China',44,'Beijing',685,'','','','300.0000',0,0,0,'0.0000',1,2,'USD','1.00000000','2012-06-19 20:53:59','2012-06-19 20:53:59','127.0.0.1'),(460,0,'INV-2011-00',0,'Your Store','http://godropshipping.com/',1,9,'Chang','Wu','wcmilan@126.com','18613579','','','','','','','','','',0,'',0,'','','Chang','Wu','','Address 1','','beijing','100080','China',44,'Beijing',685,'','','','200.0000',0,0,0,'0.0000',1,2,'USD','1.00000000','2012-06-19 20:53:59','2012-06-19 20:53:59','127.0.0.1'),(461,0,'INV-2011-00',0,'Your Store','http://godropshipping.com/',1,9,'Chang','Wu','wcmilan@126.com','18613579','','','','','','','','','',0,'',0,'','','Chang','Wu','','Address 1','','beijing','100080','China',44,'Beijing',685,'','','','300.0000',0,0,0,'0.0000',1,2,'USD','1.00000000','2012-06-19 20:57:33','2012-06-19 20:57:33','127.0.0.1'),(462,0,'INV-2011-00',0,'Your Store','http://godropshipping.com/',1,9,'Chang','Wu','wcmilan@126.com','18613579','','','','','','','','','',0,'',0,'','','Chang','Wu','','Address 1','','beijing','100080','China',44,'Beijing',685,'','','','200.0000',0,0,0,'0.0000',1,2,'USD','1.00000000','2012-06-19 20:57:33','2012-06-19 20:57:33','127.0.0.1'),(463,0,'INV-2011-00',0,'Your Store','http://godropshipping.com/',1,9,'Chang','Wu','wcmilan@126.com','18613579','','','','','','','','','',0,'',0,'','','Chang','Wu','','Address 1','','beijing','100080','China',44,'Beijing',685,'','','','300.0000',0,0,0,'0.0000',1,2,'USD','1.00000000','2012-06-19 21:01:58','2012-06-19 21:01:58','127.0.0.1'),(464,0,'INV-2011-00',0,'Your Store','http://godropshipping.com/',1,9,'Chang','Wu','wcmilan@126.com','18613579','','','','','','','','','',0,'',0,'','','Chang','Wu','','Address 1','','beijing','100080','China',44,'Beijing',685,'','','','200.0000',0,0,0,'0.0000',1,2,'USD','1.00000000','2012-06-19 21:01:58','2012-06-19 21:01:58','127.0.0.1'),(465,0,'INV-2011-00',0,'Your Store','http://godropshipping.com/',1,9,'Chang','Wu','wcmilan@126.com','18613579','','','','','','','','','',0,'',0,'','','Chang','Wu','','Address 1','','beijing','100080','China',44,'Beijing',685,'','','','300.0000',0,0,0,'0.0000',1,2,'USD','1.00000000','2012-06-19 21:02:32','2012-06-19 21:02:32','127.0.0.1'),(466,0,'INV-2011-00',0,'Your Store','http://godropshipping.com/',1,9,'Chang','Wu','wcmilan@126.com','18613579','','','','','','','','','',0,'',0,'','','Chang','Wu','','Address 1','','beijing','100080','China',44,'Beijing',685,'','','','200.0000',0,0,0,'0.0000',1,2,'USD','1.00000000','2012-06-19 21:02:32','2012-06-19 21:02:32','127.0.0.1'),(467,0,'INV-2011-00',0,'Your Store','http://godropshipping.com/',1,9,'Chang','Wu','wcmilan@126.com','18613579','','','','','','','','','',0,'',0,'','','Chang','Wu','','Address 1','','beijing','100080','China',44,'Beijing',685,'','','','300.0000',0,0,0,'0.0000',1,2,'USD','1.00000000','2012-06-19 21:03:00','2012-06-19 21:03:00','127.0.0.1'),(468,0,'INV-2011-00',0,'Your Store','http://godropshipping.com/',1,9,'Chang','Wu','wcmilan@126.com','18613579','','','','','','','','','',0,'',0,'','','Chang','Wu','','Address 1','','beijing','100080','China',44,'Beijing',685,'','','','200.0000',0,0,0,'0.0000',1,2,'USD','1.00000000','2012-06-19 21:03:00','2012-06-19 21:03:00','127.0.0.1'),(469,0,'INV-2011-00',0,'Your Store','http://godropshipping.com/',1,9,'Chang','Wu','wcmilan@126.com','18613579','','','','','','','','','',0,'',0,'','','Chang','Wu','','Address 1','','beijing','100080','China',44,'Beijing',685,'','','','300.0000',0,0,0,'0.0000',1,2,'USD','1.00000000','2012-06-19 21:04:40','2012-06-19 21:04:40','127.0.0.1'),(470,0,'INV-2011-00',0,'Your Store','http://godropshipping.com/',1,9,'Chang','Wu','wcmilan@126.com','18613579','','','','','','','','','',0,'',0,'','','Chang','Wu','','Address 1','','beijing','100080','China',44,'Beijing',685,'','','','200.0000',0,0,0,'0.0000',1,2,'USD','1.00000000','2012-06-19 21:04:40','2012-06-19 21:04:40','127.0.0.1'),(471,0,'INV-2011-00',0,'Your Store','http://godropshipping.com/',1,9,'Chang','Wu','wcmilan@126.com','18613579','','','','','','','','','',0,'',0,'','','Chang','Wu','','Address 1','','beijing','100080','China',44,'Beijing',685,'','','','300.0000',0,0,0,'0.0000',1,2,'USD','1.00000000','2012-06-19 21:04:56','2012-06-19 21:04:56','127.0.0.1'),(472,0,'INV-2011-00',0,'Your Store','http://godropshipping.com/',1,9,'Chang','Wu','wcmilan@126.com','18613579','','','','','','','','','',0,'',0,'','','Chang','Wu','','Address 1','','beijing','100080','China',44,'Beijing',685,'','','','200.0000',0,0,0,'0.0000',1,2,'USD','1.00000000','2012-06-19 21:04:56','2012-06-19 21:04:56','127.0.0.1'),(473,0,'INV-2011-00',0,'Your Store','http://godropshipping.com/',1,9,'Chang','Wu','wcmilan@126.com','18613579','','','','','','','','','',0,'',0,'','','Chang','Wu','','Address 1','','beijing','100080','China',44,'Beijing',685,'','','','300.0000',0,0,0,'0.0000',1,2,'USD','1.00000000','2012-06-19 21:05:03','2012-06-19 21:05:03','127.0.0.1'),(474,0,'INV-2011-00',0,'Your Store','http://godropshipping.com/',1,9,'Chang','Wu','wcmilan@126.com','18613579','','','','','','','','','',0,'',0,'','','Chang','Wu','','Address 1','','beijing','100080','China',44,'Beijing',685,'','','','200.0000',0,0,0,'0.0000',1,2,'USD','1.00000000','2012-06-19 21:05:03','2012-06-19 21:05:03','127.0.0.1'),(475,0,'INV-2011-00',0,'Your Store','http://godropshipping.com/',1,9,'Chang','Wu','wcmilan@126.com','18613579','','','','','','','','','',0,'',0,'','','Chang','Wu','','Address 1','','beijing','100080','China',44,'Beijing',685,'','','','300.0000',0,0,0,'0.0000',1,2,'USD','1.00000000','2012-06-19 21:05:25','2012-06-19 21:05:25','127.0.0.1'),(476,0,'INV-2011-00',0,'Your Store','http://godropshipping.com/',1,9,'Chang','Wu','wcmilan@126.com','18613579','','','','','','','','','',0,'',0,'','','Chang','Wu','','Address 1','','beijing','100080','China',44,'Beijing',685,'','','','200.0000',0,0,0,'0.0000',1,2,'USD','1.00000000','2012-06-19 21:05:25','2012-06-19 21:05:25','127.0.0.1'),(477,0,'INV-2011-00',0,'Your Store','http://godropshipping.com/',1,9,'Chang','Wu','wcmilan@126.com','18613579','','','','','','','','','',0,'',0,'','','Chang','Wu','','Address 1','','beijing','100080','China',44,'Beijing',685,'','','','300.0000',0,0,0,'0.0000',1,2,'USD','1.00000000','2012-06-19 21:05:50','2012-06-19 21:05:50','127.0.0.1'),(478,0,'INV-2011-00',0,'Your Store','http://godropshipping.com/',1,9,'Chang','Wu','wcmilan@126.com','18613579','','','','','','','','','',0,'',0,'','','Chang','Wu','','Address 1','','beijing','100080','China',44,'Beijing',685,'','','','200.0000',0,0,0,'0.0000',1,2,'USD','1.00000000','2012-06-19 21:05:50','2012-06-19 21:05:50','127.0.0.1'),(479,0,'INV-2011-00',0,'Your Store','http://godropshipping.com/',1,9,'Chang','Wu','wcmilan@126.com','18613579','','','','','','','','','',0,'',0,'','','Chang','Wu','','Address 1','','beijing','100080','China',44,'Beijing',685,'','','','300.0000',0,0,0,'0.0000',1,2,'USD','1.00000000','2012-06-19 21:06:01','2012-06-19 21:06:01','127.0.0.1'),(480,0,'INV-2011-00',0,'Your Store','http://godropshipping.com/',1,9,'Chang','Wu','wcmilan@126.com','18613579','','','','','','','','','',0,'',0,'','','Chang','Wu','','Address 1','','beijing','100080','China',44,'Beijing',685,'','','','200.0000',0,0,0,'0.0000',1,2,'USD','1.00000000','2012-06-19 21:06:01','2012-06-19 21:06:01','127.0.0.1'),(481,0,'INV-2011-00',0,'Your Store','http://godropshipping.com/',1,9,'Chang','Wu','wcmilan@126.com','18613579','','','','','','','','','',0,'',0,'','','Chang','Wu','','Address 1','','beijing','100080','China',44,'Beijing',685,'','','','300.0000',0,0,0,'0.0000',1,2,'USD','1.00000000','2012-06-19 21:06:09','2012-06-19 21:06:09','127.0.0.1'),(482,0,'INV-2011-00',0,'Your Store','http://godropshipping.com/',1,9,'Chang','Wu','wcmilan@126.com','18613579','','','','','','','','','',0,'',0,'','','Chang','Wu','','Address 1','','beijing','100080','China',44,'Beijing',685,'','','','200.0000',0,0,0,'0.0000',1,2,'USD','1.00000000','2012-06-19 21:06:09','2012-06-19 21:06:09','127.0.0.1'),(483,0,'INV-2011-00',0,'Your Store','http://godropshipping.com/',1,9,'Chang','Wu','wcmilan@126.com','18613579','','','','','','','','','',0,'',0,'','','Chang','Wu','','Address 1','','beijing','100080','China',44,'Beijing',685,'','','','300.0000',0,0,0,'0.0000',1,2,'USD','1.00000000','2012-06-19 21:06:36','2012-06-19 21:06:36','127.0.0.1'),(484,0,'INV-2011-00',0,'Your Store','http://godropshipping.com/',1,9,'Chang','Wu','wcmilan@126.com','18613579','','','','','','','','','',0,'',0,'','','Chang','Wu','','Address 1','','beijing','100080','China',44,'Beijing',685,'','','','200.0000',0,0,0,'0.0000',1,2,'USD','1.00000000','2012-06-19 21:06:36','2012-06-19 21:06:36','127.0.0.1'),(485,0,'INV-2011-00',0,'Your Store','http://godropshipping.com/',1,9,'Chang','Wu','wcmilan@126.com','18613579','','','','','','','','','',0,'',0,'','','Chang','Wu','','Address 1','','beijing','100080','China',44,'Beijing',685,'','','','300.0000',0,0,0,'0.0000',1,2,'USD','1.00000000','2012-06-19 21:06:44','2012-06-19 21:06:44','127.0.0.1'),(486,0,'INV-2011-00',0,'Your Store','http://godropshipping.com/',1,9,'Chang','Wu','wcmilan@126.com','18613579','','','','','','','','','',0,'',0,'','','Chang','Wu','','Address 1','','beijing','100080','China',44,'Beijing',685,'','','','200.0000',0,0,0,'0.0000',1,2,'USD','1.00000000','2012-06-19 21:06:44','2012-06-19 21:06:44','127.0.0.1'),(487,0,'INV-2011-00',0,'Your Store','http://godropshipping.com/',1,9,'Chang','Wu','wcmilan@126.com','18613579','','','','','','','','','',0,'',0,'','','Chang','Wu','','Address 1','','beijing','100080','China',44,'Beijing',685,'','','','300.0000',0,0,0,'0.0000',1,2,'USD','1.00000000','2012-06-19 22:40:44','2012-06-19 22:40:44','127.0.0.1'),(488,0,'INV-2011-00',0,'Your Store','http://godropshipping.com/',1,9,'Chang','Wu','wcmilan@126.com','18613579','','','','','','','','','',0,'',0,'','','Chang','Wu','','Address 1','','beijing','100080','China',44,'Beijing',685,'','','','200.0000',0,0,0,'0.0000',1,2,'USD','1.00000000','2012-06-19 22:40:44','2012-06-19 22:40:44','127.0.0.1'),(489,0,'INV-2011-00',0,'Your Store','http://godropshipping.com/',1,9,'Chang','Wu','wcmilan@126.com','18613579','','','','','','','','','',0,'',0,'','','Chang','Wu','','Address 1','','beijing','100080','China',44,'Beijing',685,'','','','300.0000',0,0,0,'0.0000',1,2,'USD','1.00000000','2012-06-19 22:41:27','2012-06-19 22:41:27','127.0.0.1'),(490,0,'INV-2011-00',0,'Your Store','http://godropshipping.com/',1,9,'Chang','Wu','wcmilan@126.com','18613579','','','','','','','','','',0,'',0,'','','Chang','Wu','','Address 1','','beijing','100080','China',44,'Beijing',685,'','','','200.0000',0,0,0,'0.0000',1,2,'USD','1.00000000','2012-06-19 22:41:27','2012-06-19 22:41:27','127.0.0.1'),(491,0,'INV-2011-00',0,'Your Store','http://godropshipping.com/',1,9,'Chang','Wu','wcmilan@126.com','18613579','','','','','','','','','',0,'',0,'','','Chang','Wu','','Address 1','','beijing','100080','China',44,'Beijing',685,'','','','45.0000',0,0,0,'0.0000',1,2,'USD','1.00000000','2012-06-19 23:03:39','2012-06-19 23:03:39','127.0.0.1'),(492,0,'INV-2011-00',0,'Your Store','http://godropshipping.com/',1,9,'Chang','Wu','wcmilan@126.com','18613579','','','','','','','','','',0,'',0,'','','Chang','Wu','','Address 1','','beijing','100080','China',44,'Beijing',685,'','','','30.0000',0,0,0,'0.0000',1,2,'USD','1.00000000','2012-06-19 23:03:39','2012-06-19 23:03:39','127.0.0.1'),(493,0,'INV-2011-00',0,'Your Store','http://godropshipping.com/',1,9,'Chang','Wu','wcmilan@126.com','18613579','','','','','','','','','',0,'',0,'','','Chang','Wu','','Address 1','','beijing','100080','China',44,'Beijing',685,'','','','255.0000',0,0,0,'0.0000',1,2,'USD','1.00000000','2012-06-19 23:05:55','2012-06-19 23:05:55','127.0.0.1'),(494,0,'INV-2011-00',0,'Your Store','http://godropshipping.com/',1,9,'Chang','Wu','wcmilan@126.com','18613579','','','','','','','','','',0,'',0,'','','Chang','Wu','','Address 1','','beijing','100080','China',44,'Beijing',685,'','','','170.0000',0,0,0,'0.0000',1,2,'USD','1.00000000','2012-06-19 23:05:55','2012-06-19 23:05:55','127.0.0.1'),(495,0,'INV-2011-00',0,'Your Store','http://godropshipping.com/',1,9,'Chang','Wu','wcmilan@126.com','18613579','','','','','','','','','',0,'',0,'','','Chang','Wu','','Address 1','','beijing','100080','China',44,'Beijing',685,'','','','300.0000',0,0,0,'0.0000',1,2,'USD','1.00000000','2012-06-19 23:06:36','2012-06-19 23:06:36','127.0.0.1'),(496,0,'INV-2011-00',0,'Your Store','http://godropshipping.com/',1,9,'Chang','Wu','wcmilan@126.com','18613579','','','','','','','','','',0,'',0,'','','Chang','Wu','','Address 1','','beijing','100080','China',44,'Beijing',685,'','','','200.0000',0,0,0,'0.0000',1,2,'USD','1.00000000','2012-06-19 23:06:36','2012-06-19 23:06:36','127.0.0.1'),(497,0,'INV-2011-00',0,'Your Store','http://godropshipping.com/',1,9,'Chang','Wu','wcmilan@126.com','18613579','','','','','','','','','',0,'',0,'','','Chang','Wu','','Address 1','','beijing','100080','China',44,'Beijing',685,'','','','255.0000',0,0,0,'0.0000',1,2,'USD','1.00000000','2012-06-19 23:07:52','2012-06-19 23:07:52','127.0.0.1'),(498,0,'INV-2011-00',0,'Your Store','http://godropshipping.com/',1,9,'Chang','Wu','wcmilan@126.com','18613579','','','','','','','','','',0,'',0,'','','Chang','Wu','','Address 1','','beijing','100080','China',44,'Beijing',685,'','','','170.0000',0,0,0,'0.0000',1,2,'USD','1.00000000','2012-06-19 23:07:52','2012-06-19 23:07:52','127.0.0.1'),(499,0,'INV-2011-00',0,'Your Store','http://godropshipping.com/',1,9,'Chang','Wu','wcmilan@126.com','18613579','','','','','','','','','',0,'',0,'','','Chang','Wu','','Address 1','','beijing','100080','China',44,'Beijing',685,'','','','300.0000',0,0,0,'0.0000',1,2,'USD','1.00000000','2012-06-19 23:09:14','2012-06-19 23:09:14','127.0.0.1'),(500,0,'INV-2011-00',0,'Your Store','http://godropshipping.com/',1,9,'Chang','Wu','wcmilan@126.com','18613579','','','','','','','','','',0,'',0,'','','Chang','Wu','','Address 1','','beijing','100080','China',44,'Beijing',685,'','','','200.0000',0,0,0,'0.0000',1,2,'USD','1.00000000','2012-06-19 23:09:14','2012-06-19 23:09:14','127.0.0.1'),(501,0,'INV-2011-00',0,'Your Store','http://godropshipping.com/',1,9,'Chang','Wu','wcmilan@126.com','18613579','','','','','','','','','',0,'',0,'','','Chang','Wu','','Address 1','','beijing','100080','China',44,'Beijing',685,'','','','300.0000',0,0,0,'0.0000',1,2,'USD','1.00000000','2012-06-19 23:17:32','2012-06-19 23:17:32','127.0.0.1'),(502,0,'INV-2011-00',0,'Your Store','http://godropshipping.com/',1,9,'Chang','Wu','wcmilan@126.com','18613579','','','','','','','','','',0,'',0,'','','Chang','Wu','','Address 1','','beijing','100080','China',44,'Beijing',685,'','','','200.0000',0,0,0,'0.0000',1,2,'USD','1.00000000','2012-06-19 23:17:32','2012-06-19 23:17:32','127.0.0.1'),(503,0,'INV-2011-00',0,'Your Store','http://godropshipping.com/',1,11,'Chang','Wu','wcmilan@126.com','18613579','','','','','','','','','',0,'',0,'','','Chang','Wu','','Address 1','','beijing','100080','China',44,'Beijing',685,'','','','300.0000',0,0,0,'0.0000',1,2,'USD','1.00000000','2012-06-19 23:18:42','2012-06-19 23:18:42','127.0.0.1'),(504,0,'INV-2011-00',0,'Your Store','http://godropshipping.com/',1,11,'Chang','Wu','wcmilan@126.com','18613579','','','','','','','','','',0,'',0,'','','Chang','Wu','','Address 1','','beijing','100080','China',44,'Beijing',685,'','','','200.0000',0,0,0,'0.0000',1,2,'USD','1.00000000','2012-06-19 23:18:42','2012-06-19 23:18:42','127.0.0.1'),(505,0,'INV-2011-00',0,'Your Store','http://godropshipping.com/',1,8,'Chang','Wu','wcmilan@126.com','18613579','','','','','','','','','',0,'',0,'','','Chang','Wu','','Address 1','','beijing','100080','China',44,'Beijing',685,'','','','290.0000',0,0,0,'0.0000',1,2,'USD','1.00000000','2012-06-19 23:18:57','2012-06-19 23:18:57','127.0.0.1'),(506,0,'INV-2011-00',0,'Your Store','http://godropshipping.com/',1,8,'Chang','Wu','wcmilan@126.com','18613579','','','','','','','','','',0,'',0,'','','Chang','Wu','','Address 1','','beijing','100080','China',44,'Beijing',685,'','','','200.0000',0,0,0,'0.0000',1,2,'USD','1.00000000','2012-06-19 23:18:57','2012-06-19 23:18:57','127.0.0.1'),(507,0,'INV-2011-00',0,'Your Store','http://godropshipping.com/',1,8,'Chang','Wu','wcmilan@126.com','18613579','','','','','','','','','',0,'',0,'','','Chang','Wu','','Address 1','','beijing','100080','China',44,'Beijing',685,'','','','290.0000',0,0,0,'0.0000',1,2,'USD','1.00000000','2012-06-19 23:19:08','2012-06-19 23:19:08','127.0.0.1'),(508,0,'INV-2011-00',0,'Your Store','http://godropshipping.com/',1,8,'Chang','Wu','wcmilan@126.com','18613579','','','','','','','','','',0,'',0,'','','Chang','Wu','','Address 1','','beijing','100080','China',44,'Beijing',685,'','','','200.0000',0,0,0,'0.0000',1,2,'USD','1.00000000','2012-06-19 23:19:08','2012-06-19 23:19:08','127.0.0.1'),(509,0,'INV-2011-00',0,'Your Store','http://godropshipping.com/',1,8,'Chang','Wu','wcmilan@126.com','18613579','','','','','','','','','',0,'',0,'','','Chang','Wu','','Address 1','','beijing','100080','China',44,'Beijing',685,'','','','290.0000',0,0,0,'0.0000',1,2,'USD','1.00000000','2012-06-19 23:21:27','2012-06-19 23:21:27','127.0.0.1'),(510,0,'INV-2011-00',0,'Your Store','http://godropshipping.com/',1,8,'Chang','Wu','wcmilan@126.com','18613579','','','','','','','','','',0,'',0,'','','Chang','Wu','','Address 1','','beijing','100080','China',44,'Beijing',685,'','','','200.0000',0,0,0,'0.0000',1,2,'USD','1.00000000','2012-06-19 23:21:30','2012-06-19 23:21:30','127.0.0.1'),(511,0,'INV-2011-00',0,'Your Store','http://godropshipping.com/',1,8,'Chang','Wu','wcmilan@126.com','18613579','','','','','','','','','',0,'',0,'','','Chang','Wu','','Address 1','','beijing','100080','China',44,'Beijing',685,'','','','289.0000',0,0,0,'0.0000',1,2,'USD','1.00000000','2012-06-19 23:23:18','2012-06-19 23:23:18','127.0.0.1'),(512,0,'INV-2011-00',0,'Your Store','http://godropshipping.com/',1,8,'Chang','Wu','wcmilan@126.com','18613579','','','','','','','','','',0,'',0,'','','Chang','Wu','','Address 1','','beijing','100080','China',44,'Beijing',685,'','','','200.0000',0,0,0,'0.0000',1,2,'USD','1.00000000','2012-06-19 23:23:20','2012-06-19 23:23:20','127.0.0.1'),(513,0,'INV-2011-00',0,'Your Store','http://godropshipping.com/',1,9,'Chang','Wu','wcmilan@126.com','18613579','','','','','','','','','',0,'',0,'','','Chang','Wu','','Address 1','','beijing','100080','China',44,'Beijing',685,'','','','300.0000',0,0,0,'0.0000',1,2,'USD','1.00000000','2012-06-19 23:24:10','2012-06-19 23:24:10','127.0.0.1'),(514,0,'INV-2011-00',0,'Your Store','http://godropshipping.com/',1,9,'Chang','Wu','wcmilan@126.com','18613579','','','','','','','','','',0,'',0,'','','Chang','Wu','','Address 1','','beijing','100080','China',44,'Beijing',685,'','','','200.0000',0,0,0,'0.0000',1,2,'USD','1.00000000','2012-06-19 23:24:10','2012-06-19 23:24:10','127.0.0.1'),(515,0,'INV-2011-00',0,'Your Store','http://godropshipping.com/',1,9,'Chang','Wu','wcmilan@126.com','18613579','','','','','','','','','',0,'',0,'','','Chang','Wu','','Address 1','','beijing','100080','China',44,'Beijing',685,'','','','289.0000',0,0,0,'0.0000',1,2,'USD','1.00000000','2012-06-19 23:26:07','2012-06-19 23:26:07','127.0.0.1'),(516,0,'INV-2011-00',0,'Your Store','http://godropshipping.com/',1,9,'Chang','Wu','wcmilan@126.com','18613579','','','','','','','','','',0,'',0,'','','Chang','Wu','','Address 1','','beijing','100080','China',44,'Beijing',685,'','','','200.0000',0,0,0,'0.0000',1,2,'USD','1.00000000','2012-06-19 23:26:07','2012-06-19 23:26:07','127.0.0.1'),(517,0,'INV-2011-00',0,'Your Store','http://godropshipping.com/',1,9,'Chang','Wu','wcmilan@126.com','18613579','','','','','','','','','',0,'',0,'','','Chang','Wu','','Address 1','','beijing','100080','China',44,'Beijing',685,'','','','289.0000',0,0,0,'0.0000',1,2,'USD','1.00000000','2012-06-20 00:25:40','2012-06-20 00:25:40','127.0.0.1'),(519,0,'INV-2011-00',0,'Your Store','http://godropshipping.com/',1,9,'Chang','Wu','wcmilan@126.com','18613579','','','','','','','','','',0,'',0,'','','Chang','Wu','','Address 1','','beijing','100080','China',44,'Beijing',685,'','','','289.0000',0,0,0,'0.0000',1,2,'USD','1.00000000','2012-06-20 00:26:49','2012-06-20 00:26:49','127.0.0.1'),(525,0,'INV-2011-00',0,'Your Store','http://godropshipping.com/',1,9,'Chang','Wu','wcmilan@126.com','18613579','','','','','','','','','',0,'',0,'','','Chang','Wu','','Address 1','','beijing','100080','China',44,'Beijing',685,'','','','289.0000',0,0,0,'0.0000',1,2,'USD','1.00000000','2012-06-20 00:33:03','2012-06-20 00:33:03','127.0.0.1'),(522,0,'INV-2011-00',0,'Your Store','http://godropshipping.com/',1,9,'Chang','Wu','wcmilan@126.com','18613579','','','','','','','','','',0,'',0,'','','Chang','Wu','','Address 1','','beijing','100080','China',44,'Beijing',685,'','','','200.0000',0,0,0,'0.0000',1,2,'USD','1.00000000','2012-06-20 00:28:37','2012-06-20 00:28:37','127.0.0.1'),(524,0,'INV-2011-00',0,'Your Store','http://godropshipping.com/',1,9,'Chang','Wu','wcmilan@126.com','18613579','','','','','','','','','',0,'',0,'','','Chang','Wu','','Address 1','','beijing','100080','China',44,'Beijing',685,'','','','200.0000',0,0,0,'0.0000',1,2,'USD','1.00000000','2012-06-20 00:30:21','2012-06-20 00:30:21','127.0.0.1'),(531,0,'INV-2011-00',0,'Your Store','http://godropshipping.com/',1,9,'Chang','Wu','wcmilan@126.com','123456789','','Tom','','','#1, Rd.','','NY','13579','US',0,'',0,'','','Chang','Wu','','Address 1','','beijing','100080','China',44,'Beijing',685,'','','','200.0000',0,0,0,'0.0000',1,2,'USD','1.00000000','2012-06-27 23:48:45','2012-06-27 23:48:45','127.0.0.1'),(528,0,'INV-2011-00',0,'Your Store','http://godropshipping.com/',1,9,'Chang','Wu','wcmilan@126.com','18613579','','','','','','','','','',0,'',0,'','','Chang','Wu','','Address 1','','beijing','100080','China',44,'Beijing',685,'','','','200.0000',0,0,0,'0.0000',1,2,'USD','1.00000000','2012-06-20 16:35:18','2012-06-20 16:35:18','127.0.0.1'),(532,0,'INV-2011-00',0,'Your Store','http://godropshipping.com/',1,9,'Chang','Wu','wcmilan@126.com','123456789','','Tom','','','#2, Rd.','','NY','13579','US',0,'',0,'','','Chang','Wu','','Address 1','','beijing','100080','China',44,'Beijing',685,'','','','89.0000',0,0,0,'0.0000',1,2,'USD','1.00000000','2012-06-27 23:48:45','2012-06-27 23:48:45','127.0.0.1'),(533,0,'INV-2011-00',0,'Your Store','http://godropshipping.com/',1,9,'Chang','Wu','wcmilan@126.com','987654321','','Jim','','','#1, Rd.','','LA','24680','US',0,'',0,'','','Chang','Wu','','Address 1','','beijing','100080','China',44,'Beijing',685,'','','','200.0000',0,0,0,'0.0000',1,2,'USD','1.00000000','2012-06-27 23:48:45','2012-06-27 23:48:45','127.0.0.1'),(534,0,'INV-2011-00',0,'Your Store','http://godropshipping.com/',1,9,'Chang','Wu','wcmilan@126.com','Phone','','Customer Name','','','Address','','City','Postcode','Country',0,'',0,'','','Chang','Wu','','Address 1','','beijing','100080','China',44,'Beijing',685,'','','','0.0000',0,0,0,'0.0000',1,2,'USD','1.00000000','2012-06-27 23:48:45','2012-06-27 23:48:45','127.0.0.1'),(535,0,'INV-2011-00',0,'Your Store','http://godropshipping.com/',1,9,'Chang','Wu','wcmilan@126.com','123456789','','Tom','','','#1, Rd.','','NY','13579','US',0,'',0,'','','Chang','Wu','','Address 1','','beijing','100080','China',44,'Beijing',685,'','','','200.0000',0,0,0,'0.0000',1,2,'USD','1.00000000','2012-06-27 23:48:45','2012-06-27 23:48:45','127.0.0.1'),(536,0,'INV-2011-00',0,'Your Store','http://godropshipping.com/',1,9,'Chang','Wu','wcmilan@126.com','123456789','','Tom','','','#2, Rd.','','NY','13579','US',0,'',0,'','','Chang','Wu','','Address 1','','beijing','100080','China',44,'Beijing',685,'','','','89.0000',0,0,0,'0.0000',1,2,'USD','1.00000000','2012-06-27 23:48:45','2012-06-27 23:48:45','127.0.0.1'),(537,0,'INV-2011-00',0,'Your Store','http://godropshipping.com/',1,9,'Chang','Wu','wcmilan@126.com','987654321','','Jim','','','#1, Rd.','','LA','24680','US',0,'',0,'','','Chang','Wu','','Address 1','','beijing','100080','China',44,'Beijing',685,'','','','200.0000',0,0,0,'0.0000',1,2,'USD','1.00000000','2012-06-27 23:48:45','2012-06-27 23:48:45','127.0.0.1'),(550,0,'INV-2011-00',0,'Your Store','http://godropshipping.com/',1,9,'Chang','Wu','wcmilan@126.com','123456789','','Tom','','','#1, Rd.','','NY','13579','US',0,'',0,'','','Chang','Wu','','Address 1','','beijing','100080','China',44,'Beijing',685,'','','','200.0000',0,0,0,'0.0000',1,2,'USD','1.00000000','2012-06-28 19:01:57','2012-06-28 19:01:57','127.0.0.1'),(551,0,'INV-2011-00',0,'Your Store','http://godropshipping.com/',1,9,'Chang','Wu','wcmilan@126.com','123456789','','Tom','','','#2, Rd.','','NY','13579','US',0,'',0,'','','Chang','Wu','','Address 1','','beijing','100080','China',44,'Beijing',685,'','','','89.0000',0,0,0,'0.0000',1,2,'USD','1.00000000','2012-06-28 19:01:57','2012-06-28 19:01:57','127.0.0.1'),(552,0,'INV-2011-00',0,'Your Store','http://godropshipping.com/',1,9,'Chang','Wu','wcmilan@126.com','987654321','','Jim','','','#1, Rd.','','LA','24680','US',0,'',0,'','','Chang','Wu','','Address 1','','beijing','100080','China',44,'Beijing',685,'','','','200.0000',0,0,0,'0.0000',1,2,'USD','1.00000000','2012-06-28 19:01:57','2012-06-28 19:01:57','127.0.0.1'),(553,0,'INV-2011-00',0,'Your Store','http://godropshipping.com/',1,9,'Chang','Wu','wcmilan@126.com','123456789','','Tom','','','#1, Rd.','','NY','13579','US',0,'',0,'','','Chang','Wu','','Address 1','','beijing','100080','China',44,'Beijing',685,'','','','200.0000',0,0,0,'0.0000',1,2,'USD','1.00000000','2012-06-28 19:01:57','2012-06-28 19:01:57','127.0.0.1'),(554,0,'INV-2011-00',0,'Your Store','http://godropshipping.com/',1,9,'Chang','Wu','wcmilan@126.com','123456789','','Tom','','','#2, Rd.','','NY','13579','US',0,'',0,'','','Chang','Wu','','Address 1','','beijing','100080','China',44,'Beijing',685,'','','','89.0000',0,0,0,'0.0000',1,2,'USD','1.00000000','2012-06-28 19:01:57','2012-06-28 19:01:57','127.0.0.1'),(555,0,'INV-2011-00',0,'Your Store','http://godropshipping.com/',1,9,'Chang','Wu','wcmilan@126.com','987654321','','Jim','','','#1, Rd.','','LA','24680','US',0,'',0,'','','Chang','Wu','','Address 1','','beijing','100080','China',44,'Beijing',685,'','','','200.0000',0,0,0,'0.0000',1,2,'USD','1.00000000','2012-06-28 19:01:57','2012-06-28 19:01:57','127.0.0.1');
/*!40000 ALTER TABLE `gds_order` ENABLE KEYS */;
UNLOCK TABLES;

--
-- Table structure for table `gds_order_download`
--

DROP TABLE IF EXISTS `gds_order_download`;
/*!40101 SET @saved_cs_client     = @@character_set_client */;
/*!40101 SET character_set_client = utf8 */;
CREATE TABLE `gds_order_download` (
  `order_download_id` int(11) NOT NULL AUTO_INCREMENT,
  `order_id` int(11) NOT NULL,
  `order_product_id` int(11) NOT NULL,
  `name` varchar(64) COLLATE utf8_bin NOT NULL DEFAULT '',
  `filename` varchar(128) COLLATE utf8_bin NOT NULL DEFAULT '',
  `mask` varchar(128) COLLATE utf8_bin NOT NULL DEFAULT '',
  `remaining` int(3) NOT NULL DEFAULT '0',
  PRIMARY KEY (`order_download_id`)
) ENGINE=MyISAM DEFAULT CHARSET=utf8 COLLATE=utf8_bin;
/*!40101 SET character_set_client = @saved_cs_client */;

--
-- Dumping data for table `gds_order_download`
--

LOCK TABLES `gds_order_download` WRITE;
/*!40000 ALTER TABLE `gds_order_download` DISABLE KEYS */;
/*!40000 ALTER TABLE `gds_order_download` ENABLE KEYS */;
UNLOCK TABLES;

--
-- Table structure for table `gds_order_history`
--

DROP TABLE IF EXISTS `gds_order_history`;
/*!40101 SET @saved_cs_client     = @@character_set_client */;
/*!40101 SET character_set_client = utf8 */;
CREATE TABLE `gds_order_history` (
  `order_history_id` int(11) NOT NULL AUTO_INCREMENT,
  `order_id` int(11) NOT NULL,
  `order_status_id` int(5) NOT NULL,
  `notify` tinyint(1) NOT NULL DEFAULT '0',
  `comment` text COLLATE utf8_bin NOT NULL,
  `date_added` datetime NOT NULL DEFAULT '0000-00-00 00:00:00',
  PRIMARY KEY (`order_history_id`)
) ENGINE=MyISAM AUTO_INCREMENT=22 DEFAULT CHARSET=utf8 COLLATE=utf8_bin;
/*!40101 SET character_set_client = @saved_cs_client */;

--
-- Dumping data for table `gds_order_history`
--

LOCK TABLES `gds_order_history` WRITE;
/*!40000 ALTER TABLE `gds_order_history` DISABLE KEYS */;
INSERT INTO `gds_order_history` VALUES (1,8,1,1,'','2012-06-12 21:41:49');
/*!40000 ALTER TABLE `gds_order_history` ENABLE KEYS */;
UNLOCK TABLES;

--
-- Table structure for table `gds_order_option`
--

DROP TABLE IF EXISTS `gds_order_option`;
/*!40101 SET @saved_cs_client     = @@character_set_client */;
/*!40101 SET character_set_client = utf8 */;
CREATE TABLE `gds_order_option` (
  `order_option_id` int(11) NOT NULL AUTO_INCREMENT,
  `order_id` int(11) NOT NULL,
  `order_product_id` int(11) NOT NULL,
  `product_option_id` int(11) NOT NULL,
  `product_option_value_id` int(11) NOT NULL DEFAULT '0',
  `name` varchar(255) COLLATE utf8_bin NOT NULL,
  `value` text COLLATE utf8_bin NOT NULL,
  `type` varchar(32) COLLATE utf8_bin NOT NULL,
  PRIMARY KEY (`order_option_id`)
) ENGINE=MyISAM DEFAULT CHARSET=utf8 COLLATE=utf8_bin;
/*!40101 SET character_set_client = @saved_cs_client */;

--
-- Dumping data for table `gds_order_option`
--

LOCK TABLES `gds_order_option` WRITE;
/*!40000 ALTER TABLE `gds_order_option` DISABLE KEYS */;
/*!40000 ALTER TABLE `gds_order_option` ENABLE KEYS */;
UNLOCK TABLES;

--
-- Table structure for table `gds_order_product`
--

DROP TABLE IF EXISTS `gds_order_product`;
/*!40101 SET @saved_cs_client     = @@character_set_client */;
/*!40101 SET character_set_client = utf8 */;
CREATE TABLE `gds_order_product` (
  `order_product_id` int(11) NOT NULL AUTO_INCREMENT,
  `order_id` int(11) NOT NULL,
  `product_id` int(11) NOT NULL,
  `name` varchar(255) COLLATE utf8_bin NOT NULL,
  `model` varchar(24) COLLATE utf8_bin NOT NULL,
  `quantity` int(4) NOT NULL,
  `price` decimal(15,4) NOT NULL DEFAULT '0.0000',
  `total` decimal(15,4) NOT NULL DEFAULT '0.0000',
  `tax` decimal(15,4) NOT NULL DEFAULT '0.0000',
  PRIMARY KEY (`order_product_id`)
) ENGINE=MyISAM AUTO_INCREMENT=661 DEFAULT CHARSET=utf8 COLLATE=utf8_bin;
/*!40101 SET character_set_client = @saved_cs_client */;

--
-- Dumping data for table `gds_order_product`
--

LOCK TABLES `gds_order_product` WRITE;
/*!40000 ALTER TABLE `gds_order_product` DISABLE KEYS */;
INSERT INTO `gds_order_product` VALUES (421,383,33,'Samsung SyncMaster 941BW','Product 6',1,'200.0000','200.0000','0.0000'),(2,2,40,'iPhone','product 11',1,'101.0000','101.0000','0.0000'),(3,3,33,'Samsung SyncMaster 941BW','Product 6',1,'200.0000','200.0000','0.0000'),(4,4,33,'Samsung SyncMaster 941BW','Product 6',1,'200.0000','200.0000','0.0000'),(5,5,33,'Samsung SyncMaster 941BW','Product 6',2,'200.0000','400.0000','0.0000'),(6,6,33,'Samsung SyncMaster 941BW','Product 6',2,'200.0000','400.0000','0.0000'),(7,7,33,'Samsung SyncMaster 941BW','Product 6',2,'200.0000','400.0000','0.0000'),(8,8,33,'Samsung SyncMaster 941BW','Product 6',2,'200.0000','400.0000','0.0000'),(9,30,33,'Samsung SyncMaster 941BW','Product 6',998,'200.0000','0.0000','0.0000'),(10,37,33,'Samsung SyncMaster 941BW','Product 6',1,'200.0000','200.0000','0.0000'),(11,37,41,'iMac','Product 14',1,'100.0000','100.0000','0.0000'),(12,66,33,'Samsung SyncMaster 941BW','Product 6',1,'200.0000','200.0000','0.0000'),(13,66,41,'iMac','Product 14',1,'100.0000','100.0000','0.0000'),(14,99,33,'Samsung SyncMaster 941BW','Product 6',998,'200.0000','0.0000','0.0000'),(15,100,33,'Samsung SyncMaster 941BW','Product 6',998,'200.0000','0.0000','0.0000'),(16,101,33,'Samsung SyncMaster 941BW','Product 6',998,'200.0000','0.0000','0.0000'),(17,102,33,'Samsung SyncMaster 941BW','Product 6',998,'200.0000','0.0000','0.0000'),(18,103,33,'Samsung SyncMaster 941BW','Product 6',998,'200.0000','0.0000','0.0000'),(19,104,33,'Samsung SyncMaster 941BW','Product 6',998,'200.0000','0.0000','0.0000'),(20,105,33,'Samsung SyncMaster 941BW','Product 6',998,'200.0000','0.0000','0.0000'),(21,106,33,'Samsung SyncMaster 941BW','Product 6',998,'200.0000','0.0000','0.0000'),(24,109,33,'Samsung SyncMaster 941BW','Product 6',-998,'200.0000','100.0000','0.0000'),(25,110,33,'Samsung SyncMaster 941BW','Product 6',-998,'200.0000','100.0000','0.0000'),(26,111,33,'Samsung SyncMaster 941BW','Product 6',-998,'200.0000','100.0000','0.0000'),(27,112,33,'Samsung SyncMaster 941BW','Product 6',-998,'200.0000','100.0000','0.0000'),(28,113,33,'Samsung SyncMaster 941BW','Product 6',-998,'200.0000','100.0000','0.0000'),(29,114,33,'Samsung SyncMaster 941BW','Product 6',-998,'200.0000','100.0000','0.0000'),(30,115,33,'Samsung SyncMaster 941BW','Product 6',-998,'200.0000','100.0000','0.0000'),(31,116,33,'Samsung SyncMaster 941BW','Product 6',-998,'200.0000','100.0000','0.0000'),(379,355,33,'Samsung SyncMaster 941BW','Product 6',1,'200.0000','200.0000','0.0000'),(34,119,33,'Samsung SyncMaster 941BW','Product 6',998,'200.0000','100.0000','0.0000'),(35,120,33,'Samsung SyncMaster 941BW','Product 6',998,'200.0000','100.0000','0.0000'),(36,121,33,'Samsung SyncMaster 941BW','Product 6',998,'200.0000','100.0000','0.0000'),(37,122,33,'Samsung SyncMaster 941BW','Product 6',998,'200.0000','100.0000','0.0000'),(38,123,33,'Samsung SyncMaster 941BW','Product 6',998,'200.0000','100.0000','0.0000'),(39,124,33,'Samsung SyncMaster 941BW','Product 6',998,'200.0000','100.0000','0.0000'),(40,125,33,'Samsung SyncMaster 941BW','Product 6',998,'200.0000','100.0000','0.0000'),(41,126,33,'Samsung SyncMaster 941BW','Product 6',998,'200.0000','100.0000','0.0000'),(42,127,33,'Samsung SyncMaster 941BW','Product 6',998,'200.0000','100.0000','0.0000'),(43,128,33,'Samsung SyncMaster 941BW','Product 6',998,'200.0000','100.0000','0.0000'),(44,129,33,'Samsung SyncMaster 941BW','Product 6',998,'200.0000','100.0000','0.0000'),(45,130,33,'Samsung SyncMaster 941BW','Product 6',998,'200.0000','100.0000','0.0000'),(46,131,33,'Samsung SyncMaster 941BW','Product 6',998,'200.0000','100.0000','0.0000'),(47,132,33,'Samsung SyncMaster 941BW','Product 6',998,'200.0000','100.0000','0.0000'),(48,133,33,'Samsung SyncMaster 941BW','Product 6',998,'200.0000','100.0000','0.0000'),(49,134,33,'Samsung SyncMaster 941BW','Product 6',998,'200.0000','100.0000','0.0000'),(50,135,33,'Samsung SyncMaster 941BW','Product 6',1,'200.0000','200.0000','0.0000'),(51,136,33,'Samsung SyncMaster 941BW','Product 6',1,'200.0000','200.0000','0.0000'),(52,137,33,'Samsung SyncMaster 941BW','Product 6',1,'200.0000','200.0000','0.0000'),(53,138,33,'Samsung SyncMaster 941BW','Product 6',1,'200.0000','200.0000','0.0000'),(54,139,33,'Samsung SyncMaster 941BW','Product 6',1,'200.0000','200.0000','0.0000'),(55,140,33,'Samsung SyncMaster 941BW','Product 6',1,'200.0000','200.0000','0.0000'),(56,141,33,'Samsung SyncMaster 941BW','Product 6',1,'200.0000','200.0000','0.0000'),(57,142,33,'Samsung SyncMaster 941BW','Product 6',1,'200.0000','200.0000','0.0000'),(58,143,33,'Samsung SyncMaster 941BW','Product 6',1,'200.0000','200.0000','0.0000'),(59,143,42,'Apple Cinema 30&quot;','Product 15',1,'100.0000','100.0000','0.0000'),(60,144,33,'Samsung SyncMaster 941BW','Product 6',1,'200.0000','200.0000','0.0000'),(61,145,33,'Samsung SyncMaster 941BW','Product 6',1,'200.0000','200.0000','0.0000'),(62,145,42,'Apple Cinema 30&quot;','Product 15',1,'100.0000','100.0000','0.0000'),(63,146,33,'Samsung SyncMaster 941BW','Product 6',1,'200.0000','200.0000','0.0000'),(64,147,33,'Samsung SyncMaster 941BW','Product 6',1,'200.0000','200.0000','0.0000'),(65,147,42,'Apple Cinema 30&quot;','Product 15',1,'100.0000','100.0000','0.0000'),(66,148,33,'Samsung SyncMaster 941BW','Product 6',1,'200.0000','200.0000','0.0000'),(67,149,33,'Samsung SyncMaster 941BW','Product 6',1,'200.0000','200.0000','0.0000'),(68,149,42,'Apple Cinema 30&quot;','Product 15',1,'100.0000','100.0000','0.0000'),(69,150,33,'Samsung SyncMaster 941BW','Product 6',1,'200.0000','200.0000','0.0000'),(70,151,33,'Samsung SyncMaster 941BW','Product 6',1,'200.0000','200.0000','0.0000'),(71,151,42,'Apple Cinema 30&quot;','Product 15',1,'100.0000','100.0000','0.0000'),(72,152,33,'Samsung SyncMaster 941BW','Product 6',1,'200.0000','200.0000','0.0000'),(73,153,33,'Samsung SyncMaster 941BW','Product 6',1,'200.0000','200.0000','0.0000'),(74,153,42,'Apple Cinema 30&quot;','Product 15',1,'100.0000','100.0000','0.0000'),(75,154,33,'Samsung SyncMaster 941BW','Product 6',1,'200.0000','200.0000','0.0000'),(76,155,33,'Samsung SyncMaster 941BW','Product 6',1,'200.0000','200.0000','0.0000'),(77,155,42,'Apple Cinema 30&quot;','Product 15',1,'100.0000','100.0000','0.0000'),(78,156,33,'Samsung SyncMaster 941BW','Product 6',1,'200.0000','200.0000','0.0000'),(79,157,33,'Samsung SyncMaster 941BW','Product 6',1,'200.0000','200.0000','0.0000'),(80,157,42,'Apple Cinema 30&quot;','Product 15',1,'100.0000','100.0000','0.0000'),(81,158,33,'Samsung SyncMaster 941BW','Product 6',1,'200.0000','200.0000','0.0000'),(82,159,33,'Samsung SyncMaster 941BW','Product 6',1,'200.0000','200.0000','0.0000'),(83,159,42,'Apple Cinema 30&quot;','Product 15',1,'100.0000','100.0000','0.0000'),(84,160,33,'Samsung SyncMaster 941BW','Product 6',1,'200.0000','200.0000','0.0000'),(85,161,33,'Samsung SyncMaster 941BW','Product 6',1,'200.0000','200.0000','0.0000'),(86,161,42,'Apple Cinema 30&quot;','Product 15',1,'100.0000','100.0000','0.0000'),(87,162,33,'Samsung SyncMaster 941BW','Product 6',1,'200.0000','200.0000','0.0000'),(88,163,33,'Samsung SyncMaster 941BW','Product 6',1,'200.0000','200.0000','0.0000'),(89,163,42,'Apple Cinema 30&quot;','Product 15',1,'100.0000','100.0000','0.0000'),(90,164,33,'Samsung SyncMaster 941BW','Product 6',1,'200.0000','200.0000','0.0000'),(91,165,33,'Samsung SyncMaster 941BW','Product 6',1,'200.0000','200.0000','0.0000'),(92,165,42,'Apple Cinema 30&quot;','Product 15',1,'100.0000','100.0000','0.0000'),(93,166,33,'Samsung SyncMaster 941BW','Product 6',1,'200.0000','200.0000','0.0000'),(94,167,33,'Samsung SyncMaster 941BW','Product 6',1,'200.0000','200.0000','0.0000'),(95,167,42,'Apple Cinema 30&quot;','Product 15',1,'100.0000','100.0000','0.0000'),(96,168,33,'Samsung SyncMaster 941BW','Product 6',1,'200.0000','200.0000','0.0000'),(97,169,33,'Samsung SyncMaster 941BW','Product 6',1,'200.0000','200.0000','0.0000'),(98,169,42,'Apple Cinema 30&quot;','Product 15',1,'100.0000','100.0000','0.0000'),(99,170,33,'Samsung SyncMaster 941BW','Product 6',1,'200.0000','200.0000','0.0000'),(100,171,33,'Samsung SyncMaster 941BW','Product 6',1,'200.0000','200.0000','0.0000'),(101,171,42,'Apple Cinema 30&quot;','Product 15',1,'100.0000','100.0000','0.0000'),(102,172,33,'Samsung SyncMaster 941BW','Product 6',1,'200.0000','200.0000','0.0000'),(103,173,33,'Samsung SyncMaster 941BW','Product 6',1,'200.0000','200.0000','0.0000'),(104,173,42,'Apple Cinema 30&quot;','Product 15',1,'100.0000','100.0000','0.0000'),(105,174,33,'Samsung SyncMaster 941BW','Product 6',1,'200.0000','200.0000','0.0000'),(106,175,33,'Samsung SyncMaster 941BW','Product 6',1,'200.0000','200.0000','0.0000'),(107,175,42,'Apple Cinema 30&quot;','Product 15',1,'100.0000','100.0000','0.0000'),(108,176,33,'Samsung SyncMaster 941BW','Product 6',1,'200.0000','200.0000','0.0000'),(109,177,33,'Samsung SyncMaster 941BW','Product 6',1,'200.0000','200.0000','0.0000'),(110,177,42,'Apple Cinema 30&quot;','Product 15',1,'100.0000','100.0000','0.0000'),(111,178,33,'Samsung SyncMaster 941BW','Product 6',1,'200.0000','200.0000','0.0000'),(112,179,33,'Samsung SyncMaster 941BW','Product 6',1,'200.0000','200.0000','0.0000'),(113,179,42,'Apple Cinema 30&quot;','Product 15',1,'100.0000','100.0000','0.0000'),(114,180,33,'Samsung SyncMaster 941BW','Product 6',1,'200.0000','200.0000','0.0000'),(115,181,33,'Samsung SyncMaster 941BW','Product 6',1,'200.0000','200.0000','0.0000'),(116,181,42,'Apple Cinema 30&quot;','Product 15',1,'100.0000','100.0000','0.0000'),(117,182,33,'Samsung SyncMaster 941BW','Product 6',1,'200.0000','200.0000','0.0000'),(118,183,33,'Samsung SyncMaster 941BW','Product 6',1,'200.0000','200.0000','0.0000'),(119,183,42,'Apple Cinema 30&quot;','Product 15',1,'100.0000','100.0000','0.0000'),(120,184,33,'Samsung SyncMaster 941BW','Product 6',1,'200.0000','200.0000','0.0000'),(121,185,33,'Samsung SyncMaster 941BW','Product 6',1,'200.0000','200.0000','0.0000'),(122,185,42,'Apple Cinema 30&quot;','Product 15',1,'100.0000','100.0000','0.0000'),(123,186,33,'Samsung SyncMaster 941BW','Product 6',1,'200.0000','200.0000','0.0000'),(124,187,33,'Samsung SyncMaster 941BW','Product 6',1,'200.0000','200.0000','0.0000'),(125,187,42,'Apple Cinema 30&quot;','Product 15',1,'100.0000','100.0000','0.0000'),(126,188,33,'Samsung SyncMaster 941BW','Product 6',1,'200.0000','200.0000','0.0000'),(127,189,33,'Samsung SyncMaster 941BW','Product 6',1,'200.0000','200.0000','0.0000'),(128,189,42,'Apple Cinema 30&quot;','Product 15',1,'100.0000','100.0000','0.0000'),(129,190,33,'Samsung SyncMaster 941BW','Product 6',1,'200.0000','200.0000','0.0000'),(130,191,33,'Samsung SyncMaster 941BW','Product 6',1,'200.0000','200.0000','0.0000'),(131,191,42,'Apple Cinema 30&quot;','Product 15',1,'100.0000','100.0000','0.0000'),(132,192,33,'Samsung SyncMaster 941BW','Product 6',1,'200.0000','200.0000','0.0000'),(133,193,33,'Samsung SyncMaster 941BW','Product 6',1,'200.0000','200.0000','0.0000'),(134,193,42,'Apple Cinema 30&quot;','Product 15',1,'100.0000','100.0000','0.0000'),(135,194,33,'Samsung SyncMaster 941BW','Product 6',1,'200.0000','200.0000','0.0000'),(139,197,33,'Samsung SyncMaster 941BW','Product 6',1,'200.0000','200.0000','0.0000'),(140,197,42,'Apple Cinema 30&quot;','Product 15',1,'100.0000','100.0000','0.0000'),(141,198,33,'Samsung SyncMaster 941BW','Product 6',1,'200.0000','200.0000','0.0000'),(142,199,33,'Samsung SyncMaster 941BW','Product 6',1,'200.0000','200.0000','0.0000'),(143,199,42,'Apple Cinema 30&quot;','Product 15',1,'100.0000','100.0000','0.0000'),(144,200,33,'Samsung SyncMaster 941BW','Product 6',1,'200.0000','200.0000','0.0000'),(145,201,33,'Samsung SyncMaster 941BW','Product 6',1,'200.0000','200.0000','0.0000'),(146,201,42,'Apple Cinema 30&quot;','Product 15',1,'100.0000','100.0000','0.0000'),(147,202,33,'Samsung SyncMaster 941BW','Product 6',1,'200.0000','200.0000','0.0000'),(148,203,33,'Samsung SyncMaster 941BW','Product 6',1,'200.0000','200.0000','0.0000'),(149,204,33,'Samsung SyncMaster 941BW','Product 6',1,'200.0000','200.0000','0.0000'),(150,204,42,'Apple Cinema 30&quot;','Product 15',1,'100.0000','100.0000','0.0000'),(151,205,33,'Samsung SyncMaster 941BW','Product 6',1,'200.0000','200.0000','0.0000'),(152,206,33,'Samsung SyncMaster 941BW','Product 6',1,'200.0000','200.0000','0.0000'),(153,206,42,'Apple Cinema 30&quot;','Product 15',1,'100.0000','100.0000','0.0000'),(154,207,33,'Samsung SyncMaster 941BW','Product 6',1,'200.0000','200.0000','0.0000'),(155,208,33,'Samsung SyncMaster 941BW','Product 6',1,'200.0000','200.0000','0.0000'),(156,208,42,'Apple Cinema 30&quot;','Product 15',1,'100.0000','100.0000','0.0000'),(157,209,33,'Samsung SyncMaster 941BW','Product 6',1,'200.0000','200.0000','0.0000'),(158,210,33,'Samsung SyncMaster 941BW','Product 6',1,'200.0000','200.0000','0.0000'),(159,210,42,'Apple Cinema 30&quot;','Product 15',1,'100.0000','100.0000','0.0000'),(160,211,33,'Samsung SyncMaster 941BW','Product 6',1,'200.0000','200.0000','0.0000'),(161,212,33,'Samsung SyncMaster 941BW','Product 6',1,'200.0000','200.0000','0.0000'),(162,212,42,'Apple Cinema 30&quot;','Product 15',1,'100.0000','100.0000','0.0000'),(163,213,33,'Samsung SyncMaster 941BW','Product 6',1,'200.0000','200.0000','0.0000'),(164,214,33,'Samsung SyncMaster 941BW','Product 6',1,'200.0000','200.0000','0.0000'),(165,214,42,'Apple Cinema 30&quot;','Product 15',1,'100.0000','100.0000','0.0000'),(166,215,33,'Samsung SyncMaster 941BW','Product 6',1,'200.0000','200.0000','0.0000'),(167,216,33,'Samsung SyncMaster 941BW','Product 6',1,'200.0000','200.0000','0.0000'),(168,216,42,'Apple Cinema 30&quot;','Product 15',1,'100.0000','100.0000','0.0000'),(169,217,33,'Samsung SyncMaster 941BW','Product 6',1,'200.0000','200.0000','0.0000'),(170,218,33,'Samsung SyncMaster 941BW','Product 6',1,'200.0000','200.0000','0.0000'),(171,218,42,'Apple Cinema 30&quot;','Product 15',1,'100.0000','100.0000','0.0000'),(172,219,33,'Samsung SyncMaster 941BW','Product 6',1,'200.0000','200.0000','0.0000'),(173,220,33,'Samsung SyncMaster 941BW','Product 6',1,'200.0000','200.0000','0.0000'),(174,220,42,'Apple Cinema 30&quot;','Product 15',1,'100.0000','100.0000','0.0000'),(175,221,33,'Samsung SyncMaster 941BW','Product 6',1,'200.0000','200.0000','0.0000'),(176,222,33,'Samsung SyncMaster 941BW','Product 6',1,'200.0000','200.0000','0.0000'),(177,222,42,'Apple Cinema 30&quot;','Product 15',1,'100.0000','100.0000','0.0000'),(178,223,33,'Samsung SyncMaster 941BW','Product 6',1,'200.0000','200.0000','0.0000'),(179,224,33,'Samsung SyncMaster 941BW','Product 6',1,'200.0000','200.0000','0.0000'),(180,224,42,'Apple Cinema 30&quot;','Product 15',1,'100.0000','100.0000','0.0000'),(181,225,33,'Samsung SyncMaster 941BW','Product 6',1,'200.0000','200.0000','0.0000'),(182,226,33,'Samsung SyncMaster 941BW','Product 6',1,'200.0000','200.0000','0.0000'),(183,226,42,'Apple Cinema 30&quot;','Product 15',1,'100.0000','100.0000','0.0000'),(184,227,33,'Samsung SyncMaster 941BW','Product 6',1,'200.0000','200.0000','0.0000'),(185,228,33,'Samsung SyncMaster 941BW','Product 6',1,'200.0000','200.0000','0.0000'),(186,228,42,'Apple Cinema 30&quot;','Product 15',1,'100.0000','100.0000','0.0000'),(187,229,33,'Samsung SyncMaster 941BW','Product 6',1,'200.0000','200.0000','0.0000'),(188,230,33,'Samsung SyncMaster 941BW','Product 6',1,'200.0000','200.0000','0.0000'),(189,230,42,'Apple Cinema 30&quot;','Product 15',1,'100.0000','100.0000','0.0000'),(190,231,33,'Samsung SyncMaster 941BW','Product 6',1,'200.0000','200.0000','0.0000'),(191,232,33,'Samsung SyncMaster 941BW','Product 6',1,'200.0000','200.0000','0.0000'),(192,232,42,'Apple Cinema 30&quot;','Product 15',1,'100.0000','100.0000','0.0000'),(193,233,33,'Samsung SyncMaster 941BW','Product 6',1,'200.0000','200.0000','0.0000'),(194,234,33,'Samsung SyncMaster 941BW','Product 6',1,'200.0000','200.0000','0.0000'),(195,234,42,'Apple Cinema 30&quot;','Product 15',1,'100.0000','100.0000','0.0000'),(196,235,33,'Samsung SyncMaster 941BW','Product 6',1,'200.0000','200.0000','0.0000'),(197,235,42,'Apple Cinema 30&quot;','Product 15',1,'100.0000','100.0000','0.0000'),(198,236,33,'Samsung SyncMaster 941BW','Product 6',1,'200.0000','200.0000','0.0000'),(199,236,42,'Apple Cinema 30&quot;','Product 15',1,'100.0000','100.0000','0.0000'),(200,237,33,'Samsung SyncMaster 941BW','Product 6',1,'200.0000','200.0000','0.0000'),(201,237,42,'Apple Cinema 30&quot;','Product 15',1,'100.0000','100.0000','0.0000'),(202,238,33,'Samsung SyncMaster 941BW','Product 6',1,'200.0000','200.0000','0.0000'),(203,239,33,'Samsung SyncMaster 941BW','Product 6',1,'200.0000','200.0000','0.0000'),(204,239,42,'Apple Cinema 30&quot;','Product 15',1,'100.0000','100.0000','0.0000'),(205,240,33,'Samsung SyncMaster 941BW','Product 6',1,'200.0000','200.0000','0.0000'),(206,240,42,'Apple Cinema 30&quot;','Product 15',1,'100.0000','100.0000','0.0000'),(207,241,33,'Samsung SyncMaster 941BW','Product 6',1,'200.0000','200.0000','0.0000'),(208,241,42,'Apple Cinema 30&quot;','Product 15',1,'100.0000','100.0000','0.0000'),(209,242,33,'Samsung SyncMaster 941BW','Product 6',1,'200.0000','200.0000','0.0000'),(210,242,42,'Apple Cinema 30&quot;','Product 15',1,'100.0000','100.0000','0.0000'),(211,243,33,'Samsung SyncMaster 941BW','Product 6',1,'200.0000','200.0000','0.0000'),(212,243,42,'Apple Cinema 30&quot;','Product 15',1,'100.0000','100.0000','0.0000'),(213,244,33,'Samsung SyncMaster 941BW','Product 6',1,'200.0000','200.0000','0.0000'),(214,245,33,'Samsung SyncMaster 941BW','Product 6',1,'200.0000','200.0000','0.0000'),(215,245,42,'Apple Cinema 30&quot;','Product 15',1,'100.0000','100.0000','0.0000'),(216,246,33,'Samsung SyncMaster 941BW','Product 6',1,'200.0000','200.0000','0.0000'),(217,247,33,'Samsung SyncMaster 941BW','Product 6',1,'200.0000','200.0000','0.0000'),(218,247,42,'Apple Cinema 30&quot;','Product 15',1,'100.0000','100.0000','0.0000'),(219,248,33,'Samsung SyncMaster 941BW','Product 6',1,'200.0000','200.0000','0.0000'),(220,249,33,'Samsung SyncMaster 941BW','Product 6',1,'200.0000','200.0000','0.0000'),(221,249,42,'Apple Cinema 30&quot;','Product 15',1,'100.0000','100.0000','0.0000'),(222,250,33,'Samsung SyncMaster 941BW','Product 6',1,'200.0000','200.0000','0.0000'),(223,251,33,'Samsung SyncMaster 941BW','Product 6',1,'200.0000','200.0000','0.0000'),(224,251,42,'Apple Cinema 30&quot;','Product 15',1,'100.0000','100.0000','0.0000'),(225,252,33,'Samsung SyncMaster 941BW','Product 6',1,'200.0000','200.0000','0.0000'),(226,253,33,'Samsung SyncMaster 941BW','Product 6',1,'200.0000','200.0000','0.0000'),(227,253,42,'Apple Cinema 30&quot;','Product 15',1,'100.0000','100.0000','0.0000'),(228,254,33,'Samsung SyncMaster 941BW','Product 6',1,'200.0000','200.0000','0.0000'),(229,255,33,'Samsung SyncMaster 941BW','Product 6',1,'200.0000','200.0000','0.0000'),(230,255,42,'Apple Cinema 30&quot;','Product 15',1,'100.0000','100.0000','0.0000'),(231,256,33,'Samsung SyncMaster 941BW','Product 6',1,'200.0000','200.0000','0.0000'),(232,257,33,'Samsung SyncMaster 941BW','Product 6',1,'200.0000','200.0000','0.0000'),(233,257,42,'Apple Cinema 30&quot;','Product 15',1,'100.0000','100.0000','0.0000'),(234,258,33,'Samsung SyncMaster 941BW','Product 6',1,'200.0000','200.0000','0.0000'),(235,259,33,'Samsung SyncMaster 941BW','Product 6',1,'200.0000','200.0000','0.0000'),(236,259,42,'Apple Cinema 30&quot;','Product 15',1,'100.0000','100.0000','0.0000'),(237,260,33,'Samsung SyncMaster 941BW','Product 6',1,'200.0000','200.0000','0.0000'),(238,261,33,'Samsung SyncMaster 941BW','Product 6',1,'200.0000','200.0000','0.0000'),(239,261,42,'Apple Cinema 30&quot;','Product 15',1,'100.0000','100.0000','0.0000'),(240,262,33,'Samsung SyncMaster 941BW','Product 6',1,'200.0000','200.0000','0.0000'),(241,263,33,'Samsung SyncMaster 941BW','Product 6',1,'200.0000','200.0000','0.0000'),(242,263,42,'Apple Cinema 30&quot;','Product 15',1,'100.0000','100.0000','0.0000'),(243,264,33,'Samsung SyncMaster 941BW','Product 6',1,'200.0000','200.0000','0.0000'),(244,265,33,'Samsung SyncMaster 941BW','Product 6',1,'200.0000','200.0000','0.0000'),(245,265,42,'Apple Cinema 30&quot;','Product 15',1,'100.0000','100.0000','0.0000'),(246,266,33,'Samsung SyncMaster 941BW','Product 6',1,'200.0000','200.0000','0.0000'),(247,267,33,'Samsung SyncMaster 941BW','Product 6',1,'200.0000','200.0000','0.0000'),(248,267,42,'Apple Cinema 30&quot;','Product 15',1,'100.0000','100.0000','0.0000'),(249,268,33,'Samsung SyncMaster 941BW','Product 6',1,'200.0000','200.0000','0.0000'),(250,269,33,'Samsung SyncMaster 941BW','Product 6',1,'200.0000','200.0000','0.0000'),(251,269,42,'Apple Cinema 30&quot;','Product 15',1,'100.0000','100.0000','0.0000'),(252,270,33,'Samsung SyncMaster 941BW','Product 6',1,'200.0000','200.0000','0.0000'),(253,271,33,'Samsung SyncMaster 941BW','Product 6',1,'200.0000','200.0000','0.0000'),(254,271,42,'Apple Cinema 30&quot;','Product 15',1,'100.0000','100.0000','0.0000'),(255,272,33,'Samsung SyncMaster 941BW','Product 6',1,'200.0000','200.0000','0.0000'),(256,273,33,'Samsung SyncMaster 941BW','Product 6',1,'200.0000','200.0000','0.0000'),(257,273,42,'Apple Cinema 30&quot;','Product 15',1,'100.0000','100.0000','0.0000'),(258,274,33,'Samsung SyncMaster 941BW','Product 6',1,'200.0000','200.0000','0.0000'),(259,275,33,'Samsung SyncMaster 941BW','Product 6',1,'200.0000','200.0000','0.0000'),(260,275,42,'Apple Cinema 30&quot;','Product 15',1,'100.0000','100.0000','0.0000'),(261,276,33,'Samsung SyncMaster 941BW','Product 6',1,'200.0000','200.0000','0.0000'),(262,277,33,'Samsung SyncMaster 941BW','Product 6',1,'200.0000','200.0000','0.0000'),(263,277,42,'Apple Cinema 30&quot;','Product 15',1,'100.0000','100.0000','0.0000'),(264,278,33,'Samsung SyncMaster 941BW','Product 6',1,'200.0000','200.0000','0.0000'),(265,279,33,'Samsung SyncMaster 941BW','Product 6',1,'200.0000','200.0000','0.0000'),(266,279,42,'Apple Cinema 30&quot;','Product 15',1,'100.0000','100.0000','0.0000'),(267,280,33,'Samsung SyncMaster 941BW','Product 6',1,'200.0000','200.0000','0.0000'),(271,283,33,'Samsung SyncMaster 941BW','Product 6',1,'200.0000','200.0000','0.0000'),(272,283,42,'Apple Cinema 30&quot;','Product 15',1,'100.0000','100.0000','0.0000'),(273,284,33,'Samsung SyncMaster 941BW','Product 6',1,'200.0000','200.0000','0.0000'),(274,285,33,'Samsung SyncMaster 941BW','Product 6',1,'200.0000','200.0000','0.0000'),(275,285,42,'Apple Cinema 30&quot;','Product 15',1,'100.0000','100.0000','0.0000'),(276,286,33,'Samsung SyncMaster 941BW','Product 6',1,'200.0000','200.0000','0.0000'),(277,287,33,'Samsung SyncMaster 941BW','Product 6',1,'200.0000','200.0000','0.0000'),(278,287,42,'Apple Cinema 30&quot;','Product 15',1,'100.0000','100.0000','0.0000'),(279,288,33,'Samsung SyncMaster 941BW','Product 6',1,'200.0000','200.0000','0.0000'),(280,289,33,'Samsung SyncMaster 941BW','Product 6',1,'200.0000','200.0000','0.0000'),(281,289,42,'Apple Cinema 30&quot;','Product 15',1,'100.0000','100.0000','0.0000'),(282,290,33,'Samsung SyncMaster 941BW','Product 6',1,'200.0000','200.0000','0.0000'),(283,291,33,'Samsung SyncMaster 941BW','Product 6',1,'200.0000','200.0000','0.0000'),(284,291,42,'Apple Cinema 30&quot;','Product 15',1,'100.0000','100.0000','0.0000'),(285,292,33,'Samsung SyncMaster 941BW','Product 6',1,'200.0000','200.0000','0.0000'),(286,293,33,'Samsung SyncMaster 941BW','Product 6',1,'200.0000','200.0000','0.0000'),(287,293,42,'Apple Cinema 30&quot;','Product 15',1,'100.0000','100.0000','0.0000'),(288,294,33,'Samsung SyncMaster 941BW','Product 6',1,'200.0000','200.0000','0.0000'),(289,295,33,'Samsung SyncMaster 941BW','Product 6',1,'200.0000','200.0000','0.0000'),(290,295,42,'Apple Cinema 30&quot;','Product 15',1,'100.0000','100.0000','0.0000'),(291,296,33,'Samsung SyncMaster 941BW','Product 6',1,'200.0000','200.0000','0.0000'),(292,297,33,'Samsung SyncMaster 941BW','Product 6',1,'200.0000','200.0000','0.0000'),(293,297,42,'Apple Cinema 30&quot;','Product 15',1,'100.0000','100.0000','0.0000'),(294,298,33,'Samsung SyncMaster 941BW','Product 6',1,'200.0000','200.0000','0.0000'),(295,299,33,'Samsung SyncMaster 941BW','Product 6',1,'200.0000','200.0000','0.0000'),(296,299,42,'Apple Cinema 30&quot;','Product 15',1,'100.0000','100.0000','0.0000'),(297,300,33,'Samsung SyncMaster 941BW','Product 6',1,'200.0000','200.0000','0.0000'),(298,301,33,'Samsung SyncMaster 941BW','Product 6',1,'200.0000','200.0000','0.0000'),(299,301,42,'Apple Cinema 30&quot;','Product 15',1,'100.0000','100.0000','0.0000'),(300,302,33,'Samsung SyncMaster 941BW','Product 6',1,'200.0000','200.0000','0.0000'),(301,303,33,'Samsung SyncMaster 941BW','Product 6',1,'200.0000','200.0000','0.0000'),(302,303,42,'Apple Cinema 30&quot;','Product 15',1,'100.0000','100.0000','0.0000'),(303,304,33,'Samsung SyncMaster 941BW','Product 6',1,'200.0000','200.0000','0.0000'),(304,305,33,'Samsung SyncMaster 941BW','Product 6',1,'200.0000','200.0000','0.0000'),(305,305,42,'Apple Cinema 30&quot;','Product 15',1,'100.0000','100.0000','0.0000'),(306,306,33,'Samsung SyncMaster 941BW','Product 6',1,'200.0000','200.0000','0.0000'),(307,307,33,'Samsung SyncMaster 941BW','Product 6',1,'200.0000','200.0000','0.0000'),(308,307,42,'Apple Cinema 30&quot;','Product 15',1,'100.0000','100.0000','0.0000'),(309,308,33,'Samsung SyncMaster 941BW','Product 6',1,'200.0000','200.0000','0.0000'),(310,309,33,'Samsung SyncMaster 941BW','Product 6',1,'200.0000','200.0000','0.0000'),(311,309,42,'Apple Cinema 30&quot;','Product 15',1,'100.0000','100.0000','0.0000'),(312,310,33,'Samsung SyncMaster 941BW','Product 6',1,'200.0000','200.0000','0.0000'),(313,311,33,'Samsung SyncMaster 941BW','Product 6',1,'200.0000','200.0000','0.0000'),(314,311,42,'Apple Cinema 30&quot;','Product 15',1,'100.0000','100.0000','0.0000'),(315,312,33,'Samsung SyncMaster 941BW','Product 6',1,'200.0000','200.0000','0.0000'),(316,313,33,'Samsung SyncMaster 941BW','Product 6',1,'200.0000','200.0000','0.0000'),(317,313,42,'Apple Cinema 30&quot;','Product 15',1,'100.0000','100.0000','0.0000'),(318,314,33,'Samsung SyncMaster 941BW','Product 6',1,'200.0000','200.0000','0.0000'),(319,315,33,'Samsung SyncMaster 941BW','Product 6',1,'200.0000','200.0000','0.0000'),(320,315,42,'Apple Cinema 30&quot;','Product 15',1,'100.0000','100.0000','0.0000'),(321,316,33,'Samsung SyncMaster 941BW','Product 6',1,'200.0000','200.0000','0.0000'),(322,317,33,'Samsung SyncMaster 941BW','Product 6',1,'200.0000','200.0000','0.0000'),(323,317,42,'Apple Cinema 30&quot;','Product 15',1,'100.0000','100.0000','0.0000'),(324,318,33,'Samsung SyncMaster 941BW','Product 6',1,'200.0000','200.0000','0.0000'),(325,319,33,'Samsung SyncMaster 941BW','Product 6',1,'200.0000','200.0000','0.0000'),(326,319,42,'Apple Cinema 30&quot;','Product 15',1,'100.0000','100.0000','0.0000'),(327,320,33,'Samsung SyncMaster 941BW','Product 6',1,'200.0000','200.0000','0.0000'),(328,321,33,'Samsung SyncMaster 941BW','Product 6',1,'200.0000','200.0000','0.0000'),(329,321,42,'Apple Cinema 30&quot;','Product 15',1,'100.0000','100.0000','0.0000'),(330,322,33,'Samsung SyncMaster 941BW','Product 6',1,'200.0000','200.0000','0.0000'),(331,323,33,'Samsung SyncMaster 941BW','Product 6',1,'200.0000','200.0000','0.0000'),(332,323,42,'Apple Cinema 30&quot;','Product 15',1,'100.0000','100.0000','0.0000'),(333,324,33,'Samsung SyncMaster 941BW','Product 6',1,'200.0000','200.0000','0.0000'),(334,325,33,'Samsung SyncMaster 941BW','Product 6',1,'200.0000','200.0000','0.0000'),(335,325,42,'Apple Cinema 30&quot;','Product 15',1,'100.0000','100.0000','0.0000'),(336,326,33,'Samsung SyncMaster 941BW','Product 6',1,'200.0000','200.0000','0.0000'),(337,327,33,'Samsung SyncMaster 941BW','Product 6',1,'200.0000','200.0000','0.0000'),(338,327,42,'Apple Cinema 30&quot;','Product 15',1,'100.0000','100.0000','0.0000'),(339,328,33,'Samsung SyncMaster 941BW','Product 6',1,'200.0000','200.0000','0.0000'),(340,329,33,'Samsung SyncMaster 941BW','Product 6',1,'200.0000','200.0000','0.0000'),(341,329,42,'Apple Cinema 30&quot;','Product 15',1,'100.0000','100.0000','0.0000'),(342,330,33,'Samsung SyncMaster 941BW','Product 6',1,'200.0000','200.0000','0.0000'),(343,331,33,'Samsung SyncMaster 941BW','Product 6',1,'200.0000','200.0000','0.0000'),(344,331,42,'Apple Cinema 30&quot;','Product 15',1,'100.0000','100.0000','0.0000'),(345,332,33,'Samsung SyncMaster 941BW','Product 6',1,'200.0000','200.0000','0.0000'),(346,333,33,'Samsung SyncMaster 941BW','Product 6',1,'200.0000','200.0000','0.0000'),(347,333,42,'Apple Cinema 30&quot;','Product 15',1,'100.0000','100.0000','0.0000'),(348,334,33,'Samsung SyncMaster 941BW','Product 6',1,'200.0000','200.0000','0.0000'),(349,335,33,'Samsung SyncMaster 941BW','Product 6',1,'200.0000','200.0000','0.0000'),(350,335,42,'Apple Cinema 30&quot;','Product 15',1,'100.0000','100.0000','0.0000'),(351,336,33,'Samsung SyncMaster 941BW','Product 6',1,'200.0000','200.0000','0.0000'),(352,337,33,'Samsung SyncMaster 941BW','Product 6',1,'200.0000','200.0000','0.0000'),(353,337,42,'Apple Cinema 30&quot;','Product 15',1,'100.0000','100.0000','0.0000'),(354,338,33,'Samsung SyncMaster 941BW','Product 6',1,'200.0000','200.0000','0.0000'),(355,339,33,'Samsung SyncMaster 941BW','Product 6',1,'200.0000','200.0000','0.0000'),(356,339,42,'Apple Cinema 30&quot;','Product 15',1,'100.0000','100.0000','0.0000'),(357,340,33,'Samsung SyncMaster 941BW','Product 6',1,'200.0000','200.0000','0.0000'),(358,341,33,'Samsung SyncMaster 941BW','Product 6',1,'200.0000','200.0000','0.0000'),(359,341,42,'Apple Cinema 30&quot;','Product 15',1,'100.0000','100.0000','0.0000'),(360,342,33,'Samsung SyncMaster 941BW','Product 6',1,'200.0000','200.0000','0.0000'),(361,343,33,'Samsung SyncMaster 941BW','Product 6',1,'200.0000','200.0000','0.0000'),(362,343,42,'Apple Cinema 30&quot;','Product 15',1,'100.0000','100.0000','0.0000'),(363,344,33,'Samsung SyncMaster 941BW','Product 6',1,'200.0000','200.0000','0.0000'),(364,345,33,'Samsung SyncMaster 941BW','Product 6',1,'200.0000','200.0000','0.0000'),(365,345,42,'Apple Cinema 30&quot;','Product 15',1,'100.0000','100.0000','0.0000'),(366,346,33,'Samsung SyncMaster 941BW','Product 6',1,'200.0000','200.0000','0.0000'),(367,347,33,'Samsung SyncMaster 941BW','Product 6',1,'200.0000','200.0000','0.0000'),(368,347,42,'Apple Cinema 30&quot;','Product 15',1,'100.0000','100.0000','0.0000'),(369,348,33,'Samsung SyncMaster 941BW','Product 6',1,'200.0000','200.0000','0.0000'),(370,349,33,'Samsung SyncMaster 941BW','Product 6',1,'200.0000','200.0000','0.0000'),(371,349,42,'Apple Cinema 30&quot;','Product 15',1,'100.0000','100.0000','0.0000'),(372,350,33,'Samsung SyncMaster 941BW','Product 6',1,'200.0000','200.0000','0.0000'),(373,351,33,'Samsung SyncMaster 941BW','Product 6',1,'200.0000','200.0000','0.0000'),(374,351,42,'Apple Cinema 30&quot;','Product 15',1,'100.0000','100.0000','0.0000'),(375,352,33,'Samsung SyncMaster 941BW','Product 6',1,'200.0000','200.0000','0.0000'),(376,353,33,'Samsung SyncMaster 941BW','Product 6',1,'200.0000','200.0000','0.0000'),(377,353,42,'Apple Cinema 30&quot;','Product 15',1,'100.0000','100.0000','0.0000'),(378,354,33,'Samsung SyncMaster 941BW','Product 6',1,'200.0000','200.0000','0.0000'),(380,355,42,'Apple Cinema 30&quot;','Product 15',1,'100.0000','100.0000','0.0000'),(382,357,33,'Samsung SyncMaster 941BW','Product 6',1,'200.0000','200.0000','0.0000'),(383,357,42,'Apple Cinema 30&quot;','Product 15',1,'100.0000','100.0000','0.0000'),(385,359,33,'Samsung SyncMaster 941BW','Product 6',1,'200.0000','200.0000','0.0000'),(386,359,42,'Apple Cinema 30&quot;','Product 15',1,'100.0000','100.0000','0.0000'),(394,365,33,'Samsung SyncMaster 941BW','Product 6',1,'200.0000','200.0000','0.0000'),(395,365,42,'Apple Cinema 30&quot;','Product 15',1,'100.0000','100.0000','0.0000'),(396,366,33,'Samsung SyncMaster 941BW','Product 6',1,'200.0000','200.0000','0.0000'),(397,367,33,'Samsung SyncMaster 941BW','Product 6',1,'200.0000','200.0000','0.0000'),(398,367,42,'Apple Cinema 30&quot;','Product 15',1,'100.0000','100.0000','0.0000'),(399,368,33,'Samsung SyncMaster 941BW','Product 6',1,'200.0000','200.0000','0.0000'),(407,373,42,'Apple Cinema 30&quot;','Product 15',1,'100.0000','100.0000','0.0000'),(408,374,33,'Samsung SyncMaster 941BW','Product 6',1,'200.0000','200.0000','0.0000'),(406,373,33,'Samsung SyncMaster 941BW','Product 6',1,'200.0000','200.0000','0.0000'),(409,375,33,'Samsung SyncMaster 941BW','Product 6',1,'200.0000','200.0000','0.0000'),(410,375,42,'Apple Cinema 30&quot;','Product 15',1,'100.0000','100.0000','0.0000'),(412,377,33,'Samsung SyncMaster 941BW','Product 6',1,'200.0000','200.0000','0.0000'),(413,377,42,'Apple Cinema 30&quot;','Product 15',1,'100.0000','100.0000','0.0000'),(415,379,33,'Samsung SyncMaster 941BW','Product 6',1,'200.0000','200.0000','0.0000'),(416,379,42,'Apple Cinema 30&quot;','Product 15',1,'100.0000','100.0000','0.0000'),(417,380,33,'Samsung SyncMaster 941BW','Product 6',1,'200.0000','200.0000','0.0000'),(418,381,33,'Samsung SyncMaster 941BW','Product 6',1,'200.0000','200.0000','0.0000'),(419,381,42,'Apple Cinema 30&quot;','Product 15',1,'100.0000','100.0000','0.0000'),(420,382,33,'Samsung SyncMaster 941BW','Product 6',1,'200.0000','200.0000','0.0000'),(422,383,42,'Apple Cinema 30&quot;','Product 15',1,'100.0000','100.0000','0.0000'),(423,384,33,'Samsung SyncMaster 941BW','Product 6',1,'200.0000','200.0000','0.0000'),(424,385,33,'Samsung SyncMaster 941BW','Product 6',1,'200.0000','200.0000','0.0000'),(425,385,42,'Apple Cinema 30&quot;','Product 15',1,'100.0000','100.0000','0.0000'),(426,386,33,'Samsung SyncMaster 941BW','Product 6',1,'200.0000','200.0000','0.0000'),(434,391,42,'Apple Cinema 30&quot;','Product 15',1,'100.0000','100.0000','0.0000'),(433,391,33,'Samsung SyncMaster 941BW','Product 6',1,'200.0000','200.0000','0.0000'),(435,392,33,'Samsung SyncMaster 941BW','Product 6',1,'200.0000','200.0000','0.0000'),(445,399,33,'Samsung SyncMaster 941BW','Product 6',1,'200.0000','200.0000','0.0000'),(446,399,42,'Apple Cinema 30&quot;','Product 15',1,'100.0000','100.0000','0.0000'),(447,400,33,'Samsung SyncMaster 941BW','Product 6',1,'200.0000','200.0000','0.0000'),(448,402,33,'Samsung SyncMaster 941BW','Product 6',1,'200.0000','200.0000','0.0000'),(449,404,33,'Samsung SyncMaster 941BW','Product 6',1,'200.0000','200.0000','0.0000'),(450,406,33,'Samsung SyncMaster 941BW','Product 6',1,'200.0000','200.0000','0.0000'),(451,408,33,'Samsung SyncMaster 941BW','Product 6',1,'200.0000','200.0000','0.0000'),(452,410,33,'Samsung SyncMaster 941BW','Product 6',1,'200.0000','200.0000','0.0000'),(453,412,33,'Samsung SyncMaster 941BW','Product 6',1,'200.0000','200.0000','0.0000'),(459,416,33,'Samsung SyncMaster 941BW','Product 6',1,'200.0000','200.0000','0.0000'),(457,415,33,'Samsung SyncMaster 941BW','Product 6',1,'200.0000','200.0000','0.0000'),(458,415,42,'Apple Cinema 30&quot;','Product 15',1,'100.0000','100.0000','0.0000'),(460,417,33,'Samsung SyncMaster 941BW','Product 6',1,'200.0000','200.0000','0.0000'),(461,417,42,'Apple Cinema 30&quot;','Product 15',1,'100.0000','100.0000','0.0000'),(462,418,33,'Samsung SyncMaster 941BW','Product 6',1,'200.0000','200.0000','0.0000'),(463,419,33,'Samsung SyncMaster 941BW','Product 6',1,'200.0000','200.0000','0.0000'),(464,419,42,'Apple Cinema 30&quot;','Product 15',1,'100.0000','100.0000','0.0000'),(465,420,33,'Samsung SyncMaster 941BW','Product 6',1,'200.0000','200.0000','0.0000'),(466,421,33,'Samsung SyncMaster 941BW','Product 6',1,'200.0000','200.0000','0.0000'),(467,421,42,'Apple Cinema 30&quot;','Product 15',1,'100.0000','100.0000','0.0000'),(468,422,33,'Samsung SyncMaster 941BW','Product 6',1,'200.0000','200.0000','0.0000'),(469,423,33,'Samsung SyncMaster 941BW','Product 6',1,'200.0000','200.0000','0.0000'),(470,423,42,'Apple Cinema 30&quot;','Product 15',1,'100.0000','100.0000','0.0000'),(471,424,33,'Samsung SyncMaster 941BW','Product 6',1,'200.0000','200.0000','0.0000'),(472,425,33,'Samsung SyncMaster 941BW','Product 6',1,'200.0000','200.0000','0.0000'),(473,425,42,'Apple Cinema 30&quot;','Product 15',1,'100.0000','100.0000','0.0000'),(474,426,33,'Samsung SyncMaster 941BW','Product 6',1,'200.0000','200.0000','0.0000'),(475,427,33,'Samsung SyncMaster 941BW','Product 6',1,'200.0000','200.0000','0.0000'),(476,427,42,'Apple Cinema 30&quot;','Product 15',1,'100.0000','100.0000','0.0000'),(477,428,33,'Samsung SyncMaster 941BW','Product 6',1,'200.0000','200.0000','0.0000'),(478,429,33,'Samsung SyncMaster 941BW','Product 6',1,'200.0000','200.0000','0.0000'),(479,429,42,'Apple Cinema 30&quot;','Product 15',1,'100.0000','100.0000','0.0000'),(480,430,33,'Samsung SyncMaster 941BW','Product 6',1,'200.0000','200.0000','0.0000'),(481,431,33,'Samsung SyncMaster 941BW','Product 6',1,'200.0000','200.0000','0.0000'),(482,431,42,'Apple Cinema 30&quot;','Product 15',1,'100.0000','100.0000','0.0000'),(483,432,33,'Samsung SyncMaster 941BW','Product 6',1,'200.0000','200.0000','0.0000'),(484,433,33,'Samsung SyncMaster 941BW','Product 6',1,'200.0000','200.0000','0.0000'),(485,433,42,'Apple Cinema 30&quot;','Product 15',1,'100.0000','100.0000','0.0000'),(486,434,33,'Samsung SyncMaster 941BW','Product 6',1,'200.0000','200.0000','0.0000'),(487,435,33,'Samsung SyncMaster 941BW','Product 6',1,'200.0000','200.0000','0.0000'),(488,435,42,'Apple Cinema 30&quot;','Product 15',1,'100.0000','100.0000','0.0000'),(489,436,33,'Samsung SyncMaster 941BW','Product 6',1,'200.0000','200.0000','0.0000'),(490,437,33,'Samsung SyncMaster 941BW','Product 6',1,'200.0000','200.0000','0.0000'),(491,437,42,'Apple Cinema 30&quot;','Product 15',1,'100.0000','100.0000','0.0000'),(492,438,33,'Samsung SyncMaster 941BW','Product 6',1,'200.0000','200.0000','0.0000'),(493,439,33,'Samsung SyncMaster 941BW','Product 6',1,'200.0000','200.0000','0.0000'),(494,439,42,'Apple Cinema 30&quot;','Product 15',1,'100.0000','100.0000','0.0000'),(495,440,33,'Samsung SyncMaster 941BW','Product 6',1,'200.0000','200.0000','0.0000'),(496,441,33,'Samsung SyncMaster 941BW','Product 6',1,'200.0000','200.0000','0.0000'),(497,441,42,'Apple Cinema 30&quot;','Product 15',1,'100.0000','100.0000','0.0000'),(498,442,33,'Samsung SyncMaster 941BW','Product 6',1,'200.0000','200.0000','0.0000'),(499,443,33,'Samsung SyncMaster 941BW','Product 6',1,'200.0000','200.0000','0.0000'),(500,443,42,'Apple Cinema 30&quot;','Product 15',1,'100.0000','100.0000','0.0000'),(501,444,33,'Samsung SyncMaster 941BW','Product 6',1,'200.0000','200.0000','0.0000'),(502,445,33,'Samsung SyncMaster 941BW','Product 6',1,'200.0000','200.0000','0.0000'),(503,445,42,'Apple Cinema 30&quot;','Product 15',1,'100.0000','100.0000','0.0000'),(504,446,33,'Samsung SyncMaster 941BW','Product 6',1,'200.0000','200.0000','0.0000'),(505,447,33,'Samsung SyncMaster 941BW','Product 6',1,'200.0000','200.0000','0.0000'),(506,447,42,'Apple Cinema 30&quot;','Product 15',1,'100.0000','100.0000','0.0000'),(507,448,33,'Samsung SyncMaster 941BW','Product 6',1,'200.0000','200.0000','0.0000'),(508,449,33,'Samsung SyncMaster 941BW','Product 6',1,'200.0000','200.0000','0.0000'),(509,449,42,'Apple Cinema 30&quot;','Product 15',1,'100.0000','100.0000','0.0000'),(510,450,33,'Samsung SyncMaster 941BW','Product 6',1,'200.0000','200.0000','0.0000'),(511,451,33,'Samsung SyncMaster 941BW','Product 6',1,'200.0000','200.0000','0.0000'),(512,451,42,'Apple Cinema 30&quot;','Product 15',1,'100.0000','100.0000','0.0000'),(513,452,33,'Samsung SyncMaster 941BW','Product 6',1,'200.0000','200.0000','0.0000'),(514,453,33,'Samsung SyncMaster 941BW','Product 6',1,'200.0000','200.0000','0.0000'),(515,453,42,'Apple Cinema 30&quot;','Product 15',1,'100.0000','100.0000','0.0000'),(516,454,33,'Samsung SyncMaster 941BW','Product 6',1,'200.0000','200.0000','0.0000'),(517,455,33,'Samsung SyncMaster 941BW','Product 6',1,'200.0000','200.0000','0.0000'),(518,455,42,'Apple Cinema 30&quot;','Product 15',1,'100.0000','100.0000','0.0000'),(519,456,33,'Samsung SyncMaster 941BW','Product 6',1,'200.0000','200.0000','0.0000'),(520,457,33,'Samsung SyncMaster 941BW','Product 6',1,'200.0000','200.0000','0.0000'),(521,457,42,'Apple Cinema 30&quot;','Product 15',1,'100.0000','100.0000','0.0000'),(522,458,33,'Samsung SyncMaster 941BW','Product 6',1,'200.0000','200.0000','0.0000'),(523,459,33,'Samsung SyncMaster 941BW','Product 6',1,'200.0000','200.0000','0.0000'),(524,459,42,'Apple Cinema 30&quot;','Product 15',1,'100.0000','100.0000','0.0000'),(525,460,33,'Samsung SyncMaster 941BW','Product 6',1,'200.0000','200.0000','0.0000'),(526,461,33,'Samsung SyncMaster 941BW','Product 6',1,'200.0000','200.0000','0.0000'),(527,461,42,'Apple Cinema 30&quot;','Product 15',1,'100.0000','100.0000','0.0000'),(528,462,33,'Samsung SyncMaster 941BW','Product 6',1,'200.0000','200.0000','0.0000'),(529,463,33,'Samsung SyncMaster 941BW','Product 6',1,'200.0000','200.0000','0.0000'),(530,463,42,'Apple Cinema 30&quot;','Product 15',1,'100.0000','100.0000','0.0000'),(531,464,33,'Samsung SyncMaster 941BW','Product 6',1,'200.0000','200.0000','0.0000'),(532,465,33,'Samsung SyncMaster 941BW','Product 6',1,'200.0000','200.0000','0.0000'),(533,465,42,'Apple Cinema 30&quot;','Product 15',1,'100.0000','100.0000','0.0000'),(534,466,33,'Samsung SyncMaster 941BW','Product 6',1,'200.0000','200.0000','0.0000'),(535,467,33,'Samsung SyncMaster 941BW','Product 6',1,'200.0000','200.0000','0.0000'),(536,467,42,'Apple Cinema 30&quot;','Product 15',1,'100.0000','100.0000','0.0000'),(537,468,33,'Samsung SyncMaster 941BW','Product 6',1,'200.0000','200.0000','0.0000'),(538,469,33,'Samsung SyncMaster 941BW','Product 6',1,'200.0000','200.0000','0.0000'),(539,469,42,'Apple Cinema 30&quot;','Product 15',1,'100.0000','100.0000','0.0000'),(540,470,33,'Samsung SyncMaster 941BW','Product 6',1,'200.0000','200.0000','0.0000'),(541,471,33,'Samsung SyncMaster 941BW','Product 6',1,'200.0000','200.0000','0.0000'),(542,471,42,'Apple Cinema 30&quot;','Product 15',1,'100.0000','100.0000','0.0000'),(543,472,33,'Samsung SyncMaster 941BW','Product 6',1,'200.0000','200.0000','0.0000'),(544,473,33,'Samsung SyncMaster 941BW','Product 6',1,'200.0000','200.0000','0.0000'),(545,473,42,'Apple Cinema 30&quot;','Product 15',1,'100.0000','100.0000','0.0000'),(546,474,33,'Samsung SyncMaster 941BW','Product 6',1,'200.0000','200.0000','0.0000'),(547,475,33,'Samsung SyncMaster 941BW','Product 6',1,'200.0000','200.0000','0.0000'),(548,475,42,'Apple Cinema 30&quot;','Product 15',1,'100.0000','100.0000','0.0000'),(549,476,33,'Samsung SyncMaster 941BW','Product 6',1,'200.0000','200.0000','0.0000'),(550,477,33,'Samsung SyncMaster 941BW','Product 6',1,'200.0000','200.0000','0.0000'),(551,477,42,'Apple Cinema 30&quot;','Product 15',1,'100.0000','100.0000','0.0000'),(552,478,33,'Samsung SyncMaster 941BW','Product 6',1,'200.0000','200.0000','0.0000'),(553,479,33,'Samsung SyncMaster 941BW','Product 6',1,'200.0000','200.0000','0.0000'),(554,479,42,'Apple Cinema 30&quot;','Product 15',1,'100.0000','100.0000','0.0000'),(555,480,33,'Samsung SyncMaster 941BW','Product 6',1,'200.0000','200.0000','0.0000'),(556,481,33,'Samsung SyncMaster 941BW','Product 6',1,'200.0000','200.0000','0.0000'),(557,481,42,'Apple Cinema 30&quot;','Product 15',1,'100.0000','100.0000','0.0000'),(558,482,33,'Samsung SyncMaster 941BW','Product 6',1,'200.0000','200.0000','0.0000'),(559,483,33,'Samsung SyncMaster 941BW','Product 6',1,'200.0000','200.0000','0.0000'),(560,483,42,'Apple Cinema 30&quot;','Product 15',1,'100.0000','100.0000','0.0000'),(561,484,33,'Samsung SyncMaster 941BW','Product 6',1,'200.0000','200.0000','0.0000'),(562,485,33,'Samsung SyncMaster 941BW','Product 6',1,'200.0000','200.0000','0.0000'),(563,485,42,'Apple Cinema 30&quot;','Product 15',1,'100.0000','100.0000','0.0000'),(564,486,33,'Samsung SyncMaster 941BW','Product 6',1,'200.0000','200.0000','0.0000'),(565,487,33,'Samsung SyncMaster 941BW','Product 6',1,'200.0000','200.0000','0.0000'),(566,487,42,'Apple Cinema 30&quot;','Product 15',1,'100.0000','100.0000','0.0000'),(567,488,33,'Samsung SyncMaster 941BW','Product 6',1,'200.0000','200.0000','0.0000'),(568,489,33,'Samsung SyncMaster 941BW','Product 6',1,'200.0000','200.0000','0.0000'),(569,489,42,'Apple Cinema 30&quot;','Product 15',1,'100.0000','100.0000','0.0000'),(570,490,33,'Samsung SyncMaster 941BW','Product 6',1,'200.0000','200.0000','0.0000'),(571,491,33,'Samsung SyncMaster 941BW','Product 6',1,'200.0000','200.0000','0.0000'),(572,491,42,'Apple Cinema 30&quot;','Product 15',1,'100.0000','100.0000','0.0000'),(573,492,33,'Samsung SyncMaster 941BW','Product 6',1,'200.0000','200.0000','0.0000'),(574,493,33,'Samsung SyncMaster 941BW','Product 6',1,'200.0000','200.0000','0.0000'),(575,493,42,'Apple Cinema 30&quot;','Product 15',1,'100.0000','100.0000','0.0000'),(576,494,33,'Samsung SyncMaster 941BW','Product 6',1,'200.0000','200.0000','0.0000'),(577,495,33,'Samsung SyncMaster 941BW','Product 6',1,'200.0000','200.0000','0.0000'),(578,495,42,'Apple Cinema 30&quot;','Product 15',1,'100.0000','100.0000','0.0000'),(579,496,33,'Samsung SyncMaster 941BW','Product 6',1,'200.0000','200.0000','0.0000'),(580,497,33,'Samsung SyncMaster 941BW','Product 6',1,'200.0000','200.0000','0.0000'),(581,497,42,'Apple Cinema 30&quot;','Product 15',1,'100.0000','100.0000','0.0000'),(582,498,33,'Samsung SyncMaster 941BW','Product 6',1,'200.0000','200.0000','0.0000'),(583,499,33,'Samsung SyncMaster 941BW','Product 6',1,'200.0000','200.0000','0.0000'),(584,499,42,'Apple Cinema 30&quot;','Product 15',1,'100.0000','100.0000','0.0000'),(585,500,33,'Samsung SyncMaster 941BW','Product 6',1,'200.0000','200.0000','0.0000'),(586,501,33,'Samsung SyncMaster 941BW','Product 6',1,'200.0000','200.0000','0.0000'),(587,501,42,'Apple Cinema 30&quot;','Product 15',1,'100.0000','100.0000','0.0000'),(588,502,33,'Samsung SyncMaster 941BW','Product 6',1,'200.0000','200.0000','0.0000'),(589,503,33,'Samsung SyncMaster 941BW','Product 6',1,'200.0000','200.0000','0.0000'),(590,503,42,'Apple Cinema 30&quot;','Product 15',1,'100.0000','100.0000','0.0000'),(591,504,33,'Samsung SyncMaster 941BW','Product 6',1,'200.0000','200.0000','0.0000'),(592,505,33,'Samsung SyncMaster 941BW','Product 6',1,'200.0000','200.0000','0.0000'),(593,505,42,'Apple Cinema 30&quot;','Product 15',1,'90.0000','90.0000','0.0000'),(594,506,33,'Samsung SyncMaster 941BW','Product 6',1,'200.0000','200.0000','0.0000'),(595,507,33,'Samsung SyncMaster 941BW','Product 6',1,'200.0000','200.0000','0.0000'),(596,507,42,'Apple Cinema 30&quot;','Product 15',1,'90.0000','90.0000','0.0000'),(597,508,33,'Samsung SyncMaster 941BW','Product 6',1,'200.0000','200.0000','0.0000'),(598,509,33,'Samsung SyncMaster 941BW','Product 6',1,'200.0000','200.0000','0.0000'),(599,509,42,'Apple Cinema 30&quot;','Product 15',1,'90.0000','90.0000','0.0000'),(600,510,33,'Samsung SyncMaster 941BW','Product 6',1,'200.0000','200.0000','0.0000'),(601,511,33,'Samsung SyncMaster 941BW','Product 6',1,'200.0000','200.0000','0.0000'),(602,511,42,'Apple Cinema 30&quot;','Product 15',1,'89.0000','89.0000','0.0000'),(603,512,33,'Samsung SyncMaster 941BW','Product 6',1,'200.0000','200.0000','0.0000'),(604,513,33,'Samsung SyncMaster 941BW','Product 6',1,'200.0000','200.0000','0.0000'),(605,513,42,'Apple Cinema 30&quot;','Product 15',1,'100.0000','100.0000','0.0000'),(606,514,33,'Samsung SyncMaster 941BW','Product 6',1,'200.0000','200.0000','0.0000'),(607,515,33,'Samsung SyncMaster 941BW','Product 6',1,'200.0000','200.0000','0.0000'),(608,515,42,'Apple Cinema 30&quot;','Product 15',1,'89.0000','89.0000','0.0000'),(609,516,33,'Samsung SyncMaster 941BW','Product 6',1,'200.0000','200.0000','0.0000'),(610,517,33,'Samsung SyncMaster 941BW','Product 6',1,'200.0000','200.0000','0.0000'),(611,517,42,'Apple Cinema 30&quot;','Product 15',1,'89.0000','89.0000','0.0000'),(613,519,33,'Samsung SyncMaster 941BW','Product 6',1,'200.0000','200.0000','0.0000'),(614,519,42,'Apple Cinema 30&quot;','Product 15',1,'89.0000','89.0000','0.0000'),(623,525,42,'Apple Cinema 30&quot;','Product 15',1,'89.0000','89.0000','0.0000'),(622,525,33,'Samsung SyncMaster 941BW','Product 6',1,'200.0000','200.0000','0.0000'),(618,522,33,'Samsung SyncMaster 941BW','Product 6',1,'200.0000','200.0000','0.0000'),(621,524,33,'Samsung SyncMaster 941BW','Product 6',1,'200.0000','200.0000','0.0000'),(632,532,42,'Apple Cinema 30&quot;','Product 15',1,'89.0000','89.0000','0.0000'),(631,531,33,'Samsung SyncMaster 941BW','Product 6',1,'200.0000','200.0000','0.0000'),(627,528,33,'Samsung SyncMaster 941BW','Product 6',1,'200.0000','200.0000','0.0000'),(633,533,33,'Samsung SyncMaster 941BW','Product 6',1,'200.0000','200.0000','0.0000'),(634,535,33,'Samsung SyncMaster 941BW','Product 6',1,'200.0000','200.0000','0.0000'),(635,536,42,'Apple Cinema 30&quot;','Product 15',1,'89.0000','89.0000','0.0000'),(636,537,33,'Samsung SyncMaster 941BW','Product 6',1,'200.0000','200.0000','0.0000'),(649,550,33,'Samsung SyncMaster 941BW','Product 6',1,'200.0000','200.0000','0.0000'),(650,551,42,'Apple Cinema 30&quot;','Product 15',1,'89.0000','89.0000','0.0000'),(651,552,33,'Samsung SyncMaster 941BW','Product 6',1,'200.0000','200.0000','0.0000'),(652,553,33,'Samsung SyncMaster 941BW','Product 6',1,'200.0000','200.0000','0.0000'),(653,554,42,'Apple Cinema 30&quot;','Product 15',1,'89.0000','89.0000','0.0000'),(654,555,33,'Samsung SyncMaster 941BW','Product 6',1,'200.0000','200.0000','0.0000');
/*!40000 ALTER TABLE `gds_order_product` ENABLE KEYS */;
UNLOCK TABLES;

--
-- Table structure for table `gds_order_status`
--

DROP TABLE IF EXISTS `gds_order_status`;
/*!40101 SET @saved_cs_client     = @@character_set_client */;
/*!40101 SET character_set_client = utf8 */;
CREATE TABLE `gds_order_status` (
  `order_status_id` int(11) NOT NULL AUTO_INCREMENT,
  `language_id` int(11) NOT NULL,
  `name` varchar(32) COLLATE utf8_bin NOT NULL,
  PRIMARY KEY (`order_status_id`,`language_id`)
) ENGINE=MyISAM AUTO_INCREMENT=17 DEFAULT CHARSET=utf8 COLLATE=utf8_bin;
/*!40101 SET character_set_client = @saved_cs_client */;

--
-- Dumping data for table `gds_order_status`
--

LOCK TABLES `gds_order_status` WRITE;
/*!40000 ALTER TABLE `gds_order_status` DISABLE KEYS */;
INSERT INTO `gds_order_status` VALUES (2,1,'Processing'),(3,1,'Shipped'),(7,1,'Canceled'),(5,1,'Complete'),(8,1,'Denied'),(9,1,'Canceled Reversal'),(10,1,'Failed'),(11,1,'Refunded'),(12,1,'Reversed'),(13,1,'Chargeback'),(1,1,'Pending'),(16,1,'Voided'),(15,1,'Processed'),(14,1,'Expired');
/*!40000 ALTER TABLE `gds_order_status` ENABLE KEYS */;
UNLOCK TABLES;

--
-- Table structure for table `gds_order_total`
--

DROP TABLE IF EXISTS `gds_order_total`;
/*!40101 SET @saved_cs_client     = @@character_set_client */;
/*!40101 SET character_set_client = utf8 */;
CREATE TABLE `gds_order_total` (
  `order_total_id` int(10) NOT NULL AUTO_INCREMENT,
  `order_id` int(11) NOT NULL,
  `code` varchar(32) COLLATE utf8_bin NOT NULL,
  `title` varchar(255) COLLATE utf8_bin NOT NULL DEFAULT '',
  `text` varchar(255) COLLATE utf8_bin NOT NULL DEFAULT '',
  `value` decimal(15,4) NOT NULL DEFAULT '0.0000',
  `sort_order` int(3) NOT NULL,
  PRIMARY KEY (`order_total_id`),
  KEY `idx_orders_total_orders_id` (`order_id`)
) ENGINE=MyISAM AUTO_INCREMENT=330 DEFAULT CHARSET=utf8 COLLATE=utf8_bin;
/*!40101 SET character_set_client = @saved_cs_client */;

--
-- Dumping data for table `gds_order_total`
--

LOCK TABLES `gds_order_total` WRITE;
/*!40000 ALTER TABLE `gds_order_total` DISABLE KEYS */;
INSERT INTO `gds_order_total` VALUES (49,425,'total','Total','$300.00','300.0000',9),(48,425,'sub_total','Sub-Total','$0.00','0.0000',1),(4,2,'sub_total','Sub-Total','$101.00','101.0000',1),(5,2,'shipping','Flat Shipping Rate','$5.00','5.0000',3),(6,2,'total','Total','$106.00','106.0000',9),(7,3,'sub_total','Sub-Total','$200.00','200.0000',1),(8,3,'shipping','Flat Shipping Rate','$5.00','5.0000',3),(9,3,'total','Total','$205.00','205.0000',9),(10,4,'sub_total','Sub-Total','$200.00','200.0000',1),(11,4,'shipping','Flat Shipping Rate','$5.00','5.0000',3),(12,4,'total','Total','$205.00','205.0000',9),(13,5,'sub_total','Sub-Total','$400.00','400.0000',1),(14,5,'total','Total','$400.00','400.0000',9),(15,6,'sub_total','Sub-Total','$400.00','400.0000',1),(16,6,'total','Total','$400.00','400.0000',9),(17,7,'sub_total','Sub-Total','$400.00','400.0000',1),(18,7,'shipping','Flat Shipping Rate','$5.00','5.0000',3),(19,7,'total','Total','$405.00','405.0000',9),(20,8,'sub_total','Sub-Total','$400.00','400.0000',1),(21,8,'shipping','Flat Shipping Rate','$5.00','5.0000',3),(22,8,'total','Total','$405.00','405.0000',9),(23,37,'sub_total','Sub-Total','$300.00','300.0000',1),(24,37,'shipping','Flat Shipping Rate','$5.00','5.0000',3),(25,37,'total','Total','$305.00','305.0000',9),(26,66,'sub_total','Sub-Total','$300.00','300.0000',1),(27,66,'shipping','Flat Shipping Rate','$5.00','5.0000',3),(28,66,'total','Total','$305.00','305.0000',9),(29,121,'sub_total','Sub-Total','0.00€','0.0000',1),(30,121,'total','Total','185.55€','232.0000',9),(31,122,'sub_total','Sub-Total','0.00€','0.0000',1),(32,122,'total','Total','185.55€','232.0000',9),(33,123,'sub_total','Sub-Total','$0.00','0.0000',1),(34,123,'total','Total','$232.00','232.0000',9),(35,124,'sub_total','Sub-Total','$0.00','0.0000',1),(36,124,'total','Total','$232.00','232.0000',9),(37,125,'sub_total','Sub-Total','$0.00','0.0000',1),(38,125,'total','Total','$232.00','232.0000',9),(39,126,'sub_total','Sub-Total','$0.00','0.0000',1),(40,126,'total','Total','$232.00','232.0000',9),(41,127,'sub_total','Sub-Total','$0.00','0.0000',1),(42,127,'total','Total','$232.00','232.0000',9),(43,128,'sub_total','Sub-Total','$0.00','0.0000',1),(44,128,'total','Total','$232.00','232.0000',9),(45,203,'sub_total','Sub-Total','$200.00','200.0000',1),(46,203,'shipping','Flat Shipping Rate','$5.00','5.0000',3),(47,203,'total','Total','$205.00','205.0000',9),(50,426,'sub_total','Sub-Total','$0.00','0.0000',1),(51,426,'sub_total','Sub-Total','$0.00','0.0000',1),(52,426,'total','Total','$300.00','300.0000',9),(53,426,'total','Total','$500.00','500.0000',9),(54,427,'sub_total','Sub-Total','$0.00','0.0000',1),(55,427,'total','Total','$300.00','300.0000',9),(56,428,'sub_total','Sub-Total','$0.00','0.0000',1),(57,428,'total','Total','$500.00','500.0000',9),(58,429,'sub_total','Sub-Total','$0.00','0.0000',1),(59,429,'total','Total','$300.00','300.0000',9),(60,430,'sub_total','Sub-Total','$0.00','0.0000',1),(61,430,'total','Total','$200.00','200.0000',9),(62,431,'sub_total','Sub-Total','$0.00','0.0000',1),(63,431,'total','Total','$300.00','300.0000',9),(64,432,'sub_total','Sub-Total','$0.00','0.0000',1),(65,432,'total','Total','$200.00','200.0000',9),(66,433,'sub_total','Sub-Total','$0.00','0.0000',1),(67,433,'total','Total','$300.00','300.0000',9),(68,434,'sub_total','Sub-Total','$0.00','0.0000',1),(69,434,'total','Total','$200.00','200.0000',9),(70,435,'sub_total','Sub-Total','$0.00','0.0000',1),(71,435,'total','Total','$300.00','300.0000',9),(72,436,'sub_total','Sub-Total','$0.00','0.0000',1),(73,436,'total','Total','$200.00','200.0000',9),(74,437,'sub_total','Sub-Total','$0.00','0.0000',1),(75,437,'total','Total','$300.00','300.0000',9),(76,438,'sub_total','Sub-Total','$0.00','0.0000',1),(77,438,'total','Total','$200.00','200.0000',9),(78,439,'sub_total','Sub-Total','$0.00','0.0000',1),(79,439,'total','Total','$300.00','300.0000',9),(80,440,'sub_total','Sub-Total','$0.00','0.0000',1),(81,440,'total','Total','$200.00','200.0000',9),(82,441,'sub_total','Sub-Total','$0.00','0.0000',1),(83,441,'total','Total','$300.00','300.0000',9),(84,442,'sub_total','Sub-Total','$0.00','0.0000',1),(85,442,'total','Total','$200.00','200.0000',9),(86,443,'sub_total','Sub-Total','$0.00','0.0000',1),(87,443,'total','Total','$300.00','300.0000',9),(88,444,'sub_total','Sub-Total','$0.00','0.0000',1),(89,444,'total','Total','$200.00','200.0000',9),(90,445,'sub_total','Sub-Total','$0.00','0.0000',1),(91,445,'total','Total','$300.00','300.0000',9),(92,446,'sub_total','Sub-Total','$0.00','0.0000',1),(93,446,'total','Total','$200.00','200.0000',9),(94,447,'sub_total','Sub-Total','$0.00','0.0000',1),(95,447,'total','Total','$300.00','300.0000',9),(96,448,'sub_total','Sub-Total','$0.00','0.0000',1),(97,448,'total','Total','$200.00','200.0000',9),(98,449,'sub_total','Sub-Total','$0.00','0.0000',1),(99,449,'total','Total','$300.00','300.0000',9),(100,450,'sub_total','Sub-Total','$0.00','0.0000',1),(101,450,'total','Total','$200.00','200.0000',9),(102,451,'sub_total','Sub-Total','$0.00','0.0000',1),(103,451,'total','Total','$300.00','300.0000',9),(104,452,'sub_total','Sub-Total','$0.00','0.0000',1),(105,452,'total','Total','$200.00','200.0000',9),(106,453,'sub_total','Sub-Total','$0.00','0.0000',1),(107,453,'total','Total','$300.00','300.0000',9),(108,454,'sub_total','Sub-Total','$0.00','0.0000',1),(109,454,'total','Total','$200.00','200.0000',9),(110,455,'sub_total','Sub-Total','$0.00','0.0000',1),(111,455,'total','Total','$300.00','300.0000',9),(112,456,'sub_total','Sub-Total','$0.00','0.0000',1),(113,456,'total','Total','$200.00','200.0000',9),(114,457,'sub_total','Sub-Total','$0.00','0.0000',1),(115,457,'total','Total','$300.00','300.0000',9),(116,458,'sub_total','Sub-Total','$0.00','0.0000',1),(117,458,'total','Total','$200.00','200.0000',9),(118,459,'sub_total','Sub-Total','$0.00','0.0000',1),(119,459,'total','Total','$300.00','300.0000',9),(120,460,'sub_total','Sub-Total','$0.00','0.0000',1),(121,460,'total','Total','$200.00','200.0000',9),(122,461,'sub_total','Sub-Total','$0.00','0.0000',1),(123,461,'total','Total','$300.00','300.0000',9),(124,462,'sub_total','Sub-Total','$0.00','0.0000',1),(125,462,'total','Total','$200.00','200.0000',9),(126,463,'sub_total','Sub-Total','$0.00','0.0000',1),(127,463,'total','Total','$300.00','300.0000',9),(128,464,'sub_total','Sub-Total','$0.00','0.0000',1),(129,464,'total','Total','$200.00','200.0000',9),(130,465,'sub_total','Sub-Total','$0.00','0.0000',1),(131,465,'total','Total','$300.00','300.0000',9),(132,466,'sub_total','Sub-Total','$0.00','0.0000',1),(133,466,'total','Total','$200.00','200.0000',9),(134,467,'sub_total','Sub-Total','$0.00','0.0000',1),(135,467,'total','Total','$300.00','300.0000',9),(136,468,'sub_total','Sub-Total','$0.00','0.0000',1),(137,468,'total','Total','$200.00','200.0000',9),(138,469,'sub_total','Sub-Total','$0.00','0.0000',1),(139,469,'total','Total','$300.00','300.0000',9),(140,470,'sub_total','Sub-Total','$0.00','0.0000',1),(141,470,'total','Total','$200.00','200.0000',9),(142,471,'sub_total','Sub-Total','$0.00','0.0000',1),(143,471,'total','Total','$300.00','300.0000',9),(144,472,'sub_total','Sub-Total','$0.00','0.0000',1),(145,472,'total','Total','$200.00','200.0000',9),(146,473,'sub_total','Sub-Total','$0.00','0.0000',1),(147,473,'total','Total','$300.00','300.0000',9),(148,474,'sub_total','Sub-Total','$0.00','0.0000',1),(149,474,'total','Total','$200.00','200.0000',9),(150,475,'sub_total','Sub-Total','$0.00','0.0000',1),(151,475,'total','Total','$300.00','300.0000',9),(152,476,'sub_total','Sub-Total','$0.00','0.0000',1),(153,476,'total','Total','$200.00','200.0000',9),(154,477,'sub_total','Sub-Total','$0.00','0.0000',1),(155,477,'total','Total','$300.00','300.0000',9),(156,478,'sub_total','Sub-Total','$0.00','0.0000',1),(157,478,'total','Total','$200.00','200.0000',9),(158,479,'sub_total','Sub-Total','$0.00','0.0000',1),(159,479,'total','Total','$300.00','300.0000',9),(160,480,'sub_total','Sub-Total','$0.00','0.0000',1),(161,480,'total','Total','$200.00','200.0000',9),(162,481,'sub_total','Sub-Total','$0.00','0.0000',1),(163,481,'total','Total','$300.00','300.0000',9),(164,482,'sub_total','Sub-Total','$0.00','0.0000',1),(165,482,'total','Total','$200.00','200.0000',9),(166,483,'sub_total','Sub-Total','$0.00','0.0000',1),(167,483,'total','Total','$300.00','300.0000',9),(168,484,'sub_total','Sub-Total','$0.00','0.0000',1),(169,484,'total','Total','$200.00','200.0000',9),(170,485,'sub_total','Sub-Total','$0.00','0.0000',1),(171,485,'total','Total','$300.00','300.0000',9),(172,486,'sub_total','Sub-Total','$0.00','0.0000',1),(173,486,'total','Total','$200.00','200.0000',9),(174,487,'sub_total','Sub-Total','$0.00','0.0000',1),(175,487,'total','Total','$300.00','300.0000',9),(176,488,'sub_total','Sub-Total','$0.00','0.0000',1),(177,488,'total','Total','$200.00','200.0000',9),(178,489,'sub_total','Sub-Total','$0.00','0.0000',1),(179,489,'total','Total','$300.00','300.0000',9),(180,490,'sub_total','Sub-Total','$0.00','0.0000',1),(181,490,'total','Total','$200.00','200.0000',9),(182,491,'sub_total','Sub-Total','$0.00','0.0000',1),(183,491,'vip','Vip Discount','$-255.00','-255.0000',4),(184,491,'total','Total','$300.00','300.0000',9),(185,492,'sub_total','Sub-Total','$0.00','0.0000',1),(186,492,'vip','Vip Discount','$-170.00','-170.0000',4),(187,492,'total','Total','$200.00','200.0000',9),(188,493,'sub_total','Sub-Total','$0.00','0.0000',1),(189,493,'vip','Vip Discount','$-45.00','-45.0000',4),(190,493,'total','Total','$300.00','300.0000',9),(191,494,'sub_total','Sub-Total','$0.00','0.0000',1),(192,494,'vip','Vip Discount','$-30.00','-30.0000',4),(193,494,'total','Total','$200.00','200.0000',9),(194,495,'sub_total','Sub-Total','$0.00','0.0000',1),(195,495,'total','Total','$300.00','300.0000',9),(196,496,'sub_total','Sub-Total','$0.00','0.0000',1),(197,496,'total','Total','$200.00','200.0000',9),(198,497,'sub_total','Sub-Total','$0.00','0.0000',1),(199,497,'vip','Vip Discount','$-45.00','-45.0000',4),(200,497,'total','Total','$300.00','300.0000',9),(201,498,'sub_total','Sub-Total','$0.00','0.0000',1),(202,498,'vip','Vip Discount','$-30.00','-30.0000',4),(203,498,'total','Total','$200.00','200.0000',9),(204,499,'sub_total','Sub-Total','$0.00','0.0000',1),(205,499,'total','Total','$300.00','300.0000',9),(206,500,'sub_total','Sub-Total','$0.00','0.0000',1),(207,500,'total','Total','$200.00','200.0000',9),(208,501,'sub_total','Sub-Total','$0.00','0.0000',1),(209,501,'total','Total','$300.00','300.0000',10),(210,502,'sub_total','Sub-Total','$0.00','0.0000',1),(211,502,'total','Total','$200.00','200.0000',10),(212,503,'sub_total','Sub-Total','$0.00','0.0000',1),(213,503,'total','Total','$300.00','300.0000',10),(214,504,'sub_total','Sub-Total','$0.00','0.0000',1),(215,504,'total','Total','$200.00','200.0000',10),(216,505,'sub_total','Sub-Total','$0.00','0.0000',1),(217,505,'total','Total','$290.00','290.0000',10),(218,506,'sub_total','Sub-Total','$0.00','0.0000',1),(219,506,'total','Total','$200.00','200.0000',10),(220,507,'sub_total','Sub-Total','$0.00','0.0000',1),(221,507,'total','Total','$290.00','290.0000',10),(222,508,'sub_total','Sub-Total','$0.00','0.0000',1),(223,508,'total','Total','$200.00','200.0000',10),(224,509,'sub_total','Sub-Total','$0.00','0.0000',1),(225,509,'total','Total','$290.00','290.0000',10),(226,510,'sub_total','Sub-Total','$0.00','0.0000',1),(227,510,'total','Total','$200.00','200.0000',10),(228,511,'sub_total','Sub-Total','$0.00','0.0000',1),(229,511,'total','Total','$289.00','289.0000',10),(230,512,'sub_total','Sub-Total','$0.00','0.0000',1),(231,512,'total','Total','$200.00','200.0000',10),(232,513,'sub_total','Sub-Total','$0.00','0.0000',1),(233,513,'total','Total','$300.00','300.0000',10),(234,514,'sub_total','Sub-Total','$0.00','0.0000',1),(235,514,'total','Total','$200.00','200.0000',10),(236,515,'sub_total','Sub-Total','$0.00','0.0000',1),(237,515,'total','Total','$289.00','289.0000',10),(238,516,'sub_total','Sub-Total','$0.00','0.0000',1),(239,516,'total','Total','$200.00','200.0000',10),(240,517,'sub_total','Sub-Total','$0.00','0.0000',1),(241,517,'total','Total','$289.00','289.0000',10),(244,519,'sub_total','Sub-Total','$0.00','0.0000',1),(245,519,'total','Total','$289.00','289.0000',10),(256,525,'sub_total','Sub-Total','$0.00','0.0000',1),(257,525,'total','Total','$289.00','289.0000',10),(250,522,'sub_total','Sub-Total','$0.00','0.0000',1),(251,522,'total','Total','$200.00','200.0000',10),(254,524,'sub_total','Sub-Total','$0.00','0.0000',1),(255,524,'total','Total','$200.00','200.0000',10),(268,531,'sub_total','Sub-Total','$0.00','0.0000',1),(269,531,'total','Total','$200.00','200.0000',10),(262,528,'sub_total','Sub-Total','$0.00','0.0000',1),(263,528,'total','Total','$200.00','200.0000',10),(270,532,'sub_total','Sub-Total','$0.00','0.0000',1),(271,532,'total','Total','$89.00','89.0000',10),(272,533,'sub_total','Sub-Total','$0.00','0.0000',1),(273,533,'total','Total','$200.00','200.0000',10),(274,534,'sub_total','Sub-Total','$0.00','0.0000',1),(275,534,'total','Total','$0.00','0.0000',10),(276,535,'sub_total','Sub-Total','$0.00','0.0000',1),(277,535,'total','Total','$200.00','200.0000',10),(278,536,'sub_total','Sub-Total','$0.00','0.0000',1),(279,536,'total','Total','$89.00','89.0000',10),(280,537,'sub_total','Sub-Total','$0.00','0.0000',1),(281,537,'total','Total','$200.00','200.0000',10),(307,550,'total','Total','$200.00','200.0000',10),(308,551,'sub_total','Sub-Total','$0.00','0.0000',1),(309,551,'total','Total','$89.00','89.0000',10),(310,552,'sub_total','Sub-Total','$0.00','0.0000',1),(311,552,'total','Total','$200.00','200.0000',10),(312,553,'sub_total','Sub-Total','$0.00','0.0000',1),(313,553,'total','Total','$200.00','200.0000',10),(314,554,'sub_total','Sub-Total','$0.00','0.0000',1),(315,554,'total','Total','$89.00','89.0000',10),(306,550,'sub_total','Sub-Total','$0.00','0.0000',1),(316,555,'sub_total','Sub-Total','$0.00','0.0000',1),(317,555,'total','Total','$200.00','200.0000',10);
/*!40000 ALTER TABLE `gds_order_total` ENABLE KEYS */;
UNLOCK TABLES;

--
-- Table structure for table `gds_product`
--

DROP TABLE IF EXISTS `gds_product`;
/*!40101 SET @saved_cs_client     = @@character_set_client */;
/*!40101 SET character_set_client = utf8 */;
CREATE TABLE `gds_product` (
  `product_id` int(11) NOT NULL AUTO_INCREMENT,
  `model` varchar(64) COLLATE utf8_bin NOT NULL,
  `sku` varchar(64) COLLATE utf8_bin NOT NULL,
  `upc` varchar(12) COLLATE utf8_bin NOT NULL,
  `location` varchar(128) COLLATE utf8_bin NOT NULL,
  `quantity` int(4) NOT NULL DEFAULT '0',
  `stock_status_id` int(11) NOT NULL,
  `image` varchar(255) COLLATE utf8_bin DEFAULT NULL,
  `manufacturer_id` int(11) NOT NULL,
  `shipping` tinyint(1) NOT NULL DEFAULT '1',
  `price` decimal(15,4) NOT NULL DEFAULT '0.0000',
  `points` int(8) NOT NULL DEFAULT '0',
  `tax_class_id` int(11) NOT NULL,
  `date_available` date NOT NULL,
  `weight` decimal(5,2) NOT NULL DEFAULT '0.00',
  `weight_class_id` int(11) NOT NULL DEFAULT '0',
  `length` decimal(5,2) NOT NULL DEFAULT '0.00',
  `width` decimal(5,2) NOT NULL DEFAULT '0.00',
  `height` decimal(5,2) NOT NULL DEFAULT '0.00',
  `length_class_id` int(11) NOT NULL DEFAULT '0',
  `subtract` tinyint(1) NOT NULL DEFAULT '1',
  `minimum` int(11) NOT NULL DEFAULT '1',
  `sort_order` int(11) NOT NULL DEFAULT '0',
  `status` tinyint(1) NOT NULL DEFAULT '0',
  `date_added` datetime NOT NULL DEFAULT '0000-00-00 00:00:00',
  `date_modified` datetime NOT NULL DEFAULT '0000-00-00 00:00:00',
  `viewed` int(5) NOT NULL DEFAULT '0',
  PRIMARY KEY (`product_id`)
) ENGINE=MyISAM AUTO_INCREMENT=1502 DEFAULT CHARSET=utf8 COLLATE=utf8_bin;
/*!40101 SET character_set_client = @saved_cs_client */;

--
-- Dumping data for table `gds_product`
--

LOCK TABLES `gds_product` WRITE;
/*!40000 ALTER TABLE `gds_product` DISABLE KEYS */;
INSERT INTO `gds_product` VALUES (1501,'1111111111','','','',1,5,'data/mac/imac(1).jpg',8,1,'0.0000',0,0,'2012-06-29','0.00',1,'0.00','0.00','0.00',1,1,1,1,1,'2012-06-30 13:09:15','2012-06-30 23:38:29',43);
/*!40000 ALTER TABLE `gds_product` ENABLE KEYS */;
UNLOCK TABLES;

--
-- Table structure for table `gds_product_attribute`
--

DROP TABLE IF EXISTS `gds_product_attribute`;
/*!40101 SET @saved_cs_client     = @@character_set_client */;
/*!40101 SET character_set_client = utf8 */;
CREATE TABLE `gds_product_attribute` (
  `product_id` int(11) NOT NULL,
  `attribute_id` int(11) NOT NULL,
  `language_id` int(11) NOT NULL,
  `text` text COLLATE utf8_bin NOT NULL,
  PRIMARY KEY (`product_id`,`attribute_id`,`language_id`)
) ENGINE=MyISAM DEFAULT CHARSET=utf8 COLLATE=utf8_bin;
/*!40101 SET character_set_client = @saved_cs_client */;

--
-- Dumping data for table `gds_product_attribute`
--

LOCK TABLES `gds_product_attribute` WRITE;
/*!40000 ALTER TABLE `gds_product_attribute` DISABLE KEYS */;
INSERT INTO `gds_product_attribute` VALUES (3,2,1,'1'),(4,4,1,'16GB'),(5,2,1,'4');
/*!40000 ALTER TABLE `gds_product_attribute` ENABLE KEYS */;
UNLOCK TABLES;

--
-- Table structure for table `gds_product_description`
--

DROP TABLE IF EXISTS `gds_product_description`;
/*!40101 SET @saved_cs_client     = @@character_set_client */;
/*!40101 SET character_set_client = utf8 */;
CREATE TABLE `gds_product_description` (
  `product_id` int(11) NOT NULL AUTO_INCREMENT,
  `language_id` int(11) NOT NULL,
  `name` varchar(255) COLLATE utf8_bin NOT NULL,
  `description` text COLLATE utf8_bin NOT NULL,
  `meta_description` varchar(255) COLLATE utf8_bin NOT NULL,
  `meta_keyword` varchar(255) COLLATE utf8_bin NOT NULL,
  PRIMARY KEY (`product_id`,`language_id`),
  KEY `name` (`name`)
) ENGINE=MyISAM AUTO_INCREMENT=1502 DEFAULT CHARSET=utf8 COLLATE=utf8_bin;
/*!40101 SET character_set_client = @saved_cs_client */;

--
-- Dumping data for table `gds_product_description`
--

LOCK TABLES `gds_product_description` WRITE;
/*!40000 ALTER TABLE `gds_product_description` DISABLE KEYS */;
INSERT INTO `gds_product_description` VALUES (1501,1,'0-14mm Steel Hole Saw Installation Kit','','','');
/*!40000 ALTER TABLE `gds_product_description` ENABLE KEYS */;
UNLOCK TABLES;

--
-- Table structure for table `gds_product_discount`
--

DROP TABLE IF EXISTS `gds_product_discount`;
/*!40101 SET @saved_cs_client     = @@character_set_client */;
/*!40101 SET character_set_client = utf8 */;
CREATE TABLE `gds_product_discount` (
  `product_discount_id` int(11) NOT NULL AUTO_INCREMENT,
  `product_id` int(11) NOT NULL,
  `customer_group_id` int(11) NOT NULL,
  `quantity` int(4) NOT NULL DEFAULT '0',
  `priority` int(5) NOT NULL DEFAULT '1',
  `price` decimal(15,4) NOT NULL DEFAULT '0.0000',
  `date_start` date NOT NULL DEFAULT '0000-00-00',
  `date_end` date NOT NULL DEFAULT '0000-00-00',
  PRIMARY KEY (`product_discount_id`),
  KEY `product_id` (`product_id`)
) ENGINE=MyISAM AUTO_INCREMENT=447 DEFAULT CHARSET=utf8 COLLATE=utf8_bin;
/*!40101 SET character_set_client = @saved_cs_client */;

--
-- Dumping data for table `gds_product_discount`
--

LOCK TABLES `gds_product_discount` WRITE;
/*!40000 ALTER TABLE `gds_product_discount` DISABLE KEYS */;
/*!40000 ALTER TABLE `gds_product_discount` ENABLE KEYS */;
UNLOCK TABLES;

--
-- Table structure for table `gds_product_image`
--

DROP TABLE IF EXISTS `gds_product_image`;
/*!40101 SET @saved_cs_client     = @@character_set_client */;
/*!40101 SET character_set_client = utf8 */;
CREATE TABLE `gds_product_image` (
  `product_image_id` int(11) NOT NULL AUTO_INCREMENT,
  `product_id` int(11) NOT NULL,
  `image` varchar(255) COLLATE utf8_bin DEFAULT NULL,
  `sort_order` int(3) NOT NULL DEFAULT '0',
  PRIMARY KEY (`product_image_id`)
) ENGINE=MyISAM AUTO_INCREMENT=2375 DEFAULT CHARSET=utf8 COLLATE=utf8_bin;
/*!40101 SET character_set_client = @saved_cs_client */;

--
-- Dumping data for table `gds_product_image`
--

LOCK TABLES `gds_product_image` WRITE;
/*!40000 ALTER TABLE `gds_product_image` DISABLE KEYS */;
INSERT INTO `gds_product_image` VALUES (2374,1501,'data/imac(1).jpg',0),(2373,1501,'data/imac(1).jpg',0),(2372,1501,'data/imac(1).jpg',0),(2371,1501,'data/imac(1).jpg',0);
/*!40000 ALTER TABLE `gds_product_image` ENABLE KEYS */;
UNLOCK TABLES;

--
-- Table structure for table `gds_product_option`
--

DROP TABLE IF EXISTS `gds_product_option`;
/*!40101 SET @saved_cs_client     = @@character_set_client */;
/*!40101 SET character_set_client = utf8 */;
CREATE TABLE `gds_product_option` (
  `product_option_id` int(11) NOT NULL AUTO_INCREMENT,
  `product_id` int(11) NOT NULL,
  `option_id` int(11) NOT NULL,
  `option_value` text COLLATE utf8_bin NOT NULL,
  `required` tinyint(1) NOT NULL,
  PRIMARY KEY (`product_option_id`)
) ENGINE=MyISAM AUTO_INCREMENT=227 DEFAULT CHARSET=utf8 COLLATE=utf8_bin;
/*!40101 SET character_set_client = @saved_cs_client */;

--
-- Dumping data for table `gds_product_option`
--

LOCK TABLES `gds_product_option` WRITE;
/*!40000 ALTER TABLE `gds_product_option` DISABLE KEYS */;
/*!40000 ALTER TABLE `gds_product_option` ENABLE KEYS */;
UNLOCK TABLES;

--
-- Table structure for table `gds_product_option_value`
--

DROP TABLE IF EXISTS `gds_product_option_value`;
/*!40101 SET @saved_cs_client     = @@character_set_client */;
/*!40101 SET character_set_client = utf8 */;
CREATE TABLE `gds_product_option_value` (
  `product_option_value_id` int(11) NOT NULL AUTO_INCREMENT,
  `product_option_id` int(11) NOT NULL,
  `product_id` int(11) NOT NULL,
  `option_id` int(11) NOT NULL,
  `option_value_id` int(11) NOT NULL,
  `quantity` int(3) NOT NULL,
  `subtract` tinyint(1) NOT NULL,
  `price` decimal(15,4) NOT NULL,
  `price_prefix` varchar(1) COLLATE utf8_bin NOT NULL,
  `points` int(8) NOT NULL,
  `points_prefix` varchar(1) COLLATE utf8_bin NOT NULL,
  `weight` decimal(15,8) NOT NULL,
  `weight_prefix` varchar(1) COLLATE utf8_bin NOT NULL,
  PRIMARY KEY (`product_option_value_id`)
) ENGINE=MyISAM AUTO_INCREMENT=17 DEFAULT CHARSET=utf8 COLLATE=utf8_bin;
/*!40101 SET character_set_client = @saved_cs_client */;

--
-- Dumping data for table `gds_product_option_value`
--

LOCK TABLES `gds_product_option_value` WRITE;
/*!40000 ALTER TABLE `gds_product_option_value` DISABLE KEYS */;
/*!40000 ALTER TABLE `gds_product_option_value` ENABLE KEYS */;
UNLOCK TABLES;

--
-- Table structure for table `gds_product_related`
--

DROP TABLE IF EXISTS `gds_product_related`;
/*!40101 SET @saved_cs_client     = @@character_set_client */;
/*!40101 SET character_set_client = utf8 */;
CREATE TABLE `gds_product_related` (
  `product_id` int(11) NOT NULL,
  `related_id` int(11) NOT NULL,
  PRIMARY KEY (`product_id`,`related_id`)
) ENGINE=MyISAM DEFAULT CHARSET=utf8 COLLATE=utf8_bin;
/*!40101 SET character_set_client = @saved_cs_client */;

--
-- Dumping data for table `gds_product_related`
--

LOCK TABLES `gds_product_related` WRITE;
/*!40000 ALTER TABLE `gds_product_related` DISABLE KEYS */;
/*!40000 ALTER TABLE `gds_product_related` ENABLE KEYS */;
UNLOCK TABLES;

--
-- Table structure for table `gds_product_reward`
--

DROP TABLE IF EXISTS `gds_product_reward`;
/*!40101 SET @saved_cs_client     = @@character_set_client */;
/*!40101 SET character_set_client = utf8 */;
CREATE TABLE `gds_product_reward` (
  `product_reward_id` int(11) NOT NULL AUTO_INCREMENT,
  `product_id` int(11) NOT NULL DEFAULT '0',
  `customer_group_id` int(11) NOT NULL DEFAULT '0',
  `points` int(8) NOT NULL DEFAULT '0',
  PRIMARY KEY (`product_reward_id`)
) ENGINE=MyISAM AUTO_INCREMENT=587 DEFAULT CHARSET=utf8 COLLATE=utf8_bin;
/*!40101 SET character_set_client = @saved_cs_client */;

--
-- Dumping data for table `gds_product_reward`
--

LOCK TABLES `gds_product_reward` WRITE;
/*!40000 ALTER TABLE `gds_product_reward` DISABLE KEYS */;
INSERT INTO `gds_product_reward` VALUES (586,1501,6,0),(585,1501,10,0),(584,1501,9,0),(583,1501,8,0),(582,1501,11,0);
/*!40000 ALTER TABLE `gds_product_reward` ENABLE KEYS */;
UNLOCK TABLES;

--
-- Table structure for table `gds_product_special`
--

DROP TABLE IF EXISTS `gds_product_special`;
/*!40101 SET @saved_cs_client     = @@character_set_client */;
/*!40101 SET character_set_client = utf8 */;
CREATE TABLE `gds_product_special` (
  `product_special_id` int(11) NOT NULL AUTO_INCREMENT,
  `product_id` int(11) NOT NULL,
  `customer_group_id` int(11) NOT NULL,
  `priority` int(5) NOT NULL DEFAULT '1',
  `price` decimal(15,4) NOT NULL DEFAULT '0.0000',
  `date_start` date NOT NULL DEFAULT '0000-00-00',
  `date_end` date NOT NULL DEFAULT '0000-00-00',
  PRIMARY KEY (`product_special_id`),
  KEY `product_id` (`product_id`)
) ENGINE=MyISAM AUTO_INCREMENT=443 DEFAULT CHARSET=utf8 COLLATE=utf8_bin;
/*!40101 SET character_set_client = @saved_cs_client */;

--
-- Dumping data for table `gds_product_special`
--

LOCK TABLES `gds_product_special` WRITE;
/*!40000 ALTER TABLE `gds_product_special` DISABLE KEYS */;
INSERT INTO `gds_product_special` VALUES (3,3,8,1,'90.0000','0000-00-00','0000-00-00'),(4,30,8,2,'90.0000','0000-00-00','0000-00-00'),(5,30,8,1,'80.0000','0000-00-00','0000-00-00'),(6,42,8,1,'90.0000','0000-00-00','0000-00-00');
/*!40000 ALTER TABLE `gds_product_special` ENABLE KEYS */;
UNLOCK TABLES;

--
-- Table structure for table `gds_product_tag`
--

DROP TABLE IF EXISTS `gds_product_tag`;
/*!40101 SET @saved_cs_client     = @@character_set_client */;
/*!40101 SET character_set_client = utf8 */;
CREATE TABLE `gds_product_tag` (
  `product_tag_id` int(11) NOT NULL AUTO_INCREMENT,
  `product_id` int(11) NOT NULL,
  `language_id` int(11) NOT NULL,
  `tag` varchar(32) COLLATE utf8_bin NOT NULL,
  PRIMARY KEY (`product_tag_id`),
  KEY `product_id` (`product_id`),
  KEY `language_id` (`language_id`),
  KEY `tag` (`tag`)
) ENGINE=MyISAM AUTO_INCREMENT=347 DEFAULT CHARSET=utf8 COLLATE=utf8_bin;
/*!40101 SET character_set_client = @saved_cs_client */;

--
-- Dumping data for table `gds_product_tag`
--

LOCK TABLES `gds_product_tag` WRITE;
/*!40000 ALTER TABLE `gds_product_tag` DISABLE KEYS */;
/*!40000 ALTER TABLE `gds_product_tag` ENABLE KEYS */;
UNLOCK TABLES;

--
-- Table structure for table `gds_product_to_category`
--

DROP TABLE IF EXISTS `gds_product_to_category`;
/*!40101 SET @saved_cs_client     = @@character_set_client */;
/*!40101 SET character_set_client = utf8 */;
CREATE TABLE `gds_product_to_category` (
  `product_id` int(11) NOT NULL,
  `category_id` int(11) NOT NULL,
  PRIMARY KEY (`product_id`,`category_id`)
) ENGINE=MyISAM DEFAULT CHARSET=utf8 COLLATE=utf8_bin;
/*!40101 SET character_set_client = @saved_cs_client */;

--
-- Dumping data for table `gds_product_to_category`
--

LOCK TABLES `gds_product_to_category` WRITE;
/*!40000 ALTER TABLE `gds_product_to_category` DISABLE KEYS */;
INSERT INTO `gds_product_to_category` VALUES (1501,1),(1501,8);
/*!40000 ALTER TABLE `gds_product_to_category` ENABLE KEYS */;
UNLOCK TABLES;

--
-- Table structure for table `gds_product_to_download`
--

DROP TABLE IF EXISTS `gds_product_to_download`;
/*!40101 SET @saved_cs_client     = @@character_set_client */;
/*!40101 SET character_set_client = utf8 */;
CREATE TABLE `gds_product_to_download` (
  `product_id` int(11) NOT NULL,
  `download_id` int(11) NOT NULL,
  PRIMARY KEY (`product_id`,`download_id`)
) ENGINE=MyISAM DEFAULT CHARSET=utf8 COLLATE=utf8_bin;
/*!40101 SET character_set_client = @saved_cs_client */;

--
-- Dumping data for table `gds_product_to_download`
--

LOCK TABLES `gds_product_to_download` WRITE;
/*!40000 ALTER TABLE `gds_product_to_download` DISABLE KEYS */;
/*!40000 ALTER TABLE `gds_product_to_download` ENABLE KEYS */;
UNLOCK TABLES;

--
-- Table structure for table `gds_product_to_layout`
--

DROP TABLE IF EXISTS `gds_product_to_layout`;
/*!40101 SET @saved_cs_client     = @@character_set_client */;
/*!40101 SET character_set_client = utf8 */;
CREATE TABLE `gds_product_to_layout` (
  `product_id` int(11) NOT NULL,
  `store_id` int(11) NOT NULL,
  `layout_id` int(11) NOT NULL,
  PRIMARY KEY (`product_id`,`store_id`)
) ENGINE=MyISAM DEFAULT CHARSET=utf8 COLLATE=utf8_bin;
/*!40101 SET character_set_client = @saved_cs_client */;

--
-- Dumping data for table `gds_product_to_layout`
--

LOCK TABLES `gds_product_to_layout` WRITE;
/*!40000 ALTER TABLE `gds_product_to_layout` DISABLE KEYS */;
/*!40000 ALTER TABLE `gds_product_to_layout` ENABLE KEYS */;
UNLOCK TABLES;

--
-- Table structure for table `gds_product_to_store`
--

DROP TABLE IF EXISTS `gds_product_to_store`;
/*!40101 SET @saved_cs_client     = @@character_set_client */;
/*!40101 SET character_set_client = utf8 */;
CREATE TABLE `gds_product_to_store` (
  `product_id` int(11) NOT NULL,
  `store_id` int(11) NOT NULL DEFAULT '0',
  PRIMARY KEY (`product_id`,`store_id`)
) ENGINE=MyISAM DEFAULT CHARSET=utf8 COLLATE=utf8_bin;
/*!40101 SET character_set_client = @saved_cs_client */;

--
-- Dumping data for table `gds_product_to_store`
--

LOCK TABLES `gds_product_to_store` WRITE;
/*!40000 ALTER TABLE `gds_product_to_store` DISABLE KEYS */;
INSERT INTO `gds_product_to_store` VALUES (1501,0);
/*!40000 ALTER TABLE `gds_product_to_store` ENABLE KEYS */;
UNLOCK TABLES;

--
-- Table structure for table `gds_return`
--

DROP TABLE IF EXISTS `gds_return`;
/*!40101 SET @saved_cs_client     = @@character_set_client */;
/*!40101 SET character_set_client = utf8 */;
CREATE TABLE `gds_return` (
  `return_id` int(11) NOT NULL AUTO_INCREMENT,
  `order_id` int(11) NOT NULL,
  `date_ordered` date NOT NULL,
  `customer_id` int(11) NOT NULL,
  `firstname` varchar(32) COLLATE utf8_bin NOT NULL,
  `lastname` varchar(32) COLLATE utf8_bin NOT NULL,
  `email` varchar(96) COLLATE utf8_bin NOT NULL,
  `telephone` varchar(32) COLLATE utf8_bin NOT NULL,
  `return_status_id` int(11) NOT NULL,
  `comment` text COLLATE utf8_bin,
  `date_added` datetime NOT NULL,
  `date_modified` datetime NOT NULL,
  PRIMARY KEY (`return_id`)
) ENGINE=MyISAM DEFAULT CHARSET=utf8 COLLATE=utf8_bin;
/*!40101 SET character_set_client = @saved_cs_client */;

--
-- Dumping data for table `gds_return`
--

LOCK TABLES `gds_return` WRITE;
/*!40000 ALTER TABLE `gds_return` DISABLE KEYS */;
/*!40000 ALTER TABLE `gds_return` ENABLE KEYS */;
UNLOCK TABLES;

--
-- Table structure for table `gds_return_action`
--

DROP TABLE IF EXISTS `gds_return_action`;
/*!40101 SET @saved_cs_client     = @@character_set_client */;
/*!40101 SET character_set_client = utf8 */;
CREATE TABLE `gds_return_action` (
  `return_action_id` int(11) NOT NULL AUTO_INCREMENT,
  `language_id` int(11) NOT NULL DEFAULT '0',
  `name` varchar(64) COLLATE utf8_bin NOT NULL DEFAULT '',
  PRIMARY KEY (`return_action_id`,`language_id`)
) ENGINE=MyISAM AUTO_INCREMENT=4 DEFAULT CHARSET=utf8 COLLATE=utf8_bin;
/*!40101 SET character_set_client = @saved_cs_client */;

--
-- Dumping data for table `gds_return_action`
--

LOCK TABLES `gds_return_action` WRITE;
/*!40000 ALTER TABLE `gds_return_action` DISABLE KEYS */;
INSERT INTO `gds_return_action` VALUES (1,1,'Refunded'),(2,1,'Credit Issued'),(3,1,'Replacement Sent');
/*!40000 ALTER TABLE `gds_return_action` ENABLE KEYS */;
UNLOCK TABLES;

--
-- Table structure for table `gds_return_history`
--

DROP TABLE IF EXISTS `gds_return_history`;
/*!40101 SET @saved_cs_client     = @@character_set_client */;
/*!40101 SET character_set_client = utf8 */;
CREATE TABLE `gds_return_history` (
  `return_history_id` int(11) NOT NULL AUTO_INCREMENT,
  `return_id` int(11) NOT NULL,
  `return_status_id` int(11) NOT NULL,
  `notify` tinyint(1) NOT NULL,
  `comment` text COLLATE utf8_bin NOT NULL,
  `date_added` datetime NOT NULL,
  PRIMARY KEY (`return_history_id`)
) ENGINE=MyISAM DEFAULT CHARSET=utf8 COLLATE=utf8_bin;
/*!40101 SET character_set_client = @saved_cs_client */;

--
-- Dumping data for table `gds_return_history`
--

LOCK TABLES `gds_return_history` WRITE;
/*!40000 ALTER TABLE `gds_return_history` DISABLE KEYS */;
/*!40000 ALTER TABLE `gds_return_history` ENABLE KEYS */;
UNLOCK TABLES;

--
-- Table structure for table `gds_return_product`
--

DROP TABLE IF EXISTS `gds_return_product`;
/*!40101 SET @saved_cs_client     = @@character_set_client */;
/*!40101 SET character_set_client = utf8 */;
CREATE TABLE `gds_return_product` (
  `return_product_id` int(11) NOT NULL AUTO_INCREMENT,
  `return_id` int(11) NOT NULL,
  `product_id` int(11) NOT NULL,
  `name` varchar(255) COLLATE utf8_bin NOT NULL,
  `model` varchar(64) COLLATE utf8_bin NOT NULL,
  `quantity` int(4) NOT NULL,
  `return_reason_id` int(11) NOT NULL,
  `opened` tinyint(1) NOT NULL,
  `comment` text COLLATE utf8_bin NOT NULL,
  `return_action_id` int(11) NOT NULL,
  PRIMARY KEY (`return_product_id`)
) ENGINE=MyISAM DEFAULT CHARSET=utf8 COLLATE=utf8_bin;
/*!40101 SET character_set_client = @saved_cs_client */;

--
-- Dumping data for table `gds_return_product`
--

LOCK TABLES `gds_return_product` WRITE;
/*!40000 ALTER TABLE `gds_return_product` DISABLE KEYS */;
/*!40000 ALTER TABLE `gds_return_product` ENABLE KEYS */;
UNLOCK TABLES;

--
-- Table structure for table `gds_return_reason`
--

DROP TABLE IF EXISTS `gds_return_reason`;
/*!40101 SET @saved_cs_client     = @@character_set_client */;
/*!40101 SET character_set_client = utf8 */;
CREATE TABLE `gds_return_reason` (
  `return_reason_id` int(11) NOT NULL AUTO_INCREMENT,
  `language_id` int(11) NOT NULL DEFAULT '0',
  `name` varchar(128) COLLATE utf8_bin NOT NULL DEFAULT '',
  PRIMARY KEY (`return_reason_id`,`language_id`)
) ENGINE=MyISAM AUTO_INCREMENT=6 DEFAULT CHARSET=utf8 COLLATE=utf8_bin;
/*!40101 SET character_set_client = @saved_cs_client */;

--
-- Dumping data for table `gds_return_reason`
--

LOCK TABLES `gds_return_reason` WRITE;
/*!40000 ALTER TABLE `gds_return_reason` DISABLE KEYS */;
INSERT INTO `gds_return_reason` VALUES (1,1,'Dead On Arrival'),(2,1,'Received Wrong Item'),(3,1,'Order Error'),(4,1,'Faulty, please supply details'),(5,1,'Other, please supply details');
/*!40000 ALTER TABLE `gds_return_reason` ENABLE KEYS */;
UNLOCK TABLES;

--
-- Table structure for table `gds_return_status`
--

DROP TABLE IF EXISTS `gds_return_status`;
/*!40101 SET @saved_cs_client     = @@character_set_client */;
/*!40101 SET character_set_client = utf8 */;
CREATE TABLE `gds_return_status` (
  `return_status_id` int(11) NOT NULL AUTO_INCREMENT,
  `language_id` int(11) NOT NULL DEFAULT '0',
  `name` varchar(32) COLLATE utf8_bin NOT NULL DEFAULT '',
  PRIMARY KEY (`return_status_id`,`language_id`)
) ENGINE=MyISAM AUTO_INCREMENT=4 DEFAULT CHARSET=utf8 COLLATE=utf8_bin;
/*!40101 SET character_set_client = @saved_cs_client */;

--
-- Dumping data for table `gds_return_status`
--

LOCK TABLES `gds_return_status` WRITE;
/*!40000 ALTER TABLE `gds_return_status` DISABLE KEYS */;
INSERT INTO `gds_return_status` VALUES (1,1,'Pending'),(3,1,'Complete'),(2,1,'Awaiting Products');
/*!40000 ALTER TABLE `gds_return_status` ENABLE KEYS */;
UNLOCK TABLES;

--
-- Table structure for table `gds_review`
--

DROP TABLE IF EXISTS `gds_review`;
/*!40101 SET @saved_cs_client     = @@character_set_client */;
/*!40101 SET character_set_client = utf8 */;
CREATE TABLE `gds_review` (
  `review_id` int(11) NOT NULL AUTO_INCREMENT,
  `product_id` int(11) NOT NULL,
  `customer_id` int(11) NOT NULL,
  `author` varchar(64) COLLATE utf8_bin NOT NULL DEFAULT '',
  `text` text COLLATE utf8_bin NOT NULL,
  `rating` int(1) NOT NULL,
  `status` tinyint(1) NOT NULL DEFAULT '0',
  `date_added` datetime NOT NULL DEFAULT '0000-00-00 00:00:00',
  `date_modified` datetime NOT NULL DEFAULT '0000-00-00 00:00:00',
  PRIMARY KEY (`review_id`),
  KEY `product_id` (`product_id`)
) ENGINE=MyISAM DEFAULT CHARSET=utf8 COLLATE=utf8_bin;
/*!40101 SET character_set_client = @saved_cs_client */;

--
-- Dumping data for table `gds_review`
--

LOCK TABLES `gds_review` WRITE;
/*!40000 ALTER TABLE `gds_review` DISABLE KEYS */;
/*!40000 ALTER TABLE `gds_review` ENABLE KEYS */;
UNLOCK TABLES;

--
-- Table structure for table `gds_setting`
--

DROP TABLE IF EXISTS `gds_setting`;
/*!40101 SET @saved_cs_client     = @@character_set_client */;
/*!40101 SET character_set_client = utf8 */;
CREATE TABLE `gds_setting` (
  `setting_id` int(11) NOT NULL AUTO_INCREMENT,
  `store_id` int(11) NOT NULL DEFAULT '0',
  `group` varchar(32) COLLATE utf8_bin NOT NULL,
  `key` varchar(64) COLLATE utf8_bin NOT NULL DEFAULT '',
  `value` text COLLATE utf8_bin NOT NULL,
  `serialized` tinyint(1) NOT NULL,
  PRIMARY KEY (`setting_id`)
) ENGINE=MyISAM AUTO_INCREMENT=24554 DEFAULT CHARSET=utf8 COLLATE=utf8_bin;
/*!40101 SET character_set_client = @saved_cs_client */;

--
-- Dumping data for table `gds_setting`
--

LOCK TABLES `gds_setting` WRITE;
/*!40000 ALTER TABLE `gds_setting` DISABLE KEYS */;
INSERT INTO `gds_setting` VALUES (9457,0,'shipping','shipping_sort_order','3',0),(3453,0,'sub_total','sub_total_sort_order','1',0),(3452,0,'sub_total','sub_total_status','1',0),(272,0,'tax','tax_status','1',0),(24301,0,'total','total_sort_order','10',0),(24300,0,'total','total_status','1',0),(273,0,'tax','tax_sort_order','5',0),(19411,0,'free_checkout','free_checkout_sort_order','1',0),(20444,0,'cod','cod_sort_order','5',0),(20440,0,'cod','cod_total','0.01',0),(20441,0,'cod','cod_order_status_id','1',0),(20442,0,'cod','cod_geo_zone_id','0',0),(20443,0,'cod','cod_status','1',0),(9456,0,'shipping','shipping_status','1',0),(9455,0,'shipping','shipping_estimator','1',0),(24540,0,'config','config_smtp_port','25',0),(24539,0,'config','config_smtp_password','',0),(24538,0,'config','config_smtp_username','',0),(24537,0,'config','config_smtp_host','',0),(24536,0,'config','config_mail_parameter','',0),(24535,0,'config','config_mail_protocol','mail',0),(13801,0,'coupon','coupon_sort_order','4',0),(13800,0,'coupon','coupon_status','1',0),(24534,0,'config','config_image_cart_height','80',0),(24533,0,'config','config_image_cart_width','80',0),(24532,0,'config','config_image_wishlist_height','50',0),(20422,0,'flat','flat_sort_order','1',0),(20421,0,'flat','flat_status','1',0),(20420,0,'flat','flat_geo_zone_id','0',0),(20419,0,'flat','flat_tax_class_id','9',0),(20026,0,'carousel','carousel_module','a:1:{i:0;a:9:{s:9:\"banner_id\";s:1:\"8\";s:5:\"limit\";s:1:\"5\";s:6:\"scroll\";s:1:\"3\";s:5:\"width\";s:2:\"80\";s:6:\"height\";s:2:\"80\";s:9:\"layout_id\";s:1:\"1\";s:8:\"position\";s:14:\"content_bottom\";s:6:\"status\";s:1:\"1\";s:10:\"sort_order\";s:2:\"-1\";}}',1),(20036,0,'featured','product','',0),(20037,0,'featured','featured_product','41,40,48,36,34,32',0),(20038,0,'featured','featured_module','a:1:{i:0;a:6:{s:11:\"image_width\";s:2:\"90\";s:12:\"image_height\";s:2:\"90\";s:9:\"layout_id\";s:1:\"1\";s:8:\"position\";s:11:\"content_top\";s:6:\"status\";s:1:\"1\";s:10:\"sort_order\";s:1:\"2\";}}',1),(20418,0,'flat','flat_cost','5.00',0),(9444,0,'credit','credit_sort_order','7',0),(9443,0,'credit','credit_status','1',0),(24531,0,'config','config_image_wishlist_width','50',0),(24530,0,'config','config_image_compare_height','90',0),(24529,0,'config','config_image_compare_width','90',0),(24528,0,'config','config_image_related_height','80',0),(24527,0,'config','config_image_related_width','80',0),(18432,0,'reward','reward_sort_order','2',0),(18431,0,'reward','reward_status','1',0),(24526,0,'config','config_image_additional_height','74',0),(19721,0,'affiliate','affiliate_module','a:1:{i:0;a:4:{s:9:\"layout_id\";s:2:\"10\";s:8:\"position\";s:12:\"column_right\";s:6:\"status\";s:1:\"1\";s:10:\"sort_order\";s:1:\"1\";}}',1),(24386,0,'category','category_module','a:3:{i:0;a:4:{s:9:\"layout_id\";s:1:\"3\";s:8:\"position\";s:11:\"column_left\";s:6:\"status\";s:1:\"1\";s:10:\"sort_order\";s:1:\"1\";}i:1;a:4:{s:9:\"layout_id\";s:1:\"2\";s:8:\"position\";s:11:\"column_left\";s:6:\"status\";s:1:\"1\";s:10:\"sort_order\";s:1:\"1\";}i:2;a:4:{s:9:\"layout_id\";s:1:\"1\";s:8:\"position\";s:11:\"column_left\";s:6:\"status\";s:1:\"1\";s:10:\"sort_order\";s:1:\"1\";}}',1),(24525,0,'config','config_image_additional_width','74',0),(19925,0,'account','account_module','a:1:{i:0;a:4:{s:9:\"layout_id\";s:1:\"6\";s:8:\"position\";s:12:\"column_right\";s:6:\"status\";s:1:\"1\";s:10:\"sort_order\";s:1:\"1\";}}',1),(24524,0,'config','config_image_product_height','80',0),(24522,0,'config','config_image_popup_height','500',0),(24523,0,'config','config_image_product_width','80',0),(24521,0,'config','config_image_popup_width','500',0),(24520,0,'config','config_image_thumb_height','228',0),(24519,0,'config','config_image_thumb_width','228',0),(24518,0,'config','config_image_category_height','80',0),(24517,0,'config','config_image_category_width','80',0),(24516,0,'config','config_icon','data/cart.png',0),(24515,0,'config','config_logo','data/go dropshipping.jpg',0),(24514,0,'config','config_cart_weight','1',0),(24513,0,'config','config_upload_allowed','jpg, JPG, jpeg, gif, png, txt',0),(24512,0,'config','config_download','1',0),(24511,0,'config','config_review_status','1',0),(24510,0,'config','config_return_status_id','2',0),(24509,0,'config','config_complete_status_id','5',0),(24508,0,'config','config_order_status_id','1',0),(24293,0,'voucher','voucher_sort_order','8',0),(24292,0,'voucher','voucher_status','1',0),(24507,0,'config','config_stock_status_id','5',0),(24506,0,'config','config_stock_checkout','0',0),(24505,0,'config','config_stock_warning','0',0),(19410,0,'free_checkout','free_checkout_status','1',0),(19409,0,'free_checkout','free_checkout_order_status_id','1',0),(24504,0,'config','config_stock_display','0',0),(24389,0,'slideshow','slideshow_module','a:1:{i:0;a:7:{s:9:\"banner_id\";s:1:\"7\";s:5:\"width\";s:3:\"760\";s:6:\"height\";s:3:\"230\";s:9:\"layout_id\";s:1:\"1\";s:8:\"position\";s:11:\"content_top\";s:6:\"status\";s:1:\"1\";s:10:\"sort_order\";s:1:\"1\";}}',1),(24388,0,'banner','banner_module','a:1:{i:0;a:7:{s:9:\"banner_id\";s:1:\"6\";s:5:\"width\";s:3:\"182\";s:6:\"height\";s:3:\"182\";s:9:\"layout_id\";s:1:\"3\";s:8:\"position\";s:11:\"column_left\";s:6:\"status\";s:1:\"1\";s:10:\"sort_order\";s:1:\"3\";}}',1),(24503,0,'config','config_commission','5',0),(24502,0,'config','config_affiliate_id','4',0),(24501,0,'config','config_checkout_id','5',0),(24500,0,'config','config_account_id','3',0),(24499,0,'config','config_guest_checkout','1',0),(24498,0,'config','config_customer_approval','0',0),(24497,0,'config','config_customer_price','0',0),(24496,0,'config','config_customer_group_id','8',0),(24302,0,'vip','vip_status','1',0),(24303,0,'vip','vip_sort_order','9',0),(24495,0,'config','config_invoice_prefix','INV-2011-00',0),(24494,0,'config','config_tax_customer','shipping',0),(24493,0,'config','config_tax_default','shipping',0),(24492,0,'config','config_tax','1',0),(24491,0,'config','config_admin_limit','20',0),(24490,0,'config','config_catalog_limit','15',0),(24489,0,'config','config_weight_class_id','1',0),(24488,0,'config','config_length_class_id','1',0),(24487,0,'config','config_currency_auto','1',0),(24486,0,'config','config_currency','USD',0),(24485,0,'config','config_admin_language','en',0),(24484,0,'config','config_language','en',0),(24483,0,'config','config_zone_id','3563',0),(24482,0,'config','config_country_id','222',0),(24481,0,'config','config_layout_id','4',0),(24480,0,'config','config_template','sancart',0),(24479,0,'config','config_meta_description','My Store',0),(24478,0,'config','config_title','Your Store',0),(24477,0,'config','config_fax','',0),(24476,0,'config','config_telephone','123456789',0),(24475,0,'config','config_email','wcmilan@gmail.com',0),(24474,0,'config','config_address','Address 1',0),(24473,0,'config','config_owner','Your Name',0),(24472,0,'config','config_name','Your Store',0),(24541,0,'config','config_smtp_timeout','5',0),(24542,0,'config','config_alert_mail','0',0),(24543,0,'config','config_account_mail','0',0),(24544,0,'config','config_alert_emails','',0),(24545,0,'config','config_use_ssl','0',0),(24546,0,'config','config_seo_url','0',0),(24547,0,'config','config_maintenance','0',0),(24548,0,'config','config_encryption','12345',0),(24549,0,'config','config_compression','0',0),(24550,0,'config','config_error_display','1',0),(24551,0,'config','config_error_log','1',0),(24552,0,'config','config_error_filename','error.txt',0),(24553,0,'config','config_google_analytics','',0);
/*!40000 ALTER TABLE `gds_setting` ENABLE KEYS */;
UNLOCK TABLES;

--
-- Table structure for table `gds_stock_status`
--

DROP TABLE IF EXISTS `gds_stock_status`;
/*!40101 SET @saved_cs_client     = @@character_set_client */;
/*!40101 SET character_set_client = utf8 */;
CREATE TABLE `gds_stock_status` (
  `stock_status_id` int(11) NOT NULL AUTO_INCREMENT,
  `language_id` int(11) NOT NULL,
  `name` varchar(32) COLLATE utf8_bin NOT NULL,
  PRIMARY KEY (`stock_status_id`,`language_id`)
) ENGINE=MyISAM AUTO_INCREMENT=9 DEFAULT CHARSET=utf8 COLLATE=utf8_bin;
/*!40101 SET character_set_client = @saved_cs_client */;

--
-- Dumping data for table `gds_stock_status`
--

LOCK TABLES `gds_stock_status` WRITE;
/*!40000 ALTER TABLE `gds_stock_status` DISABLE KEYS */;
INSERT INTO `gds_stock_status` VALUES (7,1,'In Stock'),(8,1,'Pre-Order'),(5,1,'Out Of Stock'),(6,1,'2 - 3 Days');
/*!40000 ALTER TABLE `gds_stock_status` ENABLE KEYS */;
UNLOCK TABLES;

--
-- Table structure for table `gds_store`
--

DROP TABLE IF EXISTS `gds_store`;
/*!40101 SET @saved_cs_client     = @@character_set_client */;
/*!40101 SET character_set_client = utf8 */;
CREATE TABLE `gds_store` (
  `store_id` int(11) NOT NULL AUTO_INCREMENT,
  `name` varchar(64) COLLATE utf8_bin NOT NULL,
  `url` varchar(255) COLLATE utf8_bin NOT NULL,
  `ssl` varchar(255) COLLATE utf8_bin NOT NULL,
  PRIMARY KEY (`store_id`)
) ENGINE=MyISAM DEFAULT CHARSET=utf8 COLLATE=utf8_bin;
/*!40101 SET character_set_client = @saved_cs_client */;

--
-- Dumping data for table `gds_store`
--

LOCK TABLES `gds_store` WRITE;
/*!40000 ALTER TABLE `gds_store` DISABLE KEYS */;
/*!40000 ALTER TABLE `gds_store` ENABLE KEYS */;
UNLOCK TABLES;

--
-- Table structure for table `gds_tax_class`
--

DROP TABLE IF EXISTS `gds_tax_class`;
/*!40101 SET @saved_cs_client     = @@character_set_client */;
/*!40101 SET character_set_client = utf8 */;
CREATE TABLE `gds_tax_class` (
  `tax_class_id` int(11) NOT NULL AUTO_INCREMENT,
  `title` varchar(32) COLLATE utf8_bin NOT NULL DEFAULT '',
  `description` varchar(255) COLLATE utf8_bin NOT NULL DEFAULT '',
  `date_added` datetime NOT NULL DEFAULT '0000-00-00 00:00:00',
  `date_modified` datetime NOT NULL DEFAULT '0000-00-00 00:00:00',
  PRIMARY KEY (`tax_class_id`)
) ENGINE=MyISAM AUTO_INCREMENT=11 DEFAULT CHARSET=utf8 COLLATE=utf8_bin;
/*!40101 SET character_set_client = @saved_cs_client */;

--
-- Dumping data for table `gds_tax_class`
--

LOCK TABLES `gds_tax_class` WRITE;
/*!40000 ALTER TABLE `gds_tax_class` DISABLE KEYS */;
INSERT INTO `gds_tax_class` VALUES (9,'Taxable Goods','Taxed Stuff','2009-01-06 23:21:53','2011-09-23 14:07:50'),(10,'Downloadable Products','Downloadable','2011-09-21 22:19:39','2011-09-22 10:27:36');
/*!40000 ALTER TABLE `gds_tax_class` ENABLE KEYS */;
UNLOCK TABLES;

--
-- Table structure for table `gds_tax_rate`
--

DROP TABLE IF EXISTS `gds_tax_rate`;
/*!40101 SET @saved_cs_client     = @@character_set_client */;
/*!40101 SET character_set_client = utf8 */;
CREATE TABLE `gds_tax_rate` (
  `tax_rate_id` int(11) NOT NULL AUTO_INCREMENT,
  `geo_zone_id` int(11) NOT NULL DEFAULT '0',
  `name` varchar(32) COLLATE utf8_bin NOT NULL,
  `rate` decimal(15,4) NOT NULL DEFAULT '0.0000',
  `type` char(1) COLLATE utf8_bin NOT NULL,
  `date_added` datetime NOT NULL DEFAULT '0000-00-00 00:00:00',
  `date_modified` datetime NOT NULL DEFAULT '0000-00-00 00:00:00',
  PRIMARY KEY (`tax_rate_id`)
) ENGINE=MyISAM AUTO_INCREMENT=88 DEFAULT CHARSET=utf8 COLLATE=utf8_bin;
/*!40101 SET character_set_client = @saved_cs_client */;

--
-- Dumping data for table `gds_tax_rate`
--

LOCK TABLES `gds_tax_rate` WRITE;
/*!40000 ALTER TABLE `gds_tax_rate` DISABLE KEYS */;
INSERT INTO `gds_tax_rate` VALUES (86,3,'VAT (17.5%)','17.5000','P','2011-03-09 21:17:10','2011-09-22 22:24:29'),(87,3,'Eco Tax (-2.00)','2.0000','F','2011-09-21 21:49:23','2011-09-23 00:40:19');
/*!40000 ALTER TABLE `gds_tax_rate` ENABLE KEYS */;
UNLOCK TABLES;

--
-- Table structure for table `gds_tax_rate_to_customer_group`
--

DROP TABLE IF EXISTS `gds_tax_rate_to_customer_group`;
/*!40101 SET @saved_cs_client     = @@character_set_client */;
/*!40101 SET character_set_client = utf8 */;
CREATE TABLE `gds_tax_rate_to_customer_group` (
  `tax_rate_id` int(11) NOT NULL,
  `customer_group_id` int(11) NOT NULL,
  PRIMARY KEY (`tax_rate_id`,`customer_group_id`)
) ENGINE=MyISAM DEFAULT CHARSET=latin1;
/*!40101 SET character_set_client = @saved_cs_client */;

--
-- Dumping data for table `gds_tax_rate_to_customer_group`
--

LOCK TABLES `gds_tax_rate_to_customer_group` WRITE;
/*!40000 ALTER TABLE `gds_tax_rate_to_customer_group` DISABLE KEYS */;
INSERT INTO `gds_tax_rate_to_customer_group` VALUES (86,6),(86,8),(87,6),(87,8);
/*!40000 ALTER TABLE `gds_tax_rate_to_customer_group` ENABLE KEYS */;
UNLOCK TABLES;

--
-- Table structure for table `gds_tax_rule`
--

DROP TABLE IF EXISTS `gds_tax_rule`;
/*!40101 SET @saved_cs_client     = @@character_set_client */;
/*!40101 SET character_set_client = utf8 */;
CREATE TABLE `gds_tax_rule` (
  `tax_rule_id` int(11) NOT NULL AUTO_INCREMENT,
  `tax_class_id` int(11) NOT NULL,
  `tax_rate_id` int(11) NOT NULL,
  `based` varchar(10) COLLATE utf8_bin NOT NULL,
  `priority` int(5) NOT NULL DEFAULT '1',
  PRIMARY KEY (`tax_rule_id`)
) ENGINE=MyISAM AUTO_INCREMENT=129 DEFAULT CHARSET=utf8 COLLATE=utf8_bin;
/*!40101 SET character_set_client = @saved_cs_client */;

--
-- Dumping data for table `gds_tax_rule`
--

LOCK TABLES `gds_tax_rule` WRITE;
/*!40000 ALTER TABLE `gds_tax_rule` DISABLE KEYS */;
INSERT INTO `gds_tax_rule` VALUES (121,10,86,'payment',1),(120,10,87,'store',0),(128,9,86,'shipping',1),(127,9,87,'shipping',2);
/*!40000 ALTER TABLE `gds_tax_rule` ENABLE KEYS */;
UNLOCK TABLES;

--
-- Table structure for table `gds_url_alias`
--

DROP TABLE IF EXISTS `gds_url_alias`;
/*!40101 SET @saved_cs_client     = @@character_set_client */;
/*!40101 SET character_set_client = utf8 */;
CREATE TABLE `gds_url_alias` (
  `url_alias_id` int(11) NOT NULL AUTO_INCREMENT,
  `query` varchar(255) COLLATE utf8_bin NOT NULL,
  `keyword` varchar(255) COLLATE utf8_bin NOT NULL,
  PRIMARY KEY (`url_alias_id`)
) ENGINE=MyISAM AUTO_INCREMENT=777 DEFAULT CHARSET=utf8 COLLATE=utf8_bin;
/*!40101 SET character_set_client = @saved_cs_client */;

--
-- Dumping data for table `gds_url_alias`
--

LOCK TABLES `gds_url_alias` WRITE;
/*!40000 ALTER TABLE `gds_url_alias` DISABLE KEYS */;
INSERT INTO `gds_url_alias` VALUES (730,'manufacturer_id=8','apple'),(776,'information_id=4','about_us');
/*!40000 ALTER TABLE `gds_url_alias` ENABLE KEYS */;
UNLOCK TABLES;

--
-- Table structure for table `gds_user`
--

DROP TABLE IF EXISTS `gds_user`;
/*!40101 SET @saved_cs_client     = @@character_set_client */;
/*!40101 SET character_set_client = utf8 */;
CREATE TABLE `gds_user` (
  `user_id` int(11) NOT NULL AUTO_INCREMENT,
  `user_group_id` int(11) NOT NULL,
  `username` varchar(20) COLLATE utf8_bin NOT NULL DEFAULT '',
  `password` varchar(32) COLLATE utf8_bin NOT NULL DEFAULT '',
  `firstname` varchar(32) COLLATE utf8_bin NOT NULL DEFAULT '',
  `lastname` varchar(32) COLLATE utf8_bin NOT NULL DEFAULT '',
  `email` varchar(96) COLLATE utf8_bin NOT NULL DEFAULT '',
  `code` varchar(32) COLLATE utf8_bin NOT NULL,
  `ip` varchar(15) COLLATE utf8_bin NOT NULL DEFAULT '',
  `status` tinyint(1) NOT NULL,
  `date_added` datetime NOT NULL DEFAULT '0000-00-00 00:00:00',
  PRIMARY KEY (`user_id`)
) ENGINE=MyISAM AUTO_INCREMENT=2 DEFAULT CHARSET=utf8 COLLATE=utf8_bin;
/*!40101 SET character_set_client = @saved_cs_client */;

--
-- Dumping data for table `gds_user`
--

LOCK TABLES `gds_user` WRITE;
/*!40000 ALTER TABLE `gds_user` DISABLE KEYS */;
INSERT INTO `gds_user` VALUES (1,1,'admin','d1bb8e4e6ae1b3654cf1f9752aba50cf','Admin','GoDropShipping','wcmilan@gmail.com','','123.120.160.219',1,'2012-06-11 17:54:08');
/*!40000 ALTER TABLE `gds_user` ENABLE KEYS */;
UNLOCK TABLES;

--
-- Table structure for table `gds_user_group`
--

DROP TABLE IF EXISTS `gds_user_group`;
/*!40101 SET @saved_cs_client     = @@character_set_client */;
/*!40101 SET character_set_client = utf8 */;
CREATE TABLE `gds_user_group` (
  `user_group_id` int(11) NOT NULL AUTO_INCREMENT,
  `name` varchar(64) COLLATE utf8_bin NOT NULL,
  `permission` text COLLATE utf8_bin NOT NULL,
  PRIMARY KEY (`user_group_id`)
) ENGINE=MyISAM AUTO_INCREMENT=11 DEFAULT CHARSET=utf8 COLLATE=utf8_bin;
/*!40101 SET character_set_client = @saved_cs_client */;

--
-- Dumping data for table `gds_user_group`
--

LOCK TABLES `gds_user_group` WRITE;
/*!40000 ALTER TABLE `gds_user_group` DISABLE KEYS */;
INSERT INTO `gds_user_group` VALUES (1,'Top Administrator','a:2:{s:6:\"access\";a:116:{i:0;s:17:\"catalog/attribute\";i:1;s:23:\"catalog/attribute_group\";i:2;s:16:\"catalog/category\";i:3;s:16:\"catalog/download\";i:4;s:19:\"catalog/information\";i:5;s:20:\"catalog/manufacturer\";i:6;s:14:\"catalog/option\";i:7;s:15:\"catalog/product\";i:8;s:14:\"catalog/review\";i:9;s:18:\"common/filemanager\";i:10;s:13:\"design/banner\";i:11;s:13:\"design/layout\";i:12;s:14:\"extension/feed\";i:13;s:16:\"extension/module\";i:14;s:17:\"extension/payment\";i:15;s:18:\"extension/shipping\";i:16;s:15:\"extension/total\";i:17;s:16:\"feed/google_base\";i:18;s:19:\"feed/google_sitemap\";i:19;s:20:\"localisation/country\";i:20;s:21:\"localisation/currency\";i:21;s:21:\"localisation/geo_zone\";i:22;s:21:\"localisation/language\";i:23;s:25:\"localisation/length_class\";i:24;s:25:\"localisation/order_status\";i:25;s:26:\"localisation/return_action\";i:26;s:26:\"localisation/return_reason\";i:27;s:26:\"localisation/return_status\";i:28;s:25:\"localisation/stock_status\";i:29;s:22:\"localisation/tax_class\";i:30;s:21:\"localisation/tax_rate\";i:31;s:25:\"localisation/weight_class\";i:32;s:17:\"localisation/zone\";i:33;s:14:\"module/account\";i:34;s:16:\"module/affiliate\";i:35;s:13:\"module/banner\";i:36;s:17:\"module/bestseller\";i:37;s:15:\"module/carousel\";i:38;s:15:\"module/category\";i:39;s:15:\"module/featured\";i:40;s:18:\"module/google_talk\";i:41;s:18:\"module/information\";i:42;s:13:\"module/latest\";i:43;s:16:\"module/slideshow\";i:44;s:14:\"module/special\";i:45;s:12:\"module/store\";i:46;s:14:\"module/welcome\";i:47;s:16:\"payment/alertpay\";i:48;s:24:\"payment/authorizenet_aim\";i:49;s:21:\"payment/bank_transfer\";i:50;s:14:\"payment/cheque\";i:51;s:11:\"payment/cod\";i:52;s:21:\"payment/free_checkout\";i:53;s:14:\"payment/liqpay\";i:54;s:20:\"payment/moneybookers\";i:55;s:14:\"payment/nochex\";i:56;s:15:\"payment/paymate\";i:57;s:16:\"payment/paypoint\";i:58;s:26:\"payment/perpetual_payments\";i:59;s:14:\"payment/pp_pro\";i:60;s:17:\"payment/pp_pro_uk\";i:61;s:19:\"payment/pp_standard\";i:62;s:15:\"payment/sagepay\";i:63;s:22:\"payment/sagepay_direct\";i:64;s:18:\"payment/sagepay_us\";i:65;s:19:\"payment/twocheckout\";i:66;s:28:\"payment/web_payment_software\";i:67;s:16:\"payment/worldpay\";i:68;s:27:\"report/affiliate_commission\";i:69;s:22:\"report/customer_credit\";i:70;s:21:\"report/customer_order\";i:71;s:22:\"report/customer_reward\";i:72;s:24:\"report/product_purchased\";i:73;s:21:\"report/product_viewed\";i:74;s:18:\"report/sale_coupon\";i:75;s:17:\"report/sale_order\";i:76;s:18:\"report/sale_return\";i:77;s:20:\"report/sale_shipping\";i:78;s:15:\"report/sale_tax\";i:79;s:14:\"sale/affiliate\";i:80;s:12:\"sale/contact\";i:81;s:11:\"sale/coupon\";i:82;s:13:\"sale/customer\";i:83;s:19:\"sale/customer_group\";i:84;s:10:\"sale/order\";i:85;s:11:\"sale/return\";i:86;s:12:\"sale/voucher\";i:87;s:18:\"sale/voucher_theme\";i:88;s:15:\"setting/setting\";i:89;s:13:\"setting/store\";i:90;s:17:\"shipping/citylink\";i:91;s:13:\"shipping/flat\";i:92;s:13:\"shipping/free\";i:93;s:13:\"shipping/item\";i:94;s:23:\"shipping/parcelforce_48\";i:95;s:15:\"shipping/pickup\";i:96;s:19:\"shipping/royal_mail\";i:97;s:12:\"shipping/ups\";i:98;s:13:\"shipping/usps\";i:99;s:15:\"shipping/weight\";i:100;s:11:\"tool/backup\";i:101;s:14:\"tool/error_log\";i:102;s:11:\"tool/export\";i:103;s:12:\"total/coupon\";i:104;s:12:\"total/credit\";i:105;s:14:\"total/handling\";i:106;s:19:\"total/low_order_fee\";i:107;s:12:\"total/reward\";i:108;s:14:\"total/shipping\";i:109;s:15:\"total/sub_total\";i:110;s:9:\"total/tax\";i:111;s:11:\"total/total\";i:112;s:9:\"total/vip\";i:113;s:13:\"total/voucher\";i:114;s:9:\"user/user\";i:115;s:20:\"user/user_permission\";}s:6:\"modify\";a:116:{i:0;s:17:\"catalog/attribute\";i:1;s:23:\"catalog/attribute_group\";i:2;s:16:\"catalog/category\";i:3;s:16:\"catalog/download\";i:4;s:19:\"catalog/information\";i:5;s:20:\"catalog/manufacturer\";i:6;s:14:\"catalog/option\";i:7;s:15:\"catalog/product\";i:8;s:14:\"catalog/review\";i:9;s:18:\"common/filemanager\";i:10;s:13:\"design/banner\";i:11;s:13:\"design/layout\";i:12;s:14:\"extension/feed\";i:13;s:16:\"extension/module\";i:14;s:17:\"extension/payment\";i:15;s:18:\"extension/shipping\";i:16;s:15:\"extension/total\";i:17;s:16:\"feed/google_base\";i:18;s:19:\"feed/google_sitemap\";i:19;s:20:\"localisation/country\";i:20;s:21:\"localisation/currency\";i:21;s:21:\"localisation/geo_zone\";i:22;s:21:\"localisation/language\";i:23;s:25:\"localisation/length_class\";i:24;s:25:\"localisation/order_status\";i:25;s:26:\"localisation/return_action\";i:26;s:26:\"localisation/return_reason\";i:27;s:26:\"localisation/return_status\";i:28;s:25:\"localisation/stock_status\";i:29;s:22:\"localisation/tax_class\";i:30;s:21:\"localisation/tax_rate\";i:31;s:25:\"localisation/weight_class\";i:32;s:17:\"localisation/zone\";i:33;s:14:\"module/account\";i:34;s:16:\"module/affiliate\";i:35;s:13:\"module/banner\";i:36;s:17:\"module/bestseller\";i:37;s:15:\"module/carousel\";i:38;s:15:\"module/category\";i:39;s:15:\"module/featured\";i:40;s:18:\"module/google_talk\";i:41;s:18:\"module/information\";i:42;s:13:\"module/latest\";i:43;s:16:\"module/slideshow\";i:44;s:14:\"module/special\";i:45;s:12:\"module/store\";i:46;s:14:\"module/welcome\";i:47;s:16:\"payment/alertpay\";i:48;s:24:\"payment/authorizenet_aim\";i:49;s:21:\"payment/bank_transfer\";i:50;s:14:\"payment/cheque\";i:51;s:11:\"payment/cod\";i:52;s:21:\"payment/free_checkout\";i:53;s:14:\"payment/liqpay\";i:54;s:20:\"payment/moneybookers\";i:55;s:14:\"payment/nochex\";i:56;s:15:\"payment/paymate\";i:57;s:16:\"payment/paypoint\";i:58;s:26:\"payment/perpetual_payments\";i:59;s:14:\"payment/pp_pro\";i:60;s:17:\"payment/pp_pro_uk\";i:61;s:19:\"payment/pp_standard\";i:62;s:15:\"payment/sagepay\";i:63;s:22:\"payment/sagepay_direct\";i:64;s:18:\"payment/sagepay_us\";i:65;s:19:\"payment/twocheckout\";i:66;s:28:\"payment/web_payment_software\";i:67;s:16:\"payment/worldpay\";i:68;s:27:\"report/affiliate_commission\";i:69;s:22:\"report/customer_credit\";i:70;s:21:\"report/customer_order\";i:71;s:22:\"report/customer_reward\";i:72;s:24:\"report/product_purchased\";i:73;s:21:\"report/product_viewed\";i:74;s:18:\"report/sale_coupon\";i:75;s:17:\"report/sale_order\";i:76;s:18:\"report/sale_return\";i:77;s:20:\"report/sale_shipping\";i:78;s:15:\"report/sale_tax\";i:79;s:14:\"sale/affiliate\";i:80;s:12:\"sale/contact\";i:81;s:11:\"sale/coupon\";i:82;s:13:\"sale/customer\";i:83;s:19:\"sale/customer_group\";i:84;s:10:\"sale/order\";i:85;s:11:\"sale/return\";i:86;s:12:\"sale/voucher\";i:87;s:18:\"sale/voucher_theme\";i:88;s:15:\"setting/setting\";i:89;s:13:\"setting/store\";i:90;s:17:\"shipping/citylink\";i:91;s:13:\"shipping/flat\";i:92;s:13:\"shipping/free\";i:93;s:13:\"shipping/item\";i:94;s:23:\"shipping/parcelforce_48\";i:95;s:15:\"shipping/pickup\";i:96;s:19:\"shipping/royal_mail\";i:97;s:12:\"shipping/ups\";i:98;s:13:\"shipping/usps\";i:99;s:15:\"shipping/weight\";i:100;s:11:\"tool/backup\";i:101;s:14:\"tool/error_log\";i:102;s:11:\"tool/export\";i:103;s:12:\"total/coupon\";i:104;s:12:\"total/credit\";i:105;s:14:\"total/handling\";i:106;s:19:\"total/low_order_fee\";i:107;s:12:\"total/reward\";i:108;s:14:\"total/shipping\";i:109;s:15:\"total/sub_total\";i:110;s:9:\"total/tax\";i:111;s:11:\"total/total\";i:112;s:9:\"total/vip\";i:113;s:13:\"total/voucher\";i:114;s:9:\"user/user\";i:115;s:20:\"user/user_permission\";}}'),(10,'Demonstration','');
/*!40000 ALTER TABLE `gds_user_group` ENABLE KEYS */;
UNLOCK TABLES;

--
-- Table structure for table `gds_voucher`
--

DROP TABLE IF EXISTS `gds_voucher`;
/*!40101 SET @saved_cs_client     = @@character_set_client */;
/*!40101 SET character_set_client = utf8 */;
CREATE TABLE `gds_voucher` (
  `voucher_id` int(11) NOT NULL AUTO_INCREMENT,
  `order_id` int(11) NOT NULL,
  `code` varchar(10) COLLATE utf8_bin NOT NULL,
  `from_name` varchar(64) COLLATE utf8_bin NOT NULL,
  `from_email` varchar(96) COLLATE utf8_bin NOT NULL,
  `to_name` varchar(64) COLLATE utf8_bin NOT NULL,
  `to_email` varchar(96) COLLATE utf8_bin NOT NULL,
  `message` text COLLATE utf8_bin NOT NULL,
  `amount` decimal(15,4) NOT NULL,
  `voucher_theme_id` int(11) NOT NULL,
  `status` tinyint(1) NOT NULL,
  `date_added` datetime NOT NULL DEFAULT '0000-00-00 00:00:00',
  PRIMARY KEY (`voucher_id`)
) ENGINE=MyISAM DEFAULT CHARSET=utf8 COLLATE=utf8_bin;
/*!40101 SET character_set_client = @saved_cs_client */;

--
-- Dumping data for table `gds_voucher`
--

LOCK TABLES `gds_voucher` WRITE;
/*!40000 ALTER TABLE `gds_voucher` DISABLE KEYS */;
/*!40000 ALTER TABLE `gds_voucher` ENABLE KEYS */;
UNLOCK TABLES;

--
-- Table structure for table `gds_voucher_history`
--

DROP TABLE IF EXISTS `gds_voucher_history`;
/*!40101 SET @saved_cs_client     = @@character_set_client */;
/*!40101 SET character_set_client = utf8 */;
CREATE TABLE `gds_voucher_history` (
  `voucher_history_id` int(11) NOT NULL AUTO_INCREMENT,
  `voucher_id` int(11) NOT NULL,
  `order_id` int(11) NOT NULL,
  `amount` decimal(15,4) NOT NULL,
  `date_added` datetime NOT NULL,
  PRIMARY KEY (`voucher_history_id`)
) ENGINE=MyISAM DEFAULT CHARSET=utf8 COLLATE=utf8_bin;
/*!40101 SET character_set_client = @saved_cs_client */;

--
-- Dumping data for table `gds_voucher_history`
--

LOCK TABLES `gds_voucher_history` WRITE;
/*!40000 ALTER TABLE `gds_voucher_history` DISABLE KEYS */;
/*!40000 ALTER TABLE `gds_voucher_history` ENABLE KEYS */;
UNLOCK TABLES;

--
-- Table structure for table `gds_voucher_theme`
--

DROP TABLE IF EXISTS `gds_voucher_theme`;
/*!40101 SET @saved_cs_client     = @@character_set_client */;
/*!40101 SET character_set_client = utf8 */;
CREATE TABLE `gds_voucher_theme` (
  `voucher_theme_id` int(11) NOT NULL AUTO_INCREMENT,
  `image` varchar(255) COLLATE utf8_bin NOT NULL,
  PRIMARY KEY (`voucher_theme_id`)
) ENGINE=MyISAM AUTO_INCREMENT=9 DEFAULT CHARSET=utf8 COLLATE=utf8_bin;
/*!40101 SET character_set_client = @saved_cs_client */;

--
-- Dumping data for table `gds_voucher_theme`
--

LOCK TABLES `gds_voucher_theme` WRITE;
/*!40000 ALTER TABLE `gds_voucher_theme` DISABLE KEYS */;
INSERT INTO `gds_voucher_theme` VALUES (8,'data/canon_eos_5d_2.jpg'),(7,'data/gift-voucher-birthday.jpg'),(6,'data/apple_logo.jpg');
/*!40000 ALTER TABLE `gds_voucher_theme` ENABLE KEYS */;
UNLOCK TABLES;

--
-- Table structure for table `gds_voucher_theme_description`
--

DROP TABLE IF EXISTS `gds_voucher_theme_description`;
/*!40101 SET @saved_cs_client     = @@character_set_client */;
/*!40101 SET character_set_client = utf8 */;
CREATE TABLE `gds_voucher_theme_description` (
  `voucher_theme_id` int(11) NOT NULL,
  `language_id` int(11) NOT NULL,
  `name` varchar(32) COLLATE utf8_bin NOT NULL,
  PRIMARY KEY (`voucher_theme_id`,`language_id`)
) ENGINE=MyISAM DEFAULT CHARSET=utf8 COLLATE=utf8_bin;
/*!40101 SET character_set_client = @saved_cs_client */;

--
-- Dumping data for table `gds_voucher_theme_description`
--

LOCK TABLES `gds_voucher_theme_description` WRITE;
/*!40000 ALTER TABLE `gds_voucher_theme_description` DISABLE KEYS */;
INSERT INTO `gds_voucher_theme_description` VALUES (6,1,'Christmas'),(7,1,'Birthday'),(8,1,'General');
/*!40000 ALTER TABLE `gds_voucher_theme_description` ENABLE KEYS */;
UNLOCK TABLES;

--
-- Table structure for table `gds_weight_class`
--

DROP TABLE IF EXISTS `gds_weight_class`;
/*!40101 SET @saved_cs_client     = @@character_set_client */;
/*!40101 SET character_set_client = utf8 */;
CREATE TABLE `gds_weight_class` (
  `weight_class_id` int(11) NOT NULL AUTO_INCREMENT,
  `value` decimal(15,8) NOT NULL DEFAULT '0.00000000',
  PRIMARY KEY (`weight_class_id`)
) ENGINE=MyISAM AUTO_INCREMENT=7 DEFAULT CHARSET=utf8 COLLATE=utf8_bin;
/*!40101 SET character_set_client = @saved_cs_client */;

--
-- Dumping data for table `gds_weight_class`
--

LOCK TABLES `gds_weight_class` WRITE;
/*!40000 ALTER TABLE `gds_weight_class` DISABLE KEYS */;
INSERT INTO `gds_weight_class` VALUES (1,'1.00000000'),(2,'1000.00000000'),(5,'2.20460000'),(6,'35.27400000');
/*!40000 ALTER TABLE `gds_weight_class` ENABLE KEYS */;
UNLOCK TABLES;

--
-- Table structure for table `gds_weight_class_description`
--

DROP TABLE IF EXISTS `gds_weight_class_description`;
/*!40101 SET @saved_cs_client     = @@character_set_client */;
/*!40101 SET character_set_client = utf8 */;
CREATE TABLE `gds_weight_class_description` (
  `weight_class_id` int(11) NOT NULL AUTO_INCREMENT,
  `language_id` int(11) NOT NULL,
  `title` varchar(32) COLLATE utf8_bin NOT NULL,
  `unit` varchar(4) COLLATE utf8_bin NOT NULL DEFAULT '',
  PRIMARY KEY (`weight_class_id`,`language_id`)
) ENGINE=MyISAM AUTO_INCREMENT=7 DEFAULT CHARSET=utf8 COLLATE=utf8_bin;
/*!40101 SET character_set_client = @saved_cs_client */;

--
-- Dumping data for table `gds_weight_class_description`
--

LOCK TABLES `gds_weight_class_description` WRITE;
/*!40000 ALTER TABLE `gds_weight_class_description` DISABLE KEYS */;
INSERT INTO `gds_weight_class_description` VALUES (1,1,'Kilogram','kg'),(2,1,'Gram','g'),(5,1,'Pound ','lb'),(6,1,'Ounce','oz');
/*!40000 ALTER TABLE `gds_weight_class_description` ENABLE KEYS */;
UNLOCK TABLES;

--
-- Table structure for table `gds_zone`
--

DROP TABLE IF EXISTS `gds_zone`;
/*!40101 SET @saved_cs_client     = @@character_set_client */;
/*!40101 SET character_set_client = utf8 */;
CREATE TABLE `gds_zone` (
  `zone_id` int(11) NOT NULL AUTO_INCREMENT,
  `country_id` int(11) NOT NULL,
  `code` varchar(32) COLLATE utf8_bin NOT NULL DEFAULT '',
  `name` varchar(128) COLLATE utf8_bin NOT NULL,
  `status` tinyint(1) NOT NULL DEFAULT '1',
  PRIMARY KEY (`zone_id`)
) ENGINE=MyISAM AUTO_INCREMENT=3968 DEFAULT CHARSET=utf8 COLLATE=utf8_bin;
/*!40101 SET character_set_client = @saved_cs_client */;

--
-- Dumping data for table `gds_zone`
--

LOCK TABLES `gds_zone` WRITE;
/*!40000 ALTER TABLE `gds_zone` DISABLE KEYS */;
INSERT INTO `gds_zone` VALUES (1,1,'BDS','Badakhshan',1),(2,1,'BDG','Badghis',1),(3,1,'BGL','Baghlan',1),(4,1,'BAL','Balkh',1),(5,1,'BAM','Bamian',1),(6,1,'FRA','Farah',1),(7,1,'FYB','Faryab',1),(8,1,'GHA','Ghazni',1),(9,1,'GHO','Ghowr',1),(10,1,'HEL','Helmand',1),(11,1,'HER','Herat',1),(12,1,'JOW','Jowzjan',1),(13,1,'KAB','Kabul',1),(14,1,'KAN','Kandahar',1),(15,1,'KAP','Kapisa',1),(16,1,'KHO','Khost',1),(17,1,'KNR','Konar',1),(18,1,'KDZ','Kondoz',1),(19,1,'LAG','Laghman',1),(20,1,'LOW','Lowgar',1),(21,1,'NAN','Nangrahar',1),(22,1,'NIM','Nimruz',1),(23,1,'NUR','Nurestan',1),(24,1,'ORU','Oruzgan',1),(25,1,'PIA','Paktia',1),(26,1,'PKA','Paktika',1),(27,1,'PAR','Parwan',1),(28,1,'SAM','Samangan',1),(29,1,'SAR','Sar-e Pol',1),(30,1,'TAK','Takhar',1),(31,1,'WAR','Wardak',1),(32,1,'ZAB','Zabol',1),(33,2,'BR','Berat',1),(34,2,'BU','Bulqize',1),(35,2,'DL','Delvine',1),(36,2,'DV','Devoll',1),(37,2,'DI','Diber',1),(38,2,'DR','Durres',1),(39,2,'EL','Elbasan',1),(40,2,'ER','Kolonje',1),(41,2,'FR','Fier',1),(42,2,'GJ','Gjirokaster',1),(43,2,'GR','Gramsh',1),(44,2,'HA','Has',1),(45,2,'KA','Kavaje',1),(46,2,'KB','Kurbin',1),(47,2,'KC','Kucove',1),(48,2,'KO','Korce',1),(49,2,'KR','Kruje',1),(50,2,'KU','Kukes',1),(51,2,'LB','Librazhd',1),(52,2,'LE','Lezhe',1),(53,2,'LU','Lushnje',1),(54,2,'MM','Malesi e Madhe',1),(55,2,'MK','Mallakaster',1),(56,2,'MT','Mat',1),(57,2,'MR','Mirdite',1),(58,2,'PQ','Peqin',1),(59,2,'PR','Permet',1),(60,2,'PG','Pogradec',1),(61,2,'PU','Puke',1),(62,2,'SH','Shkoder',1),(63,2,'SK','Skrapar',1),(64,2,'SR','Sarande',1),(65,2,'TE','Tepelene',1),(66,2,'TP','Tropoje',1),(67,2,'TR','Tirane',1),(68,2,'VL','Vlore',1),(69,3,'ADR','Adrar',1),(70,3,'ADE','Ain Defla',1),(71,3,'ATE','Ain Temouchent',1),(72,3,'ALG','Alger',1),(73,3,'ANN','Annaba',1),(74,3,'BAT','Batna',1),(75,3,'BEC','Bechar',1),(76,3,'BEJ','Bejaia',1),(77,3,'BIS','Biskra',1),(78,3,'BLI','Blida',1),(79,3,'BBA','Bordj Bou Arreridj',1),(80,3,'BOA','Bouira',1),(81,3,'BMD','Boumerdes',1),(82,3,'CHL','Chlef',1),(83,3,'CON','Constantine',1),(84,3,'DJE','Djelfa',1),(85,3,'EBA','El Bayadh',1),(86,3,'EOU','El Oued',1),(87,3,'ETA','El Tarf',1),(88,3,'GHA','Ghardaia',1),(89,3,'GUE','Guelma',1),(90,3,'ILL','Illizi',1),(91,3,'JIJ','Jijel',1),(92,3,'KHE','Khenchela',1),(93,3,'LAG','Laghouat',1),(94,3,'MUA','Muaskar',1),(95,3,'MED','Medea',1),(96,3,'MIL','Mila',1),(97,3,'MOS','Mostaganem',1),(98,3,'MSI','M\'Sila',1),(99,3,'NAA','Naama',1),(100,3,'ORA','Oran',1),(101,3,'OUA','Ouargla',1),(102,3,'OEB','Oum el-Bouaghi',1),(103,3,'REL','Relizane',1),(104,3,'SAI','Saida',1),(105,3,'SET','Setif',1),(106,3,'SBA','Sidi Bel Abbes',1),(107,3,'SKI','Skikda',1),(108,3,'SAH','Souk Ahras',1),(109,3,'TAM','Tamanghasset',1),(110,3,'TEB','Tebessa',1),(111,3,'TIA','Tiaret',1),(112,3,'TIN','Tindouf',1),(113,3,'TIP','Tipaza',1),(114,3,'TIS','Tissemsilt',1),(115,3,'TOU','Tizi Ouzou',1),(116,3,'TLE','Tlemcen',1),(117,4,'E','Eastern',1),(118,4,'M','Manu\'a',1),(119,4,'R','Rose Island',1),(120,4,'S','Swains Island',1),(121,4,'W','Western',1),(122,5,'ALV','Andorra la Vella',1),(123,5,'CAN','Canillo',1),(124,5,'ENC','Encamp',1),(125,5,'ESE','Escaldes-Engordany',1),(126,5,'LMA','La Massana',1),(127,5,'ORD','Ordino',1),(128,5,'SJL','Sant Julia de Loria',1),(129,6,'BGO','Bengo',1),(130,6,'BGU','Benguela',1),(131,6,'BIE','Bie',1),(132,6,'CAB','Cabinda',1),(133,6,'CCU','Cuando-Cubango',1),(134,6,'CNO','Cuanza Norte',1),(135,6,'CUS','Cuanza Sul',1),(136,6,'CNN','Cunene',1),(137,6,'HUA','Huambo',1),(138,6,'HUI','Huila',1),(139,6,'LUA','Luanda',1),(140,6,'LNO','Lunda Norte',1),(141,6,'LSU','Lunda Sul',1),(142,6,'MAL','Malange',1),(143,6,'MOX','Moxico',1),(144,6,'NAM','Namibe',1),(145,6,'UIG','Uige',1),(146,6,'ZAI','Zaire',1),(147,9,'ASG','Saint George',1),(148,9,'ASJ','Saint John',1),(149,9,'ASM','Saint Mary',1),(150,9,'ASL','Saint Paul',1),(151,9,'ASR','Saint Peter',1),(152,9,'ASH','Saint Philip',1),(153,9,'BAR','Barbuda',1),(154,9,'RED','Redonda',1),(155,10,'AN','Antartida e Islas del Atlantico',1),(156,10,'BA','Buenos Aires',1),(157,10,'CA','Catamarca',1),(158,10,'CH','Chaco',1),(159,10,'CU','Chubut',1),(160,10,'CO','Cordoba',1),(161,10,'CR','Corrientes',1),(162,10,'DF','Distrito Federal',1),(163,10,'ER','Entre Rios',1),(164,10,'FO','Formosa',1),(165,10,'JU','Jujuy',1),(166,10,'LP','La Pampa',1),(167,10,'LR','La Rioja',1),(168,10,'ME','Mendoza',1),(169,10,'MI','Misiones',1),(170,10,'NE','Neuquen',1),(171,10,'RN','Rio Negro',1),(172,10,'SA','Salta',1),(173,10,'SJ','San Juan',1),(174,10,'SL','San Luis',1),(175,10,'SC','Santa Cruz',1),(176,10,'SF','Santa Fe',1),(177,10,'SD','Santiago del Estero',1),(178,10,'TF','Tierra del Fuego',1),(179,10,'TU','Tucuman',1),(180,11,'AGT','Aragatsotn',1),(181,11,'ARR','Ararat',1),(182,11,'ARM','Armavir',1),(183,11,'GEG','Geghark\'unik\'',1),(184,11,'KOT','Kotayk\'',1),(185,11,'LOR','Lorri',1),(186,11,'SHI','Shirak',1),(187,11,'SYU','Syunik\'',1),(188,11,'TAV','Tavush',1),(189,11,'VAY','Vayots\' Dzor',1),(190,11,'YER','Yerevan',1),(191,13,'ACT','Australian Capital Territory',1),(192,13,'NSW','New South Wales',1),(193,13,'NT','Northern Territory',1),(194,13,'QLD','Queensland',1),(195,13,'SA','South Australia',1),(196,13,'TAS','Tasmania',1),(197,13,'VIC','Victoria',1),(198,13,'WA','Western Australia',1),(199,14,'BUR','Burgenland',1),(200,14,'KAR','Kärnten',1),(201,14,'NOS','Nieder&ouml;sterreich',1),(202,14,'OOS','Ober&ouml;sterreich',1),(203,14,'SAL','Salzburg',1),(204,14,'STE','Steiermark',1),(205,14,'TIR','Tirol',1),(206,14,'VOR','Vorarlberg',1),(207,14,'WIE','Wien',1),(208,15,'AB','Ali Bayramli',1),(209,15,'ABS','Abseron',1),(210,15,'AGC','AgcabAdi',1),(211,15,'AGM','Agdam',1),(212,15,'AGS','Agdas',1),(213,15,'AGA','Agstafa',1),(214,15,'AGU','Agsu',1),(215,15,'AST','Astara',1),(216,15,'BA','Baki',1),(217,15,'BAB','BabAk',1),(218,15,'BAL','BalakAn',1),(219,15,'BAR','BArdA',1),(220,15,'BEY','Beylaqan',1),(221,15,'BIL','Bilasuvar',1),(222,15,'CAB','Cabrayil',1),(223,15,'CAL','Calilabab',1),(224,15,'CUL','Culfa',1),(225,15,'DAS','Daskasan',1),(226,15,'DAV','Davaci',1),(227,15,'FUZ','Fuzuli',1),(228,15,'GA','Ganca',1),(229,15,'GAD','Gadabay',1),(230,15,'GOR','Goranboy',1),(231,15,'GOY','Goycay',1),(232,15,'HAC','Haciqabul',1),(233,15,'IMI','Imisli',1),(234,15,'ISM','Ismayilli',1),(235,15,'KAL','Kalbacar',1),(236,15,'KUR','Kurdamir',1),(237,15,'LA','Lankaran',1),(238,15,'LAC','Lacin',1),(239,15,'LAN','Lankaran',1),(240,15,'LER','Lerik',1),(241,15,'MAS','Masalli',1),(242,15,'MI','Mingacevir',1),(243,15,'NA','Naftalan',1),(244,15,'NEF','Neftcala',1),(245,15,'OGU','Oguz',1),(246,15,'ORD','Ordubad',1),(247,15,'QAB','Qabala',1),(248,15,'QAX','Qax',1),(249,15,'QAZ','Qazax',1),(250,15,'QOB','Qobustan',1),(251,15,'QBA','Quba',1),(252,15,'QBI','Qubadli',1),(253,15,'QUS','Qusar',1),(254,15,'SA','Saki',1),(255,15,'SAT','Saatli',1),(256,15,'SAB','Sabirabad',1),(257,15,'SAD','Sadarak',1),(258,15,'SAH','Sahbuz',1),(259,15,'SAK','Saki',1),(260,15,'SAL','Salyan',1),(261,15,'SM','Sumqayit',1),(262,15,'SMI','Samaxi',1),(263,15,'SKR','Samkir',1),(264,15,'SMX','Samux',1),(265,15,'SAR','Sarur',1),(266,15,'SIY','Siyazan',1),(267,15,'SS','Susa',1),(268,15,'SUS','Susa',1),(269,15,'TAR','Tartar',1),(270,15,'TOV','Tovuz',1),(271,15,'UCA','Ucar',1),(272,15,'XA','Xankandi',1),(273,15,'XAC','Xacmaz',1),(274,15,'XAN','Xanlar',1),(275,15,'XIZ','Xizi',1),(276,15,'XCI','Xocali',1),(277,15,'XVD','Xocavand',1),(278,15,'YAR','Yardimli',1),(279,15,'YEV','Yevlax',1),(280,15,'ZAN','Zangilan',1),(281,15,'ZAQ','Zaqatala',1),(282,15,'ZAR','Zardab',1),(283,15,'NX','Naxcivan',1),(284,16,'ACK','Acklins',1),(285,16,'BER','Berry Islands',1),(286,16,'BIM','Bimini',1),(287,16,'BLK','Black Point',1),(288,16,'CAT','Cat Island',1),(289,16,'CAB','Central Abaco',1),(290,16,'CAN','Central Andros',1),(291,16,'CEL','Central Eleuthera',1),(292,16,'FRE','City of Freeport',1),(293,16,'CRO','Crooked Island',1),(294,16,'EGB','East Grand Bahama',1),(295,16,'EXU','Exuma',1),(296,16,'GRD','Grand Cay',1),(297,16,'HAR','Harbour Island',1),(298,16,'HOP','Hope Town',1),(299,16,'INA','Inagua',1),(300,16,'LNG','Long Island',1),(301,16,'MAN','Mangrove Cay',1),(302,16,'MAY','Mayaguana',1),(303,16,'MOO','Moore\'s Island',1),(304,16,'NAB','North Abaco',1),(305,16,'NAN','North Andros',1),(306,16,'NEL','North Eleuthera',1),(307,16,'RAG','Ragged Island',1),(308,16,'RUM','Rum Cay',1),(309,16,'SAL','San Salvador',1),(310,16,'SAB','South Abaco',1),(311,16,'SAN','South Andros',1),(312,16,'SEL','South Eleuthera',1),(313,16,'SWE','Spanish Wells',1),(314,16,'WGB','West Grand Bahama',1),(315,17,'CAP','Capital',1),(316,17,'CEN','Central',1),(317,17,'MUH','Muharraq',1),(318,17,'NOR','Northern',1),(319,17,'SOU','Southern',1),(320,18,'BAR','Barisal',1),(321,18,'CHI','Chittagong',1),(322,18,'DHA','Dhaka',1),(323,18,'KHU','Khulna',1),(324,18,'RAJ','Rajshahi',1),(325,18,'SYL','Sylhet',1),(326,19,'CC','Christ Church',1),(327,19,'AND','Saint Andrew',1),(328,19,'GEO','Saint George',1),(329,19,'JAM','Saint James',1),(330,19,'JOH','Saint John',1),(331,19,'JOS','Saint Joseph',1),(332,19,'LUC','Saint Lucy',1),(333,19,'MIC','Saint Michael',1),(334,19,'PET','Saint Peter',1),(335,19,'PHI','Saint Philip',1),(336,19,'THO','Saint Thomas',1),(337,20,'BR','Brestskaya (Brest)',1),(338,20,'HO','Homyel\'skaya (Homyel\')',1),(339,20,'HM','Horad Minsk',1),(340,20,'HR','Hrodzyenskaya (Hrodna)',1),(341,20,'MA','Mahilyowskaya (Mahilyow)',1),(342,20,'MI','Minskaya',1),(343,20,'VI','Vitsyebskaya (Vitsyebsk)',1),(344,21,'VAN','Antwerpen',1),(345,21,'WBR','Brabant Wallon',1),(346,21,'WHT','Hainaut',1),(347,21,'WLG','Liege',1),(348,21,'VLI','Limburg',1),(349,21,'WLX','Luxembourg',1),(350,21,'WNA','Namur',1),(351,21,'VOV','Oost-Vlaanderen',1),(352,21,'VBR','Vlaams Brabant',1),(353,21,'VWV','West-Vlaanderen',1),(354,22,'BZ','Belize',1),(355,22,'CY','Cayo',1),(356,22,'CR','Corozal',1),(357,22,'OW','Orange Walk',1),(358,22,'SC','Stann Creek',1),(359,22,'TO','Toledo',1),(360,23,'AL','Alibori',1),(361,23,'AK','Atakora',1),(362,23,'AQ','Atlantique',1),(363,23,'BO','Borgou',1),(364,23,'CO','Collines',1),(365,23,'DO','Donga',1),(366,23,'KO','Kouffo',1),(367,23,'LI','Littoral',1),(368,23,'MO','Mono',1),(369,23,'OU','Oueme',1),(370,23,'PL','Plateau',1),(371,23,'ZO','Zou',1),(372,24,'DS','Devonshire',1),(373,24,'HC','Hamilton City',1),(374,24,'HA','Hamilton',1),(375,24,'PG','Paget',1),(376,24,'PB','Pembroke',1),(377,24,'GC','Saint George City',1),(378,24,'SG','Saint George\'s',1),(379,24,'SA','Sandys',1),(380,24,'SM','Smith\'s',1),(381,24,'SH','Southampton',1),(382,24,'WA','Warwick',1),(383,25,'BUM','Bumthang',1),(384,25,'CHU','Chukha',1),(385,25,'DAG','Dagana',1),(386,25,'GAS','Gasa',1),(387,25,'HAA','Haa',1),(388,25,'LHU','Lhuntse',1),(389,25,'MON','Mongar',1),(390,25,'PAR','Paro',1),(391,25,'PEM','Pemagatshel',1),(392,25,'PUN','Punakha',1),(393,25,'SJO','Samdrup Jongkhar',1),(394,25,'SAT','Samtse',1),(395,25,'SAR','Sarpang',1),(396,25,'THI','Thimphu',1),(397,25,'TRG','Trashigang',1),(398,25,'TRY','Trashiyangste',1),(399,25,'TRO','Trongsa',1),(400,25,'TSI','Tsirang',1),(401,25,'WPH','Wangdue Phodrang',1),(402,25,'ZHE','Zhemgang',1),(403,26,'BEN','Beni',1),(404,26,'CHU','Chuquisaca',1),(405,26,'COC','Cochabamba',1),(406,26,'LPZ','La Paz',1),(407,26,'ORU','Oruro',1),(408,26,'PAN','Pando',1),(409,26,'POT','Potosi',1),(410,26,'SCZ','Santa Cruz',1),(411,26,'TAR','Tarija',1),(412,27,'BRO','Brcko district',1),(413,27,'FUS','Unsko-Sanski Kanton',1),(414,27,'FPO','Posavski Kanton',1),(415,27,'FTU','Tuzlanski Kanton',1),(416,27,'FZE','Zenicko-Dobojski Kanton',1),(417,27,'FBP','Bosanskopodrinjski Kanton',1),(418,27,'FSB','Srednjebosanski Kanton',1),(419,27,'FHN','Hercegovacko-neretvanski Kanton',1),(420,27,'FZH','Zapadnohercegovacka Zupanija',1),(421,27,'FSA','Kanton Sarajevo',1),(422,27,'FZA','Zapadnobosanska',1),(423,27,'SBL','Banja Luka',1),(424,27,'SDO','Doboj',1),(425,27,'SBI','Bijeljina',1),(426,27,'SVL','Vlasenica',1),(427,27,'SSR','Sarajevo-Romanija or Sokolac',1),(428,27,'SFO','Foca',1),(429,27,'STR','Trebinje',1),(430,28,'CE','Central',1),(431,28,'GH','Ghanzi',1),(432,28,'KD','Kgalagadi',1),(433,28,'KT','Kgatleng',1),(434,28,'KW','Kweneng',1),(435,28,'NG','Ngamiland',1),(436,28,'NE','North East',1),(437,28,'NW','North West',1),(438,28,'SE','South East',1),(439,28,'SO','Southern',1),(440,30,'AC','Acre',1),(441,30,'AL','Alagoas',1),(442,30,'AP','Amapa',1),(443,30,'AM','Amazonas',1),(444,30,'BA','Bahia',1),(445,30,'CE','Ceara',1),(446,30,'DF','Distrito Federal',1),(447,30,'ES','Espirito Santo',1),(448,30,'GO','Goias',1),(449,30,'MA','Maranhao',1),(450,30,'MT','Mato Grosso',1),(451,30,'MS','Mato Grosso do Sul',1),(452,30,'MG','Minas Gerais',1),(453,30,'PA','Para',1),(454,30,'PB','Paraiba',1),(455,30,'PR','Parana',1),(456,30,'PE','Pernambuco',1),(457,30,'PI','Piaui',1),(458,30,'RJ','Rio de Janeiro',1),(459,30,'RN','Rio Grande do Norte',1),(460,30,'RS','Rio Grande do Sul',1),(461,30,'RO','Rondonia',1),(462,30,'RR','Roraima',1),(463,30,'SC','Santa Catarina',1),(464,30,'SP','Sao Paulo',1),(465,30,'SE','Sergipe',1),(466,30,'TO','Tocantins',1),(467,31,'PB','Peros Banhos',1),(468,31,'SI','Salomon Islands',1),(469,31,'NI','Nelsons Island',1),(470,31,'TB','Three Brothers',1),(471,31,'EA','Eagle Islands',1),(472,31,'DI','Danger Island',1),(473,31,'EG','Egmont Islands',1),(474,31,'DG','Diego Garcia',1),(475,32,'BEL','Belait',1),(476,32,'BRM','Brunei and Muara',1),(477,32,'TEM','Temburong',1),(478,32,'TUT','Tutong',1),(479,33,'','Blagoevgrad',1),(480,33,'','Burgas',1),(481,33,'','Dobrich',1),(482,33,'','Gabrovo',1),(483,33,'','Haskovo',1),(484,33,'','Kardjali',1),(485,33,'','Kyustendil',1),(486,33,'','Lovech',1),(487,33,'','Montana',1),(488,33,'','Pazardjik',1),(489,33,'','Pernik',1),(490,33,'','Pleven',1),(491,33,'','Plovdiv',1),(492,33,'','Razgrad',1),(493,33,'','Shumen',1),(494,33,'','Silistra',1),(495,33,'','Sliven',1),(496,33,'','Smolyan',1),(497,33,'','Sofia',1),(498,33,'','Sofia - town',1),(499,33,'','Stara Zagora',1),(500,33,'','Targovishte',1),(501,33,'','Varna',1),(502,33,'','Veliko Tarnovo',1),(503,33,'','Vidin',1),(504,33,'','Vratza',1),(505,33,'','Yambol',1),(506,34,'BAL','Bale',1),(507,34,'BAM','Bam',1),(508,34,'BAN','Banwa',1),(509,34,'BAZ','Bazega',1),(510,34,'BOR','Bougouriba',1),(511,34,'BLG','Boulgou',1),(512,34,'BOK','Boulkiemde',1),(513,34,'COM','Comoe',1),(514,34,'GAN','Ganzourgou',1),(515,34,'GNA','Gnagna',1),(516,34,'GOU','Gourma',1),(517,34,'HOU','Houet',1),(518,34,'IOA','Ioba',1),(519,34,'KAD','Kadiogo',1),(520,34,'KEN','Kenedougou',1),(521,34,'KOD','Komondjari',1),(522,34,'KOP','Kompienga',1),(523,34,'KOS','Kossi',1),(524,34,'KOL','Koulpelogo',1),(525,34,'KOT','Kouritenga',1),(526,34,'KOW','Kourweogo',1),(527,34,'LER','Leraba',1),(528,34,'LOR','Loroum',1),(529,34,'MOU','Mouhoun',1),(530,34,'NAH','Nahouri',1),(531,34,'NAM','Namentenga',1),(532,34,'NAY','Nayala',1),(533,34,'NOU','Noumbiel',1),(534,34,'OUB','Oubritenga',1),(535,34,'OUD','Oudalan',1),(536,34,'PAS','Passore',1),(537,34,'PON','Poni',1),(538,34,'SAG','Sanguie',1),(539,34,'SAM','Sanmatenga',1),(540,34,'SEN','Seno',1),(541,34,'SIS','Sissili',1),(542,34,'SOM','Soum',1),(543,34,'SOR','Sourou',1),(544,34,'TAP','Tapoa',1),(545,34,'TUY','Tuy',1),(546,34,'YAG','Yagha',1),(547,34,'YAT','Yatenga',1),(548,34,'ZIR','Ziro',1),(549,34,'ZOD','Zondoma',1),(550,34,'ZOW','Zoundweogo',1),(551,35,'BB','Bubanza',1),(552,35,'BJ','Bujumbura',1),(553,35,'BR','Bururi',1),(554,35,'CA','Cankuzo',1),(555,35,'CI','Cibitoke',1),(556,35,'GI','Gitega',1),(557,35,'KR','Karuzi',1),(558,35,'KY','Kayanza',1),(559,35,'KI','Kirundo',1),(560,35,'MA','Makamba',1),(561,35,'MU','Muramvya',1),(562,35,'MY','Muyinga',1),(563,35,'MW','Mwaro',1),(564,35,'NG','Ngozi',1),(565,35,'RT','Rutana',1),(566,35,'RY','Ruyigi',1),(567,36,'PP','Phnom Penh',1),(568,36,'PS','Preah Seihanu (Kompong Som or Sihanoukville)',1),(569,36,'PA','Pailin',1),(570,36,'KB','Keb',1),(571,36,'BM','Banteay Meanchey',1),(572,36,'BA','Battambang',1),(573,36,'KM','Kampong Cham',1),(574,36,'KN','Kampong Chhnang',1),(575,36,'KU','Kampong Speu',1),(576,36,'KO','Kampong Som',1),(577,36,'KT','Kampong Thom',1),(578,36,'KP','Kampot',1),(579,36,'KL','Kandal',1),(580,36,'KK','Kaoh Kong',1),(581,36,'KR','Kratie',1),(582,36,'MK','Mondul Kiri',1),(583,36,'OM','Oddar Meancheay',1),(584,36,'PU','Pursat',1),(585,36,'PR','Preah Vihear',1),(586,36,'PG','Prey Veng',1),(587,36,'RK','Ratanak Kiri',1),(588,36,'SI','Siemreap',1),(589,36,'ST','Stung Treng',1),(590,36,'SR','Svay Rieng',1),(591,36,'TK','Takeo',1),(592,37,'ADA','Adamawa (Adamaoua)',1),(593,37,'CEN','Centre',1),(594,37,'EST','East (Est)',1),(595,37,'EXN','Extreme North (Extreme-Nord)',1),(596,37,'LIT','Littoral',1),(597,37,'NOR','North (Nord)',1),(598,37,'NOT','Northwest (Nord-Ouest)',1),(599,37,'OUE','West (Ouest)',1),(600,37,'SUD','South (Sud)',1),(601,37,'SOU','Southwest (Sud-Ouest).',1),(602,38,'AB','Alberta',1),(603,38,'BC','British Columbia',1),(604,38,'MB','Manitoba',1),(605,38,'NB','New Brunswick',1),(606,38,'NL','Newfoundland and Labrador',1),(607,38,'NT','Northwest Territories',1),(608,38,'NS','Nova Scotia',1),(609,38,'NU','Nunavut',1),(610,38,'ON','Ontario',1),(611,38,'PE','Prince Edward Island',1),(612,38,'QC','Qu&eacute;bec',1),(613,38,'SK','Saskatchewan',1),(614,38,'YT','Yukon Territory',1),(615,39,'BV','Boa Vista',1),(616,39,'BR','Brava',1),(617,39,'CS','Calheta de Sao Miguel',1),(618,39,'MA','Maio',1),(619,39,'MO','Mosteiros',1),(620,39,'PA','Paul',1),(621,39,'PN','Porto Novo',1),(622,39,'PR','Praia',1),(623,39,'RG','Ribeira Grande',1),(624,39,'SL','Sal',1),(625,39,'CA','Santa Catarina',1),(626,39,'CR','Santa Cruz',1),(627,39,'SD','Sao Domingos',1),(628,39,'SF','Sao Filipe',1),(629,39,'SN','Sao Nicolau',1),(630,39,'SV','Sao Vicente',1),(631,39,'TA','Tarrafal',1),(632,40,'CR','Creek',1),(633,40,'EA','Eastern',1),(634,40,'ML','Midland',1),(635,40,'ST','South Town',1),(636,40,'SP','Spot Bay',1),(637,40,'SK','Stake Bay',1),(638,40,'WD','West End',1),(639,40,'WN','Western',1),(640,41,'BBA','Bamingui-Bangoran',1),(641,41,'BKO','Basse-Kotto',1),(642,41,'HKO','Haute-Kotto',1),(643,41,'HMB','Haut-Mbomou',1),(644,41,'KEM','Kemo',1),(645,41,'LOB','Lobaye',1),(646,41,'MKD','Mambere-KadeÔ',1),(647,41,'MBO','Mbomou',1),(648,41,'NMM','Nana-Mambere',1),(649,41,'OMP','Ombella-M\'Poko',1),(650,41,'OUK','Ouaka',1),(651,41,'OUH','Ouham',1),(652,41,'OPE','Ouham-Pende',1),(653,41,'VAK','Vakaga',1),(654,41,'NGR','Nana-Grebizi',1),(655,41,'SMB','Sangha-Mbaere',1),(656,41,'BAN','Bangui',1),(657,42,'BA','Batha',1),(658,42,'BI','Biltine',1),(659,42,'BE','Borkou-Ennedi-Tibesti',1),(660,42,'CB','Chari-Baguirmi',1),(661,42,'GU','Guera',1),(662,42,'KA','Kanem',1),(663,42,'LA','Lac',1),(664,42,'LC','Logone Occidental',1),(665,42,'LR','Logone Oriental',1),(666,42,'MK','Mayo-Kebbi',1),(667,42,'MC','Moyen-Chari',1),(668,42,'OU','Ouaddai',1),(669,42,'SA','Salamat',1),(670,42,'TA','Tandjile',1),(671,43,'AI','Aisen del General Carlos Ibanez',1),(672,43,'AN','Antofagasta',1),(673,43,'AR','Araucania',1),(674,43,'AT','Atacama',1),(675,43,'BI','Bio-Bio',1),(676,43,'CO','Coquimbo',1),(677,43,'LI','Libertador General Bernardo O\'Hi',1),(678,43,'LL','Los Lagos',1),(679,43,'MA','Magallanes y de la Antartica Chi',1),(680,43,'ML','Maule',1),(681,43,'RM','Region Metropolitana',1),(682,43,'TA','Tarapaca',1),(683,43,'VS','Valparaiso',1),(684,44,'AN','Anhui',1),(685,44,'BE','Beijing',1),(686,44,'CH','Chongqing',1),(687,44,'FU','Fujian',1),(688,44,'GA','Gansu',1),(689,44,'GU','Guangdong',1),(690,44,'GX','Guangxi',1),(691,44,'GZ','Guizhou',1),(692,44,'HA','Hainan',1),(693,44,'HB','Hebei',1),(694,44,'HL','Heilongjiang',1),(695,44,'HE','Henan',1),(696,44,'HK','Hong Kong',1),(697,44,'HU','Hubei',1),(698,44,'HN','Hunan',1),(699,44,'IM','Inner Mongolia',1),(700,44,'JI','Jiangsu',1),(701,44,'JX','Jiangxi',1),(702,44,'JL','Jilin',1),(703,44,'LI','Liaoning',1),(704,44,'MA','Macau',1),(705,44,'NI','Ningxia',1),(706,44,'SH','Shaanxi',1),(707,44,'SA','Shandong',1),(708,44,'SG','Shanghai',1),(709,44,'SX','Shanxi',1),(710,44,'SI','Sichuan',1),(711,44,'TI','Tianjin',1),(712,44,'XI','Xinjiang',1),(713,44,'YU','Yunnan',1),(714,44,'ZH','Zhejiang',1),(715,46,'D','Direction Island',1),(716,46,'H','Home Island',1),(717,46,'O','Horsburgh Island',1),(718,46,'S','South Island',1),(719,46,'W','West Island',1),(720,47,'AMZ','Amazonas',1),(721,47,'ANT','Antioquia',1),(722,47,'ARA','Arauca',1),(723,47,'ATL','Atlantico',1),(724,47,'BDC','Bogota D.C.',1),(725,47,'BOL','Bolivar',1),(726,47,'BOY','Boyaca',1),(727,47,'CAL','Caldas',1),(728,47,'CAQ','Caqueta',1),(729,47,'CAS','Casanare',1),(730,47,'CAU','Cauca',1),(731,47,'CES','Cesar',1),(732,47,'CHO','Choco',1),(733,47,'COR','Cordoba',1),(734,47,'CAM','Cundinamarca',1),(735,47,'GNA','Guainia',1),(736,47,'GJR','Guajira',1),(737,47,'GVR','Guaviare',1),(738,47,'HUI','Huila',1),(739,47,'MAG','Magdalena',1),(740,47,'MET','Meta',1),(741,47,'NAR','Narino',1),(742,47,'NDS','Norte de Santander',1),(743,47,'PUT','Putumayo',1),(744,47,'QUI','Quindio',1),(745,47,'RIS','Risaralda',1),(746,47,'SAP','San Andres y Providencia',1),(747,47,'SAN','Santander',1),(748,47,'SUC','Sucre',1),(749,47,'TOL','Tolima',1),(750,47,'VDC','Valle del Cauca',1),(751,47,'VAU','Vaupes',1),(752,47,'VIC','Vichada',1),(753,48,'G','Grande Comore',1),(754,48,'A','Anjouan',1),(755,48,'M','Moheli',1),(756,49,'BO','Bouenza',1),(757,49,'BR','Brazzaville',1),(758,49,'CU','Cuvette',1),(759,49,'CO','Cuvette-Ouest',1),(760,49,'KO','Kouilou',1),(761,49,'LE','Lekoumou',1),(762,49,'LI','Likouala',1),(763,49,'NI','Niari',1),(764,49,'PL','Plateaux',1),(765,49,'PO','Pool',1),(766,49,'SA','Sangha',1),(767,50,'PU','Pukapuka',1),(768,50,'RK','Rakahanga',1),(769,50,'MK','Manihiki',1),(770,50,'PE','Penrhyn',1),(771,50,'NI','Nassau Island',1),(772,50,'SU','Surwarrow',1),(773,50,'PA','Palmerston',1),(774,50,'AI','Aitutaki',1),(775,50,'MA','Manuae',1),(776,50,'TA','Takutea',1),(777,50,'MT','Mitiaro',1),(778,50,'AT','Atiu',1),(779,50,'MU','Mauke',1),(780,50,'RR','Rarotonga',1),(781,50,'MG','Mangaia',1),(782,51,'AL','Alajuela',1),(783,51,'CA','Cartago',1),(784,51,'GU','Guanacaste',1),(785,51,'HE','Heredia',1),(786,51,'LI','Limon',1),(787,51,'PU','Puntarenas',1),(788,51,'SJ','San Jose',1),(789,52,'ABE','Abengourou',1),(790,52,'ABI','Abidjan',1),(791,52,'ABO','Aboisso',1),(792,52,'ADI','Adiake',1),(793,52,'ADZ','Adzope',1),(794,52,'AGB','Agboville',1),(795,52,'AGN','Agnibilekrou',1),(796,52,'ALE','Alepe',1),(797,52,'BOC','Bocanda',1),(798,52,'BAN','Bangolo',1),(799,52,'BEO','Beoumi',1),(800,52,'BIA','Biankouma',1),(801,52,'BDK','Bondoukou',1),(802,52,'BGN','Bongouanou',1),(803,52,'BFL','Bouafle',1),(804,52,'BKE','Bouake',1),(805,52,'BNA','Bouna',1),(806,52,'BDL','Boundiali',1),(807,52,'DKL','Dabakala',1),(808,52,'DBU','Dabou',1),(809,52,'DAL','Daloa',1),(810,52,'DAN','Danane',1),(811,52,'DAO','Daoukro',1),(812,52,'DIM','Dimbokro',1),(813,52,'DIV','Divo',1),(814,52,'DUE','Duekoue',1),(815,52,'FER','Ferkessedougou',1),(816,52,'GAG','Gagnoa',1),(817,52,'GBA','Grand-Bassam',1),(818,52,'GLA','Grand-Lahou',1),(819,52,'GUI','Guiglo',1),(820,52,'ISS','Issia',1),(821,52,'JAC','Jacqueville',1),(822,52,'KAT','Katiola',1),(823,52,'KOR','Korhogo',1),(824,52,'LAK','Lakota',1),(825,52,'MAN','Man',1),(826,52,'MKN','Mankono',1),(827,52,'MBA','Mbahiakro',1),(828,52,'ODI','Odienne',1),(829,52,'OUM','Oume',1),(830,52,'SAK','Sakassou',1),(831,52,'SPE','San-Pedro',1),(832,52,'SAS','Sassandra',1),(833,52,'SEG','Seguela',1),(834,52,'SIN','Sinfra',1),(835,52,'SOU','Soubre',1),(836,52,'TAB','Tabou',1),(837,52,'TAN','Tanda',1),(838,52,'TIE','Tiebissou',1),(839,52,'TIN','Tingrela',1),(840,52,'TIA','Tiassale',1),(841,52,'TBA','Touba',1),(842,52,'TLP','Toulepleu',1),(843,52,'TMD','Toumodi',1),(844,52,'VAV','Vavoua',1),(845,52,'YAM','Yamoussoukro',1),(846,52,'ZUE','Zuenoula',1),(847,53,'BB','Bjelovar-Bilogora',1),(848,53,'CZ','City of Zagreb',1),(849,53,'DN','Dubrovnik-Neretva',1),(850,53,'IS','Istra',1),(851,53,'KA','Karlovac',1),(852,53,'KK','Koprivnica-Krizevci',1),(853,53,'KZ','Krapina-Zagorje',1),(854,53,'LS','Lika-Senj',1),(855,53,'ME','Medimurje',1),(856,53,'OB','Osijek-Baranja',1),(857,53,'PS','Pozega-Slavonia',1),(858,53,'PG','Primorje-Gorski Kotar',1),(859,53,'SI','Sibenik',1),(860,53,'SM','Sisak-Moslavina',1),(861,53,'SB','Slavonski Brod-Posavina',1),(862,53,'SD','Split-Dalmatia',1),(863,53,'VA','Varazdin',1),(864,53,'VP','Virovitica-Podravina',1),(865,53,'VS','Vukovar-Srijem',1),(866,53,'ZK','Zadar-Knin',1),(867,53,'ZA','Zagreb',1),(868,54,'CA','Camaguey',1),(869,54,'CD','Ciego de Avila',1),(870,54,'CI','Cienfuegos',1),(871,54,'CH','Ciudad de La Habana',1),(872,54,'GR','Granma',1),(873,54,'GU','Guantanamo',1),(874,54,'HO','Holguin',1),(875,54,'IJ','Isla de la Juventud',1),(876,54,'LH','La Habana',1),(877,54,'LT','Las Tunas',1),(878,54,'MA','Matanzas',1),(879,54,'PR','Pinar del Rio',1),(880,54,'SS','Sancti Spiritus',1),(881,54,'SC','Santiago de Cuba',1),(882,54,'VC','Villa Clara',1),(883,55,'F','Famagusta',1),(884,55,'K','Kyrenia',1),(885,55,'A','Larnaca',1),(886,55,'I','Limassol',1),(887,55,'N','Nicosia',1),(888,55,'P','Paphos',1),(889,56,'U','Ustecky',1),(890,56,'C','Jihocesky',1),(891,56,'B','Jihomoravsky',1),(892,56,'K','Karlovarsky',1),(893,56,'H','Kralovehradecky',1),(894,56,'L','Liberecky',1),(895,56,'T','Moravskoslezsky',1),(896,56,'M','Olomoucky',1),(897,56,'E','Pardubicky',1),(898,56,'P','Plzensky',1),(899,56,'A','Praha',1),(900,56,'S','Stredocesky',1),(901,56,'J','Vysocina',1),(902,56,'Z','Zlinsky',1),(903,57,'AR','Arhus',1),(904,57,'BH','Bornholm',1),(905,57,'CO','Copenhagen',1),(906,57,'FO','Faroe Islands',1),(907,57,'FR','Frederiksborg',1),(908,57,'FY','Fyn',1),(909,57,'KO','Kobenhavn',1),(910,57,'NO','Nordjylland',1),(911,57,'RI','Ribe',1),(912,57,'RK','Ringkobing',1),(913,57,'RO','Roskilde',1),(914,57,'SO','Sonderjylland',1),(915,57,'ST','Storstrom',1),(916,57,'VK','Vejle',1),(917,57,'VJ','Vestj&aelig;lland',1),(918,57,'VB','Viborg',1),(919,58,'S','\'Ali Sabih',1),(920,58,'K','Dikhil',1),(921,58,'J','Djibouti',1),(922,58,'O','Obock',1),(923,58,'T','Tadjoura',1),(924,59,'AND','Saint Andrew Parish',1),(925,59,'DAV','Saint David Parish',1),(926,59,'GEO','Saint George Parish',1),(927,59,'JOH','Saint John Parish',1),(928,59,'JOS','Saint Joseph Parish',1),(929,59,'LUK','Saint Luke Parish',1),(930,59,'MAR','Saint Mark Parish',1),(931,59,'PAT','Saint Patrick Parish',1),(932,59,'PAU','Saint Paul Parish',1),(933,59,'PET','Saint Peter Parish',1),(934,60,'DN','Distrito Nacional',1),(935,60,'AZ','Azua',1),(936,60,'BC','Baoruco',1),(937,60,'BH','Barahona',1),(938,60,'DJ','Dajabon',1),(939,60,'DU','Duarte',1),(940,60,'EL','Elias Pina',1),(941,60,'SY','El Seybo',1),(942,60,'ET','Espaillat',1),(943,60,'HM','Hato Mayor',1),(944,60,'IN','Independencia',1),(945,60,'AL','La Altagracia',1),(946,60,'RO','La Romana',1),(947,60,'VE','La Vega',1),(948,60,'MT','Maria Trinidad Sanchez',1),(949,60,'MN','Monsenor Nouel',1),(950,60,'MC','Monte Cristi',1),(951,60,'MP','Monte Plata',1),(952,60,'PD','Pedernales',1),(953,60,'PR','Peravia (Bani)',1),(954,60,'PP','Puerto Plata',1),(955,60,'SL','Salcedo',1),(956,60,'SM','Samana',1),(957,60,'SH','Sanchez Ramirez',1),(958,60,'SC','San Cristobal',1),(959,60,'JO','San Jose de Ocoa',1),(960,60,'SJ','San Juan',1),(961,60,'PM','San Pedro de Macoris',1),(962,60,'SA','Santiago',1),(963,60,'ST','Santiago Rodriguez',1),(964,60,'SD','Santo Domingo',1),(965,60,'VA','Valverde',1),(966,61,'AL','Aileu',1),(967,61,'AN','Ainaro',1),(968,61,'BA','Baucau',1),(969,61,'BO','Bobonaro',1),(970,61,'CO','Cova Lima',1),(971,61,'DI','Dili',1),(972,61,'ER','Ermera',1),(973,61,'LA','Lautem',1),(974,61,'LI','Liquica',1),(975,61,'MT','Manatuto',1),(976,61,'MF','Manufahi',1),(977,61,'OE','Oecussi',1),(978,61,'VI','Viqueque',1),(979,62,'AZU','Azuay',1),(980,62,'BOL','Bolivar',1),(981,62,'CAN','Ca&ntilde;ar',1),(982,62,'CAR','Carchi',1),(983,62,'CHI','Chimborazo',1),(984,62,'COT','Cotopaxi',1),(985,62,'EOR','El Oro',1),(986,62,'ESM','Esmeraldas',1),(987,62,'GPS','Gal&aacute;pagos',1),(988,62,'GUA','Guayas',1),(989,62,'IMB','Imbabura',1),(990,62,'LOJ','Loja',1),(991,62,'LRO','Los Rios',1),(992,62,'MAN','Manab&iacute;',1),(993,62,'MSA','Morona Santiago',1),(994,62,'NAP','Napo',1),(995,62,'ORE','Orellana',1),(996,62,'PAS','Pastaza',1),(997,62,'PIC','Pichincha',1),(998,62,'SUC','Sucumb&iacute;os',1),(999,62,'TUN','Tungurahua',1),(1000,62,'ZCH','Zamora Chinchipe',1),(1001,63,'DHY','Ad Daqahliyah',1),(1002,63,'BAM','Al Bahr al Ahmar',1),(1003,63,'BHY','Al Buhayrah',1),(1004,63,'FYM','Al Fayyum',1),(1005,63,'GBY','Al Gharbiyah',1),(1006,63,'IDR','Al Iskandariyah',1),(1007,63,'IML','Al Isma\'iliyah',1),(1008,63,'JZH','Al Jizah',1),(1009,63,'MFY','Al Minufiyah',1),(1010,63,'MNY','Al Minya',1),(1011,63,'QHR','Al Qahirah',1),(1012,63,'QLY','Al Qalyubiyah',1),(1013,63,'WJD','Al Wadi al Jadid',1),(1014,63,'SHQ','Ash Sharqiyah',1),(1015,63,'SWY','As Suways',1),(1016,63,'ASW','Aswan',1),(1017,63,'ASY','Asyut',1),(1018,63,'BSW','Bani Suwayf',1),(1019,63,'BSD','Bur Sa\'id',1),(1020,63,'DMY','Dumyat',1),(1021,63,'JNS','Janub Sina\'',1),(1022,63,'KSH','Kafr ash Shaykh',1),(1023,63,'MAT','Matruh',1),(1024,63,'QIN','Qina',1),(1025,63,'SHS','Shamal Sina\'',1),(1026,63,'SUH','Suhaj',1),(1027,64,'AH','Ahuachapan',1),(1028,64,'CA','Cabanas',1),(1029,64,'CH','Chalatenango',1),(1030,64,'CU','Cuscatlan',1),(1031,64,'LB','La Libertad',1),(1032,64,'PZ','La Paz',1),(1033,64,'UN','La Union',1),(1034,64,'MO','Morazan',1),(1035,64,'SM','San Miguel',1),(1036,64,'SS','San Salvador',1),(1037,64,'SV','San Vicente',1),(1038,64,'SA','Santa Ana',1),(1039,64,'SO','Sonsonate',1),(1040,64,'US','Usulutan',1),(1041,65,'AN','Provincia Annobon',1),(1042,65,'BN','Provincia Bioko Norte',1),(1043,65,'BS','Provincia Bioko Sur',1),(1044,65,'CS','Provincia Centro Sur',1),(1045,65,'KN','Provincia Kie-Ntem',1),(1046,65,'LI','Provincia Litoral',1),(1047,65,'WN','Provincia Wele-Nzas',1),(1048,66,'MA','Central (Maekel)',1),(1049,66,'KE','Anseba (Keren)',1),(1050,66,'DK','Southern Red Sea (Debub-Keih-Bahri)',1),(1051,66,'SK','Northern Red Sea (Semien-Keih-Bahri)',1),(1052,66,'DE','Southern (Debub)',1),(1053,66,'BR','Gash-Barka (Barentu)',1),(1054,67,'HA','Harjumaa (Tallinn)',1),(1055,67,'HI','Hiiumaa (Kardla)',1),(1056,67,'IV','Ida-Virumaa (Johvi)',1),(1057,67,'JA','Jarvamaa (Paide)',1),(1058,67,'JO','Jogevamaa (Jogeva)',1),(1059,67,'LV','Laane-Virumaa (Rakvere)',1),(1060,67,'LA','Laanemaa (Haapsalu)',1),(1061,67,'PA','Parnumaa (Parnu)',1),(1062,67,'PO','Polvamaa (Polva)',1),(1063,67,'RA','Raplamaa (Rapla)',1),(1064,67,'SA','Saaremaa (Kuessaare)',1),(1065,67,'TA','Tartumaa (Tartu)',1),(1066,67,'VA','Valgamaa (Valga)',1),(1067,67,'VI','Viljandimaa (Viljandi)',1),(1068,67,'VO','Vorumaa (Voru)',1),(1069,68,'AF','Afar',1),(1070,68,'AH','Amhara',1),(1071,68,'BG','Benishangul-Gumaz',1),(1072,68,'GB','Gambela',1),(1073,68,'HR','Hariai',1),(1074,68,'OR','Oromia',1),(1075,68,'SM','Somali',1),(1076,68,'SN','Southern Nations - Nationalities and Peoples Region',1),(1077,68,'TG','Tigray',1),(1078,68,'AA','Addis Ababa',1),(1079,68,'DD','Dire Dawa',1),(1080,71,'C','Central Division',1),(1081,71,'N','Northern Division',1),(1082,71,'E','Eastern Division',1),(1083,71,'W','Western Division',1),(1084,71,'R','Rotuma',1),(1085,72,'AL','Ahvenanmaan Laani',1),(1086,72,'ES','Etela-Suomen Laani',1),(1087,72,'IS','Ita-Suomen Laani',1),(1088,72,'LS','Lansi-Suomen Laani',1),(1089,72,'LA','Lapin Lanani',1),(1090,72,'OU','Oulun Laani',1),(1091,73,'AL','Alsace',1),(1092,73,'AQ','Aquitaine',1),(1093,73,'AU','Auvergne',1),(1094,73,'BR','Brittany',1),(1095,73,'BU','Burgundy',1),(1096,73,'CE','Center Loire Valley',1),(1097,73,'CH','Champagne',1),(1098,73,'CO','Corse',1),(1099,73,'FR','France Comte',1),(1100,73,'LA','Languedoc Roussillon',1),(1101,73,'LI','Limousin',1),(1102,73,'LO','Lorraine',1),(1103,73,'MI','Midi Pyrenees',1),(1104,73,'NO','Nord Pas de Calais',1),(1105,73,'NR','Normandy',1),(1106,73,'PA','Paris / Ill de France',1),(1107,73,'PI','Picardie',1),(1108,73,'PO','Poitou Charente',1),(1109,73,'PR','Provence',1),(1110,73,'RH','Rhone Alps',1),(1111,73,'RI','Riviera',1),(1112,73,'WE','Western Loire Valley',1),(1113,74,'Et','Etranger',1),(1114,74,'01','Ain',1),(1115,74,'02','Aisne',1),(1116,74,'03','Allier',1),(1117,74,'04','Alpes de Haute Provence',1),(1118,74,'05','Hautes-Alpes',1),(1119,74,'06','Alpes Maritimes',1),(1120,74,'07','Ard&egrave;che',1),(1121,74,'08','Ardennes',1),(1122,74,'09','Ari&egrave;ge',1),(1123,74,'10','Aube',1),(1124,74,'11','Aude',1),(1125,74,'12','Aveyron',1),(1126,74,'13','Bouches du Rh&ocirc;ne',1),(1127,74,'14','Calvados',1),(1128,74,'15','Cantal',1),(1129,74,'16','Charente',1),(1130,74,'17','Charente Maritime',1),(1131,74,'18','Cher',1),(1132,74,'19','Corr&egrave;ze',1),(1133,74,'2A','Corse du Sud',1),(1134,74,'2B','Haute Corse',1),(1135,74,'21','C&ocirc;te d&#039;or',1),(1136,74,'22','C&ocirc;tes d&#039;Armor',1),(1137,74,'23','Creuse',1),(1138,74,'24','Dordogne',1),(1139,74,'25','Doubs',1),(1140,74,'26','Dr&ocirc;me',1),(1141,74,'27','Eure',1),(1142,74,'28','Eure et Loir',1),(1143,74,'29','Finist&egrave;re',1),(1144,74,'30','Gard',1),(1145,74,'31','Haute Garonne',1),(1146,74,'32','Gers',1),(1147,74,'33','Gironde',1),(1148,74,'34','H&eacute;rault',1),(1149,74,'35','Ille et Vilaine',1),(1150,74,'36','Indre',1),(1151,74,'37','Indre et Loire',1),(1152,74,'38','Is&eacute;re',1),(1153,74,'39','Jura',1),(1154,74,'40','Landes',1),(1155,74,'41','Loir et Cher',1),(1156,74,'42','Loire',1),(1157,74,'43','Haute Loire',1),(1158,74,'44','Loire Atlantique',1),(1159,74,'45','Loiret',1),(1160,74,'46','Lot',1),(1161,74,'47','Lot et Garonne',1),(1162,74,'48','Loz&egrave;re',1),(1163,74,'49','Maine et Loire',1),(1164,74,'50','Manche',1),(1165,74,'51','Marne',1),(1166,74,'52','Haute Marne',1),(1167,74,'53','Mayenne',1),(1168,74,'54','Meurthe et Moselle',1),(1169,74,'55','Meuse',1),(1170,74,'56','Morbihan',1),(1171,74,'57','Moselle',1),(1172,74,'58','Ni&egrave;vre',1),(1173,74,'59','Nord',1),(1174,74,'60','Oise',1),(1175,74,'61','Orne',1),(1176,74,'62','Pas de Calais',1),(1177,74,'63','Puy de D&ocirc;me',1),(1178,74,'64','Pyr&eacute;n&eacute;es Atlantiques',1),(1179,74,'65','Hautes Pyr&eacute;n&eacute;es',1),(1180,74,'66','Pyr&eacute;n&eacute;es Orientales',1),(1181,74,'67','Bas Rhin',1),(1182,74,'68','Haut Rhin',1),(1183,74,'69','Rh&ocirc;ne',1),(1184,74,'70','Haute Sa&ocirc;ne',1),(1185,74,'71','Sa&ocirc;ne et Loire',1),(1186,74,'72','Sarthe',1),(1187,74,'73','Savoie',1),(1188,74,'74','Haute Savoie',1),(1189,74,'75','Paris',1),(1190,74,'76','Seine Maritime',1),(1191,74,'77','Seine et Marne',1),(1192,74,'78','Yvelines',1),(1193,74,'79','Deux S&egrave;vres',1),(1194,74,'80','Somme',1),(1195,74,'81','Tarn',1),(1196,74,'82','Tarn et Garonne',1),(1197,74,'83','Var',1),(1198,74,'84','Vaucluse',1),(1199,74,'85','Vend&eacute;e',1),(1200,74,'86','Vienne',1),(1201,74,'87','Haute Vienne',1),(1202,74,'88','Vosges',1),(1203,74,'89','Yonne',1),(1204,74,'90','Territoire de Belfort',1),(1205,74,'91','Essonne',1),(1206,74,'92','Hauts de Seine',1),(1207,74,'93','Seine St-Denis',1),(1208,74,'94','Val de Marne',1),(1209,74,'95','Val d\'Oise',1),(1210,76,'M','Archipel des Marquises',1),(1211,76,'T','Archipel des Tuamotu',1),(1212,76,'I','Archipel des Tubuai',1),(1213,76,'V','Iles du Vent',1),(1214,76,'S','Iles Sous-le-Vent',1),(1215,77,'C','Iles Crozet',1),(1216,77,'K','Iles Kerguelen',1),(1217,77,'A','Ile Amsterdam',1),(1218,77,'P','Ile Saint-Paul',1),(1219,77,'D','Adelie Land',1),(1220,78,'ES','Estuaire',1),(1221,78,'HO','Haut-Ogooue',1),(1222,78,'MO','Moyen-Ogooue',1),(1223,78,'NG','Ngounie',1),(1224,78,'NY','Nyanga',1),(1225,78,'OI','Ogooue-Ivindo',1),(1226,78,'OL','Ogooue-Lolo',1),(1227,78,'OM','Ogooue-Maritime',1),(1228,78,'WN','Woleu-Ntem',1),(1229,79,'BJ','Banjul',1),(1230,79,'BS','Basse',1),(1231,79,'BR','Brikama',1),(1232,79,'JA','Janjangbure',1),(1233,79,'KA','Kanifeng',1),(1234,79,'KE','Kerewan',1),(1235,79,'KU','Kuntaur',1),(1236,79,'MA','Mansakonko',1),(1237,79,'LR','Lower River',1),(1238,79,'CR','Central River',1),(1239,79,'NB','North Bank',1),(1240,79,'UR','Upper River',1),(1241,79,'WE','Western',1),(1242,80,'AB','Abkhazia',1),(1243,80,'AJ','Ajaria',1),(1244,80,'TB','Tbilisi',1),(1245,80,'GU','Guria',1),(1246,80,'IM','Imereti',1),(1247,80,'KA','Kakheti',1),(1248,80,'KK','Kvemo Kartli',1),(1249,80,'MM','Mtskheta-Mtianeti',1),(1250,80,'RL','Racha Lechkhumi and Kvemo Svanet',1),(1251,80,'SZ','Samegrelo-Zemo Svaneti',1),(1252,80,'SJ','Samtskhe-Javakheti',1),(1253,80,'SK','Shida Kartli',1),(1254,81,'BAW','Baden-W&uuml;rttemberg',1),(1255,81,'BAY','Bayern',1),(1256,81,'BER','Berlin',1),(1257,81,'BRG','Brandenburg',1),(1258,81,'BRE','Bremen',1),(1259,81,'HAM','Hamburg',1),(1260,81,'HES','Hessen',1),(1261,81,'MEC','Mecklenburg-Vorpommern',1),(1262,81,'NDS','Niedersachsen',1),(1263,81,'NRW','Nordrhein-Westfalen',1),(1264,81,'RHE','Rheinland-Pfalz',1),(1265,81,'SAR','Saarland',1),(1266,81,'SAS','Sachsen',1),(1267,81,'SAC','Sachsen-Anhalt',1),(1268,81,'SCN','Schleswig-Holstein',1),(1269,81,'THE','Th&uuml;ringen',1),(1270,82,'AS','Ashanti Region',1),(1271,82,'BA','Brong-Ahafo Region',1),(1272,82,'CE','Central Region',1),(1273,82,'EA','Eastern Region',1),(1274,82,'GA','Greater Accra Region',1),(1275,82,'NO','Northern Region',1),(1276,82,'UE','Upper East Region',1),(1277,82,'UW','Upper West Region',1),(1278,82,'VO','Volta Region',1),(1279,82,'WE','Western Region',1),(1280,84,'AT','Attica',1),(1281,84,'CN','Central Greece',1),(1282,84,'CM','Central Macedonia',1),(1283,84,'CR','Crete',1),(1284,84,'EM','East Macedonia and Thrace',1),(1285,84,'EP','Epirus',1),(1286,84,'II','Ionian Islands',1),(1287,84,'NA','North Aegean',1),(1288,84,'PP','Peloponnesos',1),(1289,84,'SA','South Aegean',1),(1290,84,'TH','Thessaly',1),(1291,84,'WG','West Greece',1),(1292,84,'WM','West Macedonia',1),(1293,85,'A','Avannaa',1),(1294,85,'T','Tunu',1),(1295,85,'K','Kitaa',1),(1296,86,'A','Saint Andrew',1),(1297,86,'D','Saint David',1),(1298,86,'G','Saint George',1),(1299,86,'J','Saint John',1),(1300,86,'M','Saint Mark',1),(1301,86,'P','Saint Patrick',1),(1302,86,'C','Carriacou',1),(1303,86,'Q','Petit Martinique',1),(1304,89,'AV','Alta Verapaz',1),(1305,89,'BV','Baja Verapaz',1),(1306,89,'CM','Chimaltenango',1),(1307,89,'CQ','Chiquimula',1),(1308,89,'PE','El Peten',1),(1309,89,'PR','El Progreso',1),(1310,89,'QC','El Quiche',1),(1311,89,'ES','Escuintla',1),(1312,89,'GU','Guatemala',1),(1313,89,'HU','Huehuetenango',1),(1314,89,'IZ','Izabal',1),(1315,89,'JA','Jalapa',1),(1316,89,'JU','Jutiapa',1),(1317,89,'QZ','Quetzaltenango',1),(1318,89,'RE','Retalhuleu',1),(1319,89,'ST','Sacatepequez',1),(1320,89,'SM','San Marcos',1),(1321,89,'SR','Santa Rosa',1),(1322,89,'SO','Solola',1),(1323,89,'SU','Suchitepequez',1),(1324,89,'TO','Totonicapan',1),(1325,89,'ZA','Zacapa',1),(1326,90,'CNK','Conakry',1),(1327,90,'BYL','Beyla',1),(1328,90,'BFA','Boffa',1),(1329,90,'BOK','Boke',1),(1330,90,'COY','Coyah',1),(1331,90,'DBL','Dabola',1),(1332,90,'DLB','Dalaba',1),(1333,90,'DGR','Dinguiraye',1),(1334,90,'DBR','Dubreka',1),(1335,90,'FRN','Faranah',1),(1336,90,'FRC','Forecariah',1),(1337,90,'FRI','Fria',1),(1338,90,'GAO','Gaoual',1),(1339,90,'GCD','Gueckedou',1),(1340,90,'KNK','Kankan',1),(1341,90,'KRN','Kerouane',1),(1342,90,'KND','Kindia',1),(1343,90,'KSD','Kissidougou',1),(1344,90,'KBA','Koubia',1),(1345,90,'KDA','Koundara',1),(1346,90,'KRA','Kouroussa',1),(1347,90,'LAB','Labe',1),(1348,90,'LLM','Lelouma',1),(1349,90,'LOL','Lola',1),(1350,90,'MCT','Macenta',1),(1351,90,'MAL','Mali',1),(1352,90,'MAM','Mamou',1),(1353,90,'MAN','Mandiana',1),(1354,90,'NZR','Nzerekore',1),(1355,90,'PIT','Pita',1),(1356,90,'SIG','Siguiri',1),(1357,90,'TLM','Telimele',1),(1358,90,'TOG','Tougue',1),(1359,90,'YOM','Yomou',1),(1360,91,'BF','Bafata Region',1),(1361,91,'BB','Biombo Region',1),(1362,91,'BS','Bissau Region',1),(1363,91,'BL','Bolama Region',1),(1364,91,'CA','Cacheu Region',1),(1365,91,'GA','Gabu Region',1),(1366,91,'OI','Oio Region',1),(1367,91,'QU','Quinara Region',1),(1368,91,'TO','Tombali Region',1),(1369,92,'BW','Barima-Waini',1),(1370,92,'CM','Cuyuni-Mazaruni',1),(1371,92,'DM','Demerara-Mahaica',1),(1372,92,'EC','East Berbice-Corentyne',1),(1373,92,'EW','Essequibo Islands-West Demerara',1),(1374,92,'MB','Mahaica-Berbice',1),(1375,92,'PM','Pomeroon-Supenaam',1),(1376,92,'PI','Potaro-Siparuni',1),(1377,92,'UD','Upper Demerara-Berbice',1),(1378,92,'UT','Upper Takutu-Upper Essequibo',1),(1379,93,'AR','Artibonite',1),(1380,93,'CE','Centre',1),(1381,93,'GA','Grand\'Anse',1),(1382,93,'ND','Nord',1),(1383,93,'NE','Nord-Est',1),(1384,93,'NO','Nord-Ouest',1),(1385,93,'OU','Ouest',1),(1386,93,'SD','Sud',1),(1387,93,'SE','Sud-Est',1),(1388,94,'F','Flat Island',1),(1389,94,'M','McDonald Island',1),(1390,94,'S','Shag Island',1),(1391,94,'H','Heard Island',1),(1392,95,'AT','Atlantida',1),(1393,95,'CH','Choluteca',1),(1394,95,'CL','Colon',1),(1395,95,'CM','Comayagua',1),(1396,95,'CP','Copan',1),(1397,95,'CR','Cortes',1),(1398,95,'PA','El Paraiso',1),(1399,95,'FM','Francisco Morazan',1),(1400,95,'GD','Gracias a Dios',1),(1401,95,'IN','Intibuca',1),(1402,95,'IB','Islas de la Bahia (Bay Islands)',1),(1403,95,'PZ','La Paz',1),(1404,95,'LE','Lempira',1),(1405,95,'OC','Ocotepeque',1),(1406,95,'OL','Olancho',1),(1407,95,'SB','Santa Barbara',1),(1408,95,'VA','Valle',1),(1409,95,'YO','Yoro',1),(1410,96,'HCW','Central and Western Hong Kong Island',1),(1411,96,'HEA','Eastern Hong Kong Island',1),(1412,96,'HSO','Southern Hong Kong Island',1),(1413,96,'HWC','Wan Chai Hong Kong Island',1),(1414,96,'KKC','Kowloon City Kowloon',1),(1415,96,'KKT','Kwun Tong Kowloon',1),(1416,96,'KSS','Sham Shui Po Kowloon',1),(1417,96,'KWT','Wong Tai Sin Kowloon',1),(1418,96,'KYT','Yau Tsim Mong Kowloon',1),(1419,96,'NIS','Islands New Territories',1),(1420,96,'NKT','Kwai Tsing New Territories',1),(1421,96,'NNO','North New Territories',1),(1422,96,'NSK','Sai Kung New Territories',1),(1423,96,'NST','Sha Tin New Territories',1),(1424,96,'NTP','Tai Po New Territories',1),(1425,96,'NTW','Tsuen Wan New Territories',1),(1426,96,'NTM','Tuen Mun New Territories',1),(1427,96,'NYL','Yuen Long New Territories',1),(1428,97,'BK','Bacs-Kiskun',1),(1429,97,'BA','Baranya',1),(1430,97,'BE','Bekes',1),(1431,97,'BS','Bekescsaba',1),(1432,97,'BZ','Borsod-Abauj-Zemplen',1),(1433,97,'BU','Budapest',1),(1434,97,'CS','Csongrad',1),(1435,97,'DE','Debrecen',1),(1436,97,'DU','Dunaujvaros',1),(1437,97,'EG','Eger',1),(1438,97,'FE','Fejer',1),(1439,97,'GY','Gyor',1),(1440,97,'GM','Gyor-Moson-Sopron',1),(1441,97,'HB','Hajdu-Bihar',1),(1442,97,'HE','Heves',1),(1443,97,'HO','Hodmezovasarhely',1),(1444,97,'JN','Jasz-Nagykun-Szolnok',1),(1445,97,'KA','Kaposvar',1),(1446,97,'KE','Kecskemet',1),(1447,97,'KO','Komarom-Esztergom',1),(1448,97,'MI','Miskolc',1),(1449,97,'NA','Nagykanizsa',1),(1450,97,'NO','Nograd',1),(1451,97,'NY','Nyiregyhaza',1),(1452,97,'PE','Pecs',1),(1453,97,'PS','Pest',1),(1454,97,'SO','Somogy',1),(1455,97,'SP','Sopron',1),(1456,97,'SS','Szabolcs-Szatmar-Bereg',1),(1457,97,'SZ','Szeged',1),(1458,97,'SE','Szekesfehervar',1),(1459,97,'SL','Szolnok',1),(1460,97,'SM','Szombathely',1),(1461,97,'TA','Tatabanya',1),(1462,97,'TO','Tolna',1),(1463,97,'VA','Vas',1),(1464,97,'VE','Veszprem',1),(1465,97,'ZA','Zala',1),(1466,97,'ZZ','Zalaegerszeg',1),(1467,98,'AL','Austurland',1),(1468,98,'HF','Hofuoborgarsvaeoi',1),(1469,98,'NE','Norourland eystra',1),(1470,98,'NV','Norourland vestra',1),(1471,98,'SL','Suourland',1),(1472,98,'SN','Suournes',1),(1473,98,'VF','Vestfiroir',1),(1474,98,'VL','Vesturland',1),(1475,99,'AN','Andaman and Nicobar Islands',1),(1476,99,'AP','Andhra Pradesh',1),(1477,99,'AR','Arunachal Pradesh',1),(1478,99,'AS','Assam',1),(1479,99,'BI','Bihar',1),(1480,99,'CH','Chandigarh',1),(1481,99,'DA','Dadra and Nagar Haveli',1),(1482,99,'DM','Daman and Diu',1),(1483,99,'DE','Delhi',1),(1484,99,'GO','Goa',1),(1485,99,'GU','Gujarat',1),(1486,99,'HA','Haryana',1),(1487,99,'HP','Himachal Pradesh',1),(1488,99,'JA','Jammu and Kashmir',1),(1489,99,'KA','Karnataka',1),(1490,99,'KE','Kerala',1),(1491,99,'LI','Lakshadweep Islands',1),(1492,99,'MP','Madhya Pradesh',1),(1493,99,'MA','Maharashtra',1),(1494,99,'MN','Manipur',1),(1495,99,'ME','Meghalaya',1),(1496,99,'MI','Mizoram',1),(1497,99,'NA','Nagaland',1),(1498,99,'OR','Orissa',1),(1499,99,'PO','Pondicherry',1),(1500,99,'PU','Punjab',1),(1501,99,'RA','Rajasthan',1),(1502,99,'SI','Sikkim',1),(1503,99,'TN','Tamil Nadu',1),(1504,99,'TR','Tripura',1),(1505,99,'UP','Uttar Pradesh',1),(1506,99,'WB','West Bengal',1),(1507,100,'AC','Aceh',1),(1508,100,'BA','Bali',1),(1509,100,'BT','Banten',1),(1510,100,'BE','Bengkulu',1),(1511,100,'BD','BoDeTaBek',1),(1512,100,'GO','Gorontalo',1),(1513,100,'JK','Jakarta Raya',1),(1514,100,'JA','Jambi',1),(1515,100,'JB','Jawa Barat',1),(1516,100,'JT','Jawa Tengah',1),(1517,100,'JI','Jawa Timur',1),(1518,100,'KB','Kalimantan Barat',1),(1519,100,'KS','Kalimantan Selatan',1),(1520,100,'KT','Kalimantan Tengah',1),(1521,100,'KI','Kalimantan Timur',1),(1522,100,'BB','Kepulauan Bangka Belitung',1),(1523,100,'LA','Lampung',1),(1524,100,'MA','Maluku',1),(1525,100,'MU','Maluku Utara',1),(1526,100,'NB','Nusa Tenggara Barat',1),(1527,100,'NT','Nusa Tenggara Timur',1),(1528,100,'PA','Papua',1),(1529,100,'RI','Riau',1),(1530,100,'SN','Sulawesi Selatan',1),(1531,100,'ST','Sulawesi Tengah',1),(1532,100,'SG','Sulawesi Tenggara',1),(1533,100,'SA','Sulawesi Utara',1),(1534,100,'SB','Sumatera Barat',1),(1535,100,'SS','Sumatera Selatan',1),(1536,100,'SU','Sumatera Utara',1),(1537,100,'YO','Yogyakarta',1),(1538,101,'TEH','Tehran',1),(1539,101,'QOM','Qom',1),(1540,101,'MKZ','Markazi',1),(1541,101,'QAZ','Qazvin',1),(1542,101,'GIL','Gilan',1),(1543,101,'ARD','Ardabil',1),(1544,101,'ZAN','Zanjan',1),(1545,101,'EAZ','East Azarbaijan',1),(1546,101,'WEZ','West Azarbaijan',1),(1547,101,'KRD','Kurdistan',1),(1548,101,'HMD','Hamadan',1),(1549,101,'KRM','Kermanshah',1),(1550,101,'ILM','Ilam',1),(1551,101,'LRS','Lorestan',1),(1552,101,'KZT','Khuzestan',1),(1553,101,'CMB','Chahar Mahaal and Bakhtiari',1),(1554,101,'KBA','Kohkiluyeh and Buyer Ahmad',1),(1555,101,'BSH','Bushehr',1),(1556,101,'FAR','Fars',1),(1557,101,'HRM','Hormozgan',1),(1558,101,'SBL','Sistan and Baluchistan',1),(1559,101,'KRB','Kerman',1),(1560,101,'YZD','Yazd',1),(1561,101,'EFH','Esfahan',1),(1562,101,'SMN','Semnan',1),(1563,101,'MZD','Mazandaran',1),(1564,101,'GLS','Golestan',1),(1565,101,'NKH','North Khorasan',1),(1566,101,'RKH','Razavi Khorasan',1),(1567,101,'SKH','South Khorasan',1),(1568,102,'BD','Baghdad',1),(1569,102,'SD','Salah ad Din',1),(1570,102,'DY','Diyala',1),(1571,102,'WS','Wasit',1),(1572,102,'MY','Maysan',1),(1573,102,'BA','Al Basrah',1),(1574,102,'DQ','Dhi Qar',1),(1575,102,'MU','Al Muthanna',1),(1576,102,'QA','Al Qadisyah',1),(1577,102,'BB','Babil',1),(1578,102,'KB','Al Karbala',1),(1579,102,'NJ','An Najaf',1),(1580,102,'AB','Al Anbar',1),(1581,102,'NN','Ninawa',1),(1582,102,'DH','Dahuk',1),(1583,102,'AL','Arbil',1),(1584,102,'TM','At Ta\'mim',1),(1585,102,'SL','As Sulaymaniyah',1),(1586,103,'CA','Carlow',1),(1587,103,'CV','Cavan',1),(1588,103,'CL','Clare',1),(1589,103,'CO','Cork',1),(1590,103,'DO','Donegal',1),(1591,103,'DU','Dublin',1),(1592,103,'GA','Galway',1),(1593,103,'KE','Kerry',1),(1594,103,'KI','Kildare',1),(1595,103,'KL','Kilkenny',1),(1596,103,'LA','Laois',1),(1597,103,'LE','Leitrim',1),(1598,103,'LI','Limerick',1),(1599,103,'LO','Longford',1),(1600,103,'LU','Louth',1),(1601,103,'MA','Mayo',1),(1602,103,'ME','Meath',1),(1603,103,'MO','Monaghan',1),(1604,103,'OF','Offaly',1),(1605,103,'RO','Roscommon',1),(1606,103,'SL','Sligo',1),(1607,103,'TI','Tipperary',1),(1608,103,'WA','Waterford',1),(1609,103,'WE','Westmeath',1),(1610,103,'WX','Wexford',1),(1611,103,'WI','Wicklow',1),(1612,104,'BS','Be\'er Sheva',1),(1613,104,'BH','Bika\'at Hayarden',1),(1614,104,'EA','Eilat and Arava',1),(1615,104,'GA','Galil',1),(1616,104,'HA','Haifa',1),(1617,104,'JM','Jehuda Mountains',1),(1618,104,'JE','Jerusalem',1),(1619,104,'NE','Negev',1),(1620,104,'SE','Semaria',1),(1621,104,'SH','Sharon',1),(1622,104,'TA','Tel Aviv (Gosh Dan)',1),(3860,105,'CL','Caltanissetta',1),(3842,105,'AG','Agrigento',1),(3843,105,'AL','Alessandria',1),(3844,105,'AN','Ancona',1),(3845,105,'AO','Aosta',1),(3846,105,'AR','Arezzo',1),(3847,105,'AP','Ascoli Piceno',1),(3848,105,'AT','Asti',1),(3849,105,'AV','Avellino',1),(3850,105,'BA','Bari',1),(3851,105,'BL','Belluno',1),(3852,105,'BN','Benevento',1),(3853,105,'BG','Bergamo',1),(3854,105,'BI','Biella',1),(3855,105,'BO','Bologna',1),(3856,105,'BZ','Bolzano',1),(3857,105,'BS','Brescia',1),(3858,105,'BR','Brindisi',1),(3859,105,'CA','Cagliari',1),(1643,106,'CLA','Clarendon Parish',1),(1644,106,'HAN','Hanover Parish',1),(1645,106,'KIN','Kingston Parish',1),(1646,106,'MAN','Manchester Parish',1),(1647,106,'POR','Portland Parish',1),(1648,106,'AND','Saint Andrew Parish',1),(1649,106,'ANN','Saint Ann Parish',1),(1650,106,'CAT','Saint Catherine Parish',1),(1651,106,'ELI','Saint Elizabeth Parish',1),(1652,106,'JAM','Saint James Parish',1),(1653,106,'MAR','Saint Mary Parish',1),(1654,106,'THO','Saint Thomas Parish',1),(1655,106,'TRL','Trelawny Parish',1),(1656,106,'WML','Westmoreland Parish',1),(1657,107,'AI','Aichi',1),(1658,107,'AK','Akita',1),(1659,107,'AO','Aomori',1),(1660,107,'CH','Chiba',1),(1661,107,'EH','Ehime',1),(1662,107,'FK','Fukui',1),(1663,107,'FU','Fukuoka',1),(1664,107,'FS','Fukushima',1),(1665,107,'GI','Gifu',1),(1666,107,'GU','Gumma',1),(1667,107,'HI','Hiroshima',1),(1668,107,'HO','Hokkaido',1),(1669,107,'HY','Hyogo',1),(1670,107,'IB','Ibaraki',1),(1671,107,'IS','Ishikawa',1),(1672,107,'IW','Iwate',1),(1673,107,'KA','Kagawa',1),(1674,107,'KG','Kagoshima',1),(1675,107,'KN','Kanagawa',1),(1676,107,'KO','Kochi',1),(1677,107,'KU','Kumamoto',1),(1678,107,'KY','Kyoto',1),(1679,107,'MI','Mie',1),(1680,107,'MY','Miyagi',1),(1681,107,'MZ','Miyazaki',1),(1682,107,'NA','Nagano',1),(1683,107,'NG','Nagasaki',1),(1684,107,'NR','Nara',1),(1685,107,'NI','Niigata',1),(1686,107,'OI','Oita',1),(1687,107,'OK','Okayama',1),(1688,107,'ON','Okinawa',1),(1689,107,'OS','Osaka',1),(1690,107,'SA','Saga',1),(1691,107,'SI','Saitama',1),(1692,107,'SH','Shiga',1),(1693,107,'SM','Shimane',1),(1694,107,'SZ','Shizuoka',1),(1695,107,'TO','Tochigi',1),(1696,107,'TS','Tokushima',1),(1697,107,'TK','Tokyo',1),(1698,107,'TT','Tottori',1),(1699,107,'TY','Toyama',1),(1700,107,'WA','Wakayama',1),(1701,107,'YA','Yamagata',1),(1702,107,'YM','Yamaguchi',1),(1703,107,'YN','Yamanashi',1),(1704,108,'AM','\'Amman',1),(1705,108,'AJ','Ajlun',1),(1706,108,'AA','Al \'Aqabah',1),(1707,108,'AB','Al Balqa\'',1),(1708,108,'AK','Al Karak',1),(1709,108,'AL','Al Mafraq',1),(1710,108,'AT','At Tafilah',1),(1711,108,'AZ','Az Zarqa\'',1),(1712,108,'IR','Irbid',1),(1713,108,'JA','Jarash',1),(1714,108,'MA','Ma\'an',1),(1715,108,'MD','Madaba',1),(1716,109,'AL','Almaty',1),(1717,109,'AC','Almaty City',1),(1718,109,'AM','Aqmola',1),(1719,109,'AQ','Aqtobe',1),(1720,109,'AS','Astana City',1),(1721,109,'AT','Atyrau',1),(1722,109,'BA','Batys Qazaqstan',1),(1723,109,'BY','Bayqongyr City',1),(1724,109,'MA','Mangghystau',1),(1725,109,'ON','Ongtustik Qazaqstan',1),(1726,109,'PA','Pavlodar',1),(1727,109,'QA','Qaraghandy',1),(1728,109,'QO','Qostanay',1),(1729,109,'QY','Qyzylorda',1),(1730,109,'SH','Shyghys Qazaqstan',1),(1731,109,'SO','Soltustik Qazaqstan',1),(1732,109,'ZH','Zhambyl',1),(1733,110,'CE','Central',1),(1734,110,'CO','Coast',1),(1735,110,'EA','Eastern',1),(1736,110,'NA','Nairobi Area',1),(1737,110,'NE','North Eastern',1),(1738,110,'NY','Nyanza',1),(1739,110,'RV','Rift Valley',1),(1740,110,'WE','Western',1),(1741,111,'AG','Abaiang',1),(1742,111,'AM','Abemama',1),(1743,111,'AK','Aranuka',1),(1744,111,'AO','Arorae',1),(1745,111,'BA','Banaba',1),(1746,111,'BE','Beru',1),(1747,111,'bT','Butaritari',1),(1748,111,'KA','Kanton',1),(1749,111,'KR','Kiritimati',1),(1750,111,'KU','Kuria',1),(1751,111,'MI','Maiana',1),(1752,111,'MN','Makin',1),(1753,111,'ME','Marakei',1),(1754,111,'NI','Nikunau',1),(1755,111,'NO','Nonouti',1),(1756,111,'ON','Onotoa',1),(1757,111,'TT','Tabiteuea',1),(1758,111,'TR','Tabuaeran',1),(1759,111,'TM','Tamana',1),(1760,111,'TW','Tarawa',1),(1761,111,'TE','Teraina',1),(1762,112,'CHA','Chagang-do',1),(1763,112,'HAB','Hamgyong-bukto',1),(1764,112,'HAN','Hamgyong-namdo',1),(1765,112,'HWB','Hwanghae-bukto',1),(1766,112,'HWN','Hwanghae-namdo',1),(1767,112,'KAN','Kangwon-do',1),(1768,112,'PYB','P\'yongan-bukto',1),(1769,112,'PYN','P\'yongan-namdo',1),(1770,112,'YAN','Ryanggang-do (Yanggang-do)',1),(1771,112,'NAJ','Rason Directly Governed City',1),(1772,112,'PYO','P\'yongyang Special City',1),(1773,113,'CO','Ch\'ungch\'ong-bukto',1),(1774,113,'CH','Ch\'ungch\'ong-namdo',1),(1775,113,'CD','Cheju-do',1),(1776,113,'CB','Cholla-bukto',1),(1777,113,'CN','Cholla-namdo',1),(1778,113,'IG','Inch\'on-gwangyoksi',1),(1779,113,'KA','Kangwon-do',1),(1780,113,'KG','Kwangju-gwangyoksi',1),(1781,113,'KD','Kyonggi-do',1),(1782,113,'KB','Kyongsang-bukto',1),(1783,113,'KN','Kyongsang-namdo',1),(1784,113,'PG','Pusan-gwangyoksi',1),(1785,113,'SO','Soul-t\'ukpyolsi',1),(1786,113,'TA','Taegu-gwangyoksi',1),(1787,113,'TG','Taejon-gwangyoksi',1),(1788,114,'AL','Al \'Asimah',1),(1789,114,'AA','Al Ahmadi',1),(1790,114,'AF','Al Farwaniyah',1),(1791,114,'AJ','Al Jahra\'',1),(1792,114,'HA','Hawalli',1),(1793,115,'GB','Bishkek',1),(1794,115,'B','Batken',1),(1795,115,'C','Chu',1),(1796,115,'J','Jalal-Abad',1),(1797,115,'N','Naryn',1),(1798,115,'O','Osh',1),(1799,115,'T','Talas',1),(1800,115,'Y','Ysyk-Kol',1),(1801,116,'VT','Vientiane',1),(1802,116,'AT','Attapu',1),(1803,116,'BK','Bokeo',1),(1804,116,'BL','Bolikhamxai',1),(1805,116,'CH','Champasak',1),(1806,116,'HO','Houaphan',1),(1807,116,'KH','Khammouan',1),(1808,116,'LM','Louang Namtha',1),(1809,116,'LP','Louangphabang',1),(1810,116,'OU','Oudomxai',1),(1811,116,'PH','Phongsali',1),(1812,116,'SL','Salavan',1),(1813,116,'SV','Savannakhet',1),(1814,116,'VI','Vientiane',1),(1815,116,'XA','Xaignabouli',1),(1816,116,'XE','Xekong',1),(1817,116,'XI','Xiangkhoang',1),(1818,116,'XN','Xaisomboun',1),(1819,117,'AIZ','Aizkraukles Rajons',1),(1820,117,'ALU','Aluksnes Rajons',1),(1821,117,'BAL','Balvu Rajons',1),(1822,117,'BAU','Bauskas Rajons',1),(1823,117,'CES','Cesu Rajons',1),(1824,117,'DGR','Daugavpils Rajons',1),(1825,117,'DOB','Dobeles Rajons',1),(1826,117,'GUL','Gulbenes Rajons',1),(1827,117,'JEK','Jekabpils Rajons',1),(1828,117,'JGR','Jelgavas Rajons',1),(1829,117,'KRA','Kraslavas Rajons',1),(1830,117,'KUL','Kuldigas Rajons',1),(1831,117,'LPR','Liepajas Rajons',1),(1832,117,'LIM','Limbazu Rajons',1),(1833,117,'LUD','Ludzas Rajons',1),(1834,117,'MAD','Madonas Rajons',1),(1835,117,'OGR','Ogres Rajons',1),(1836,117,'PRE','Preilu Rajons',1),(1837,117,'RZR','Rezeknes Rajons',1),(1838,117,'RGR','Rigas Rajons',1),(1839,117,'SAL','Saldus Rajons',1),(1840,117,'TAL','Talsu Rajons',1),(1841,117,'TUK','Tukuma Rajons',1),(1842,117,'VLK','Valkas Rajons',1),(1843,117,'VLM','Valmieras Rajons',1),(1844,117,'VSR','Ventspils Rajons',1),(1845,117,'DGV','Daugavpils',1),(1846,117,'JGV','Jelgava',1),(1847,117,'JUR','Jurmala',1),(1848,117,'LPK','Liepaja',1),(1849,117,'RZK','Rezekne',1),(1850,117,'RGA','Riga',1),(1851,117,'VSL','Ventspils',1),(1852,119,'BE','Berea',1),(1853,119,'BB','Butha-Buthe',1),(1854,119,'LE','Leribe',1),(1855,119,'MF','Mafeteng',1),(1856,119,'MS','Maseru',1),(1857,119,'MH','Mohale\'s Hoek',1),(1858,119,'MK','Mokhotlong',1),(1859,119,'QN','Qacha\'s Nek',1),(1860,119,'QT','Quthing',1),(1861,119,'TT','Thaba-Tseka',1),(1862,120,'BI','Bomi',1),(1863,120,'BG','Bong',1),(1864,120,'GB','Grand Bassa',1),(1865,120,'CM','Grand Cape Mount',1),(1866,120,'GG','Grand Gedeh',1),(1867,120,'GK','Grand Kru',1),(1868,120,'LO','Lofa',1),(1869,120,'MG','Margibi',1),(1870,120,'ML','Maryland',1),(1871,120,'MS','Montserrado',1),(1872,120,'NB','Nimba',1),(1873,120,'RC','River Cess',1),(1874,120,'SN','Sinoe',1),(1875,121,'AJ','Ajdabiya',1),(1876,121,'AZ','Al \'Aziziyah',1),(1877,121,'FA','Al Fatih',1),(1878,121,'JA','Al Jabal al Akhdar',1),(1879,121,'JU','Al Jufrah',1),(1880,121,'KH','Al Khums',1),(1881,121,'KU','Al Kufrah',1),(1882,121,'NK','An Nuqat al Khams',1),(1883,121,'AS','Ash Shati\'',1),(1884,121,'AW','Awbari',1),(1885,121,'ZA','Az Zawiyah',1),(1886,121,'BA','Banghazi',1),(1887,121,'DA','Darnah',1),(1888,121,'GD','Ghadamis',1),(1889,121,'GY','Gharyan',1),(1890,121,'MI','Misratah',1),(1891,121,'MZ','Murzuq',1),(1892,121,'SB','Sabha',1),(1893,121,'SW','Sawfajjin',1),(1894,121,'SU','Surt',1),(1895,121,'TL','Tarabulus (Tripoli)',1),(1896,121,'TH','Tarhunah',1),(1897,121,'TU','Tubruq',1),(1898,121,'YA','Yafran',1),(1899,121,'ZL','Zlitan',1),(1900,122,'V','Vaduz',1),(1901,122,'A','Schaan',1),(1902,122,'B','Balzers',1),(1903,122,'N','Triesen',1),(1904,122,'E','Eschen',1),(1905,122,'M','Mauren',1),(1906,122,'T','Triesenberg',1),(1907,122,'R','Ruggell',1),(1908,122,'G','Gamprin',1),(1909,122,'L','Schellenberg',1),(1910,122,'P','Planken',1),(1911,123,'AL','Alytus',1),(1912,123,'KA','Kaunas',1),(1913,123,'KL','Klaipeda',1),(1914,123,'MA','Marijampole',1),(1915,123,'PA','Panevezys',1),(1916,123,'SI','Siauliai',1),(1917,123,'TA','Taurage',1),(1918,123,'TE','Telsiai',1),(1919,123,'UT','Utena',1),(1920,123,'VI','Vilnius',1),(1921,124,'DD','Diekirch',1),(1922,124,'DC','Clervaux',1),(1923,124,'DR','Redange',1),(1924,124,'DV','Vianden',1),(1925,124,'DW','Wiltz',1),(1926,124,'GG','Grevenmacher',1),(1927,124,'GE','Echternach',1),(1928,124,'GR','Remich',1),(1929,124,'LL','Luxembourg',1),(1930,124,'LC','Capellen',1),(1931,124,'LE','Esch-sur-Alzette',1),(1932,124,'LM','Mersch',1),(1933,125,'OLF','Our Lady Fatima Parish',1),(1934,125,'ANT','St. Anthony Parish',1),(1935,125,'LAZ','St. Lazarus Parish',1),(1936,125,'CAT','Cathedral Parish',1),(1937,125,'LAW','St. Lawrence Parish',1),(1938,127,'AN','Antananarivo',1),(1939,127,'AS','Antsiranana',1),(1940,127,'FN','Fianarantsoa',1),(1941,127,'MJ','Mahajanga',1),(1942,127,'TM','Toamasina',1),(1943,127,'TL','Toliara',1),(1944,128,'BLK','Balaka',1),(1945,128,'BLT','Blantyre',1),(1946,128,'CKW','Chikwawa',1),(1947,128,'CRD','Chiradzulu',1),(1948,128,'CTP','Chitipa',1),(1949,128,'DDZ','Dedza',1),(1950,128,'DWA','Dowa',1),(1951,128,'KRG','Karonga',1),(1952,128,'KSG','Kasungu',1),(1953,128,'LKM','Likoma',1),(1954,128,'LLG','Lilongwe',1),(1955,128,'MCG','Machinga',1),(1956,128,'MGC','Mangochi',1),(1957,128,'MCH','Mchinji',1),(1958,128,'MLJ','Mulanje',1),(1959,128,'MWZ','Mwanza',1),(1960,128,'MZM','Mzimba',1),(1961,128,'NTU','Ntcheu',1),(1962,128,'NKB','Nkhata Bay',1),(1963,128,'NKH','Nkhotakota',1),(1964,128,'NSJ','Nsanje',1),(1965,128,'NTI','Ntchisi',1),(1966,128,'PHL','Phalombe',1),(1967,128,'RMP','Rumphi',1),(1968,128,'SLM','Salima',1),(1969,128,'THY','Thyolo',1),(1970,128,'ZBA','Zomba',1),(1971,129,'JO','Johor',1),(1972,129,'KE','Kedah',1),(1973,129,'KL','Kelantan',1),(1974,129,'LA','Labuan',1),(1975,129,'ME','Melaka',1),(1976,129,'NS','Negeri Sembilan',1),(1977,129,'PA','Pahang',1),(1978,129,'PE','Perak',1),(1979,129,'PR','Perlis',1),(1980,129,'PP','Pulau Pinang',1),(1981,129,'SA','Sabah',1),(1982,129,'SR','Sarawak',1),(1983,129,'SE','Selangor',1),(1984,129,'TE','Terengganu',1),(1985,129,'WP','Wilayah Persekutuan',1),(1986,130,'THU','Thiladhunmathi Uthuru',1),(1987,130,'THD','Thiladhunmathi Dhekunu',1),(1988,130,'MLU','Miladhunmadulu Uthuru',1),(1989,130,'MLD','Miladhunmadulu Dhekunu',1),(1990,130,'MAU','Maalhosmadulu Uthuru',1),(1991,130,'MAD','Maalhosmadulu Dhekunu',1),(1992,130,'FAA','Faadhippolhu',1),(1993,130,'MAA','Male Atoll',1),(1994,130,'AAU','Ari Atoll Uthuru',1),(1995,130,'AAD','Ari Atoll Dheknu',1),(1996,130,'FEA','Felidhe Atoll',1),(1997,130,'MUA','Mulaku Atoll',1),(1998,130,'NAU','Nilandhe Atoll Uthuru',1),(1999,130,'NAD','Nilandhe Atoll Dhekunu',1),(2000,130,'KLH','Kolhumadulu',1),(2001,130,'HDH','Hadhdhunmathi',1),(2002,130,'HAU','Huvadhu Atoll Uthuru',1),(2003,130,'HAD','Huvadhu Atoll Dhekunu',1),(2004,130,'FMU','Fua Mulaku',1),(2005,130,'ADD','Addu',1),(2006,131,'GA','Gao',1),(2007,131,'KY','Kayes',1),(2008,131,'KD','Kidal',1),(2009,131,'KL','Koulikoro',1),(2010,131,'MP','Mopti',1),(2011,131,'SG','Segou',1),(2012,131,'SK','Sikasso',1),(2013,131,'TB','Tombouctou',1),(2014,131,'CD','Bamako Capital District',1),(2015,132,'ATT','Attard',1),(2016,132,'BAL','Balzan',1),(2017,132,'BGU','Birgu',1),(2018,132,'BKK','Birkirkara',1),(2019,132,'BRZ','Birzebbuga',1),(2020,132,'BOR','Bormla',1),(2021,132,'DIN','Dingli',1),(2022,132,'FGU','Fgura',1),(2023,132,'FLO','Floriana',1),(2024,132,'GDJ','Gudja',1),(2025,132,'GZR','Gzira',1),(2026,132,'GRG','Gargur',1),(2027,132,'GXQ','Gaxaq',1),(2028,132,'HMR','Hamrun',1),(2029,132,'IKL','Iklin',1),(2030,132,'ISL','Isla',1),(2031,132,'KLK','Kalkara',1),(2032,132,'KRK','Kirkop',1),(2033,132,'LIJ','Lija',1),(2034,132,'LUQ','Luqa',1),(2035,132,'MRS','Marsa',1),(2036,132,'MKL','Marsaskala',1),(2037,132,'MXL','Marsaxlokk',1),(2038,132,'MDN','Mdina',1),(2039,132,'MEL','Melliea',1),(2040,132,'MGR','Mgarr',1),(2041,132,'MST','Mosta',1),(2042,132,'MQA','Mqabba',1),(2043,132,'MSI','Msida',1),(2044,132,'MTF','Mtarfa',1),(2045,132,'NAX','Naxxar',1),(2046,132,'PAO','Paola',1),(2047,132,'PEM','Pembroke',1),(2048,132,'PIE','Pieta',1),(2049,132,'QOR','Qormi',1),(2050,132,'QRE','Qrendi',1),(2051,132,'RAB','Rabat',1),(2052,132,'SAF','Safi',1),(2053,132,'SGI','San Giljan',1),(2054,132,'SLU','Santa Lucija',1),(2055,132,'SPB','San Pawl il-Bahar',1),(2056,132,'SGW','San Gwann',1),(2057,132,'SVE','Santa Venera',1),(2058,132,'SIG','Siggiewi',1),(2059,132,'SLM','Sliema',1),(2060,132,'SWQ','Swieqi',1),(2061,132,'TXB','Ta Xbiex',1),(2062,132,'TRX','Tarxien',1),(2063,132,'VLT','Valletta',1),(2064,132,'XGJ','Xgajra',1),(2065,132,'ZBR','Zabbar',1),(2066,132,'ZBG','Zebbug',1),(2067,132,'ZJT','Zejtun',1),(2068,132,'ZRQ','Zurrieq',1),(2069,132,'FNT','Fontana',1),(2070,132,'GHJ','Ghajnsielem',1),(2071,132,'GHR','Gharb',1),(2072,132,'GHS','Ghasri',1),(2073,132,'KRC','Kercem',1),(2074,132,'MUN','Munxar',1),(2075,132,'NAD','Nadur',1),(2076,132,'QAL','Qala',1),(2077,132,'VIC','Victoria',1),(2078,132,'SLA','San Lawrenz',1),(2079,132,'SNT','Sannat',1),(2080,132,'ZAG','Xagra',1),(2081,132,'XEW','Xewkija',1),(2082,132,'ZEB','Zebbug',1),(2083,133,'ALG','Ailinginae',1),(2084,133,'ALL','Ailinglaplap',1),(2085,133,'ALK','Ailuk',1),(2086,133,'ARN','Arno',1),(2087,133,'AUR','Aur',1),(2088,133,'BKR','Bikar',1),(2089,133,'BKN','Bikini',1),(2090,133,'BKK','Bokak',1),(2091,133,'EBN','Ebon',1),(2092,133,'ENT','Enewetak',1),(2093,133,'EKB','Erikub',1),(2094,133,'JBT','Jabat',1),(2095,133,'JLT','Jaluit',1),(2096,133,'JEM','Jemo',1),(2097,133,'KIL','Kili',1),(2098,133,'KWJ','Kwajalein',1),(2099,133,'LAE','Lae',1),(2100,133,'LIB','Lib',1),(2101,133,'LKP','Likiep',1),(2102,133,'MJR','Majuro',1),(2103,133,'MLP','Maloelap',1),(2104,133,'MJT','Mejit',1),(2105,133,'MIL','Mili',1),(2106,133,'NMK','Namorik',1),(2107,133,'NAM','Namu',1),(2108,133,'RGL','Rongelap',1),(2109,133,'RGK','Rongrik',1),(2110,133,'TOK','Toke',1),(2111,133,'UJA','Ujae',1),(2112,133,'UJL','Ujelang',1),(2113,133,'UTK','Utirik',1),(2114,133,'WTH','Wotho',1),(2115,133,'WTJ','Wotje',1),(2116,135,'AD','Adrar',1),(2117,135,'AS','Assaba',1),(2118,135,'BR','Brakna',1),(2119,135,'DN','Dakhlet Nouadhibou',1),(2120,135,'GO','Gorgol',1),(2121,135,'GM','Guidimaka',1),(2122,135,'HC','Hodh Ech Chargui',1),(2123,135,'HG','Hodh El Gharbi',1),(2124,135,'IN','Inchiri',1),(2125,135,'TA','Tagant',1),(2126,135,'TZ','Tiris Zemmour',1),(2127,135,'TR','Trarza',1),(2128,135,'NO','Nouakchott',1),(2129,136,'BR','Beau Bassin-Rose Hill',1),(2130,136,'CU','Curepipe',1),(2131,136,'PU','Port Louis',1),(2132,136,'QB','Quatre Bornes',1),(2133,136,'VP','Vacoas-Phoenix',1),(2134,136,'AG','Agalega Islands',1),(2135,136,'CC','Cargados Carajos Shoals (Saint Brandon Islands)',1),(2136,136,'RO','Rodrigues',1),(2137,136,'BL','Black River',1),(2138,136,'FL','Flacq',1),(2139,136,'GP','Grand Port',1),(2140,136,'MO','Moka',1),(2141,136,'PA','Pamplemousses',1),(2142,136,'PW','Plaines Wilhems',1),(2143,136,'PL','Port Louis',1),(2144,136,'RR','Riviere du Rempart',1),(2145,136,'SA','Savanne',1),(2146,138,'BN','Baja California Norte',1),(2147,138,'BS','Baja California Sur',1),(2148,138,'CA','Campeche',1),(2149,138,'CI','Chiapas',1),(2150,138,'CH','Chihuahua',1),(2151,138,'CZ','Coahuila de Zaragoza',1),(2152,138,'CL','Colima',1),(2153,138,'DF','Distrito Federal',1),(2154,138,'DU','Durango',1),(2155,138,'GA','Guanajuato',1),(2156,138,'GE','Guerrero',1),(2157,138,'HI','Hidalgo',1),(2158,138,'JA','Jalisco',1),(2159,138,'ME','Mexico',1),(2160,138,'MI','Michoacan de Ocampo',1),(2161,138,'MO','Morelos',1),(2162,138,'NA','Nayarit',1),(2163,138,'NL','Nuevo Leon',1),(2164,138,'OA','Oaxaca',1),(2165,138,'PU','Puebla',1),(2166,138,'QA','Queretaro de Arteaga',1),(2167,138,'QR','Quintana Roo',1),(2168,138,'SA','San Luis Potosi',1),(2169,138,'SI','Sinaloa',1),(2170,138,'SO','Sonora',1),(2171,138,'TB','Tabasco',1),(2172,138,'TM','Tamaulipas',1),(2173,138,'TL','Tlaxcala',1),(2174,138,'VE','Veracruz-Llave',1),(2175,138,'YU','Yucatan',1),(2176,138,'ZA','Zacatecas',1),(2177,139,'C','Chuuk',1),(2178,139,'K','Kosrae',1),(2179,139,'P','Pohnpei',1),(2180,139,'Y','Yap',1),(2181,140,'GA','Gagauzia',1),(2182,140,'CU','Chisinau',1),(2183,140,'BA','Balti',1),(2184,140,'CA','Cahul',1),(2185,140,'ED','Edinet',1),(2186,140,'LA','Lapusna',1),(2187,140,'OR','Orhei',1),(2188,140,'SO','Soroca',1),(2189,140,'TI','Tighina',1),(2190,140,'UN','Ungheni',1),(2191,140,'SN','St‚nga Nistrului',1),(2192,141,'FV','Fontvieille',1),(2193,141,'LC','La Condamine',1),(2194,141,'MV','Monaco-Ville',1),(2195,141,'MC','Monte-Carlo',1),(2196,142,'1','Ulanbaatar',1),(2197,142,'035','Orhon',1),(2198,142,'037','Darhan uul',1),(2199,142,'039','Hentiy',1),(2200,142,'041','Hovsgol',1),(2201,142,'043','Hovd',1),(2202,142,'046','Uvs',1),(2203,142,'047','Tov',1),(2204,142,'049','Selenge',1),(2205,142,'051','Suhbaatar',1),(2206,142,'053','Omnogovi',1),(2207,142,'055','Ovorhangay',1),(2208,142,'057','Dzavhan',1),(2209,142,'059','DundgovL',1),(2210,142,'061','Dornod',1),(2211,142,'063','Dornogov',1),(2212,142,'064','Govi-Sumber',1),(2213,142,'065','Govi-Altay',1),(2214,142,'067','Bulgan',1),(2215,142,'069','Bayanhongor',1),(2216,142,'071','Bayan-Olgiy',1),(2217,142,'073','Arhangay',1),(2218,143,'A','Saint Anthony',1),(2219,143,'G','Saint Georges',1),(2220,143,'P','Saint Peter',1),(2221,144,'AGD','Agadir',1),(2222,144,'HOC','Al Hoceima',1),(2223,144,'AZI','Azilal',1),(2224,144,'BME','Beni Mellal',1),(2225,144,'BSL','Ben Slimane',1),(2226,144,'BLM','Boulemane',1),(2227,144,'CBL','Casablanca',1),(2228,144,'CHA','Chaouen',1),(2229,144,'EJA','El Jadida',1),(2230,144,'EKS','El Kelaa des Sraghna',1),(2231,144,'ERA','Er Rachidia',1),(2232,144,'ESS','Essaouira',1),(2233,144,'FES','Fes',1),(2234,144,'FIG','Figuig',1),(2235,144,'GLM','Guelmim',1),(2236,144,'IFR','Ifrane',1),(2237,144,'KEN','Kenitra',1),(2238,144,'KHM','Khemisset',1),(2239,144,'KHN','Khenifra',1),(2240,144,'KHO','Khouribga',1),(2241,144,'LYN','Laayoune',1),(2242,144,'LAR','Larache',1),(2243,144,'MRK','Marrakech',1),(2244,144,'MKN','Meknes',1),(2245,144,'NAD','Nador',1),(2246,144,'ORZ','Ouarzazate',1),(2247,144,'OUJ','Oujda',1),(2248,144,'RSA','Rabat-Sale',1),(2249,144,'SAF','Safi',1),(2250,144,'SET','Settat',1),(2251,144,'SKA','Sidi Kacem',1),(2252,144,'TGR','Tangier',1),(2253,144,'TAN','Tan-Tan',1),(2254,144,'TAO','Taounate',1),(2255,144,'TRD','Taroudannt',1),(2256,144,'TAT','Tata',1),(2257,144,'TAZ','Taza',1),(2258,144,'TET','Tetouan',1),(2259,144,'TIZ','Tiznit',1),(2260,144,'ADK','Ad Dakhla',1),(2261,144,'BJD','Boujdour',1),(2262,144,'ESM','Es Smara',1),(2263,145,'CD','Cabo Delgado',1),(2264,145,'GZ','Gaza',1),(2265,145,'IN','Inhambane',1),(2266,145,'MN','Manica',1),(2267,145,'MC','Maputo (city)',1),(2268,145,'MP','Maputo',1),(2269,145,'NA','Nampula',1),(2270,145,'NI','Niassa',1),(2271,145,'SO','Sofala',1),(2272,145,'TE','Tete',1),(2273,145,'ZA','Zambezia',1),(2274,146,'AY','Ayeyarwady',1),(2275,146,'BG','Bago',1),(2276,146,'MG','Magway',1),(2277,146,'MD','Mandalay',1),(2278,146,'SG','Sagaing',1),(2279,146,'TN','Tanintharyi',1),(2280,146,'YG','Yangon',1),(2281,146,'CH','Chin State',1),(2282,146,'KC','Kachin State',1),(2283,146,'KH','Kayah State',1),(2284,146,'KN','Kayin State',1),(2285,146,'MN','Mon State',1),(2286,146,'RK','Rakhine State',1),(2287,146,'SH','Shan State',1),(2288,147,'CA','Caprivi',1),(2289,147,'ER','Erongo',1),(2290,147,'HA','Hardap',1),(2291,147,'KR','Karas',1),(2292,147,'KV','Kavango',1),(2293,147,'KH','Khomas',1),(2294,147,'KU','Kunene',1),(2295,147,'OW','Ohangwena',1),(2296,147,'OK','Omaheke',1),(2297,147,'OT','Omusati',1),(2298,147,'ON','Oshana',1),(2299,147,'OO','Oshikoto',1),(2300,147,'OJ','Otjozondjupa',1),(2301,148,'AO','Aiwo',1),(2302,148,'AA','Anabar',1),(2303,148,'AT','Anetan',1),(2304,148,'AI','Anibare',1),(2305,148,'BA','Baiti',1),(2306,148,'BO','Boe',1),(2307,148,'BU','Buada',1),(2308,148,'DE','Denigomodu',1),(2309,148,'EW','Ewa',1),(2310,148,'IJ','Ijuw',1),(2311,148,'ME','Meneng',1),(2312,148,'NI','Nibok',1),(2313,148,'UA','Uaboe',1),(2314,148,'YA','Yaren',1),(2315,149,'BA','Bagmati',1),(2316,149,'BH','Bheri',1),(2317,149,'DH','Dhawalagiri',1),(2318,149,'GA','Gandaki',1),(2319,149,'JA','Janakpur',1),(2320,149,'KA','Karnali',1),(2321,149,'KO','Kosi',1),(2322,149,'LU','Lumbini',1),(2323,149,'MA','Mahakali',1),(2324,149,'ME','Mechi',1),(2325,149,'NA','Narayani',1),(2326,149,'RA','Rapti',1),(2327,149,'SA','Sagarmatha',1),(2328,149,'SE','Seti',1),(2329,150,'DR','Drenthe',1),(2330,150,'FL','Flevoland',1),(2331,150,'FR','Friesland',1),(2332,150,'GE','Gelderland',1),(2333,150,'GR','Groningen',1),(2334,150,'LI','Limburg',1),(2335,150,'NB','Noord Brabant',1),(2336,150,'NH','Noord Holland',1),(2337,150,'OV','Overijssel',1),(2338,150,'UT','Utrecht',1),(2339,150,'ZE','Zeeland',1),(2340,150,'ZH','Zuid Holland',1),(2341,152,'L','Iles Loyaute',1),(2342,152,'N','Nord',1),(2343,152,'S','Sud',1),(2344,153,'AUK','Auckland',1),(2345,153,'BOP','Bay of Plenty',1),(2346,153,'CAN','Canterbury',1),(2347,153,'COR','Coromandel',1),(2348,153,'GIS','Gisborne',1),(2349,153,'FIO','Fiordland',1),(2350,153,'HKB','Hawke\'s Bay',1),(2351,153,'MBH','Marlborough',1),(2352,153,'MWT','Manawatu-Wanganui',1),(2353,153,'MCM','Mt Cook-Mackenzie',1),(2354,153,'NSN','Nelson',1),(2355,153,'NTL','Northland',1),(2356,153,'OTA','Otago',1),(2357,153,'STL','Southland',1),(2358,153,'TKI','Taranaki',1),(2359,153,'WGN','Wellington',1),(2360,153,'WKO','Waikato',1),(2361,153,'WAI','Wairprarapa',1),(2362,153,'WTC','West Coast',1),(2363,154,'AN','Atlantico Norte',1),(2364,154,'AS','Atlantico Sur',1),(2365,154,'BO','Boaco',1),(2366,154,'CA','Carazo',1),(2367,154,'CI','Chinandega',1),(2368,154,'CO','Chontales',1),(2369,154,'ES','Esteli',1),(2370,154,'GR','Granada',1),(2371,154,'JI','Jinotega',1),(2372,154,'LE','Leon',1),(2373,154,'MD','Madriz',1),(2374,154,'MN','Managua',1),(2375,154,'MS','Masaya',1),(2376,154,'MT','Matagalpa',1),(2377,154,'NS','Nuevo Segovia',1),(2378,154,'RS','Rio San Juan',1),(2379,154,'RI','Rivas',1),(2380,155,'AG','Agadez',1),(2381,155,'DF','Diffa',1),(2382,155,'DS','Dosso',1),(2383,155,'MA','Maradi',1),(2384,155,'NM','Niamey',1),(2385,155,'TH','Tahoua',1),(2386,155,'TL','Tillaberi',1),(2387,155,'ZD','Zinder',1),(2388,156,'AB','Abia',1),(2389,156,'CT','Abuja Federal Capital Territory',1),(2390,156,'AD','Adamawa',1),(2391,156,'AK','Akwa Ibom',1),(2392,156,'AN','Anambra',1),(2393,156,'BC','Bauchi',1),(2394,156,'BY','Bayelsa',1),(2395,156,'BN','Benue',1),(2396,156,'BO','Borno',1),(2397,156,'CR','Cross River',1),(2398,156,'DE','Delta',1),(2399,156,'EB','Ebonyi',1),(2400,156,'ED','Edo',1),(2401,156,'EK','Ekiti',1),(2402,156,'EN','Enugu',1),(2403,156,'GO','Gombe',1),(2404,156,'IM','Imo',1),(2405,156,'JI','Jigawa',1),(2406,156,'KD','Kaduna',1),(2407,156,'KN','Kano',1),(2408,156,'KT','Katsina',1),(2409,156,'KE','Kebbi',1),(2410,156,'KO','Kogi',1),(2411,156,'KW','Kwara',1),(2412,156,'LA','Lagos',1),(2413,156,'NA','Nassarawa',1),(2414,156,'NI','Niger',1),(2415,156,'OG','Ogun',1),(2416,156,'ONG','Ondo',1),(2417,156,'OS','Osun',1),(2418,156,'OY','Oyo',1),(2419,156,'PL','Plateau',1),(2420,156,'RI','Rivers',1),(2421,156,'SO','Sokoto',1),(2422,156,'TA','Taraba',1),(2423,156,'YO','Yobe',1),(2424,156,'ZA','Zamfara',1),(2425,159,'N','Northern Islands',1),(2426,159,'R','Rota',1),(2427,159,'S','Saipan',1),(2428,159,'T','Tinian',1),(2429,160,'AK','Akershus',1),(2430,160,'AA','Aust-Agder',1),(2431,160,'BU','Buskerud',1),(2432,160,'FM','Finnmark',1),(2433,160,'HM','Hedmark',1),(2434,160,'HL','Hordaland',1),(2435,160,'MR','More og Romdal',1),(2436,160,'NT','Nord-Trondelag',1),(2437,160,'NL','Nordland',1),(2438,160,'OF','Ostfold',1),(2439,160,'OP','Oppland',1),(2440,160,'OL','Oslo',1),(2441,160,'RL','Rogaland',1),(2442,160,'ST','Sor-Trondelag',1),(2443,160,'SJ','Sogn og Fjordane',1),(2444,160,'SV','Svalbard',1),(2445,160,'TM','Telemark',1),(2446,160,'TR','Troms',1),(2447,160,'VA','Vest-Agder',1),(2448,160,'VF','Vestfold',1),(2449,161,'DA','Ad Dakhiliyah',1),(2450,161,'BA','Al Batinah',1),(2451,161,'WU','Al Wusta',1),(2452,161,'SH','Ash Sharqiyah',1),(2453,161,'ZA','Az Zahirah',1),(2454,161,'MA','Masqat',1),(2455,161,'MU','Musandam',1),(2456,161,'ZU','Zufar',1),(2457,162,'B','Balochistan',1),(2458,162,'T','Federally Administered Tribal Areas',1),(2459,162,'I','Islamabad Capital Territory',1),(2460,162,'N','North-West Frontier',1),(2461,162,'P','Punjab',1),(2462,162,'S','Sindh',1),(2463,163,'AM','Aimeliik',1),(2464,163,'AR','Airai',1),(2465,163,'AN','Angaur',1),(2466,163,'HA','Hatohobei',1),(2467,163,'KA','Kayangel',1),(2468,163,'KO','Koror',1),(2469,163,'ME','Melekeok',1),(2470,163,'NA','Ngaraard',1),(2471,163,'NG','Ngarchelong',1),(2472,163,'ND','Ngardmau',1),(2473,163,'NT','Ngatpang',1),(2474,163,'NC','Ngchesar',1),(2475,163,'NR','Ngeremlengui',1),(2476,163,'NW','Ngiwal',1),(2477,163,'PE','Peleliu',1),(2478,163,'SO','Sonsorol',1),(2479,164,'BT','Bocas del Toro',1),(2480,164,'CH','Chiriqui',1),(2481,164,'CC','Cocle',1),(2482,164,'CL','Colon',1),(2483,164,'DA','Darien',1),(2484,164,'HE','Herrera',1),(2485,164,'LS','Los Santos',1),(2486,164,'PA','Panama',1),(2487,164,'SB','San Blas',1),(2488,164,'VG','Veraguas',1),(2489,165,'BV','Bougainville',1),(2490,165,'CE','Central',1),(2491,165,'CH','Chimbu',1),(2492,165,'EH','Eastern Highlands',1),(2493,165,'EB','East New Britain',1),(2494,165,'ES','East Sepik',1),(2495,165,'EN','Enga',1),(2496,165,'GU','Gulf',1),(2497,165,'MD','Madang',1),(2498,165,'MN','Manus',1),(2499,165,'MB','Milne Bay',1),(2500,165,'MR','Morobe',1),(2501,165,'NC','National Capital',1),(2502,165,'NI','New Ireland',1),(2503,165,'NO','Northern',1),(2504,165,'SA','Sandaun',1),(2505,165,'SH','Southern Highlands',1),(2506,165,'WE','Western',1),(2507,165,'WH','Western Highlands',1),(2508,165,'WB','West New Britain',1),(2509,166,'AG','Alto Paraguay',1),(2510,166,'AN','Alto Parana',1),(2511,166,'AM','Amambay',1),(2512,166,'AS','Asuncion',1),(2513,166,'BO','Boqueron',1),(2514,166,'CG','Caaguazu',1),(2515,166,'CZ','Caazapa',1),(2516,166,'CN','Canindeyu',1),(2517,166,'CE','Central',1),(2518,166,'CC','Concepcion',1),(2519,166,'CD','Cordillera',1),(2520,166,'GU','Guaira',1),(2521,166,'IT','Itapua',1),(2522,166,'MI','Misiones',1),(2523,166,'NE','Neembucu',1),(2524,166,'PA','Paraguari',1),(2525,166,'PH','Presidente Hayes',1),(2526,166,'SP','San Pedro',1),(2527,167,'AM','Amazonas',1),(2528,167,'AN','Ancash',1),(2529,167,'AP','Apurimac',1),(2530,167,'AR','Arequipa',1),(2531,167,'AY','Ayacucho',1),(2532,167,'CJ','Cajamarca',1),(2533,167,'CL','Callao',1),(2534,167,'CU','Cusco',1),(2535,167,'HV','Huancavelica',1),(2536,167,'HO','Huanuco',1),(2537,167,'IC','Ica',1),(2538,167,'JU','Junin',1),(2539,167,'LD','La Libertad',1),(2540,167,'LY','Lambayeque',1),(2541,167,'LI','Lima',1),(2542,167,'LO','Loreto',1),(2543,167,'MD','Madre de Dios',1),(2544,167,'MO','Moquegua',1),(2545,167,'PA','Pasco',1),(2546,167,'PI','Piura',1),(2547,167,'PU','Puno',1),(2548,167,'SM','San Martin',1),(2549,167,'TA','Tacna',1),(2550,167,'TU','Tumbes',1),(2551,167,'UC','Ucayali',1),(2552,168,'ABR','Abra',1),(2553,168,'ANO','Agusan del Norte',1),(2554,168,'ASU','Agusan del Sur',1),(2555,168,'AKL','Aklan',1),(2556,168,'ALB','Albay',1),(2557,168,'ANT','Antique',1),(2558,168,'APY','Apayao',1),(2559,168,'AUR','Aurora',1),(2560,168,'BAS','Basilan',1),(2561,168,'BTA','Bataan',1),(2562,168,'BTE','Batanes',1),(2563,168,'BTG','Batangas',1),(2564,168,'BLR','Biliran',1),(2565,168,'BEN','Benguet',1),(2566,168,'BOL','Bohol',1),(2567,168,'BUK','Bukidnon',1),(2568,168,'BUL','Bulacan',1),(2569,168,'CAG','Cagayan',1),(2570,168,'CNO','Camarines Norte',1),(2571,168,'CSU','Camarines Sur',1),(2572,168,'CAM','Camiguin',1),(2573,168,'CAP','Capiz',1),(2574,168,'CAT','Catanduanes',1),(2575,168,'CAV','Cavite',1),(2576,168,'CEB','Cebu',1),(2577,168,'CMP','Compostela',1),(2578,168,'DNO','Davao del Norte',1),(2579,168,'DSU','Davao del Sur',1),(2580,168,'DOR','Davao Oriental',1),(2581,168,'ESA','Eastern Samar',1),(2582,168,'GUI','Guimaras',1),(2583,168,'IFU','Ifugao',1),(2584,168,'INO','Ilocos Norte',1),(2585,168,'ISU','Ilocos Sur',1),(2586,168,'ILO','Iloilo',1),(2587,168,'ISA','Isabela',1),(2588,168,'KAL','Kalinga',1),(2589,168,'LAG','Laguna',1),(2590,168,'LNO','Lanao del Norte',1),(2591,168,'LSU','Lanao del Sur',1),(2592,168,'UNI','La Union',1),(2593,168,'LEY','Leyte',1),(2594,168,'MAG','Maguindanao',1),(2595,168,'MRN','Marinduque',1),(2596,168,'MSB','Masbate',1),(2597,168,'MIC','Mindoro Occidental',1),(2598,168,'MIR','Mindoro Oriental',1),(2599,168,'MSC','Misamis Occidental',1),(2600,168,'MOR','Misamis Oriental',1),(2601,168,'MOP','Mountain',1),(2602,168,'NOC','Negros Occidental',1),(2603,168,'NOR','Negros Oriental',1),(2604,168,'NCT','North Cotabato',1),(2605,168,'NSM','Northern Samar',1),(2606,168,'NEC','Nueva Ecija',1),(2607,168,'NVZ','Nueva Vizcaya',1),(2608,168,'PLW','Palawan',1),(2609,168,'PMP','Pampanga',1),(2610,168,'PNG','Pangasinan',1),(2611,168,'QZN','Quezon',1),(2612,168,'QRN','Quirino',1),(2613,168,'RIZ','Rizal',1),(2614,168,'ROM','Romblon',1),(2615,168,'SMR','Samar',1),(2616,168,'SRG','Sarangani',1),(2617,168,'SQJ','Siquijor',1),(2618,168,'SRS','Sorsogon',1),(2619,168,'SCO','South Cotabato',1),(2620,168,'SLE','Southern Leyte',1),(2621,168,'SKU','Sultan Kudarat',1),(2622,168,'SLU','Sulu',1),(2623,168,'SNO','Surigao del Norte',1),(2624,168,'SSU','Surigao del Sur',1),(2625,168,'TAR','Tarlac',1),(2626,168,'TAW','Tawi-Tawi',1),(2627,168,'ZBL','Zambales',1),(2628,168,'ZNO','Zamboanga del Norte',1),(2629,168,'ZSU','Zamboanga del Sur',1),(2630,168,'ZSI','Zamboanga Sibugay',1),(2631,170,'DO','Dolnoslaskie',1),(2632,170,'KP','Kujawsko-Pomorskie',1),(2633,170,'LO','Lodzkie',1),(2634,170,'LL','Lubelskie',1),(2635,170,'LU','Lubuskie',1),(2636,170,'ML','Malopolskie',1),(2637,170,'MZ','Mazowieckie',1),(2638,170,'OP','Opolskie',1),(2639,170,'PP','Podkarpackie',1),(2640,170,'PL','Podlaskie',1),(2641,170,'PM','Pomorskie',1),(2642,170,'SL','Slaskie',1),(2643,170,'SW','Swietokrzyskie',1),(2644,170,'WM','Warminsko-Mazurskie',1),(2645,170,'WP','Wielkopolskie',1),(2646,170,'ZA','Zachodniopomorskie',1),(2647,198,'P','Saint Pierre',1),(2648,198,'M','Miquelon',1),(2649,171,'AC','A&ccedil;ores',1),(2650,171,'AV','Aveiro',1),(2651,171,'BE','Beja',1),(2652,171,'BR','Braga',1),(2653,171,'BA','Bragan&ccedil;a',1),(2654,171,'CB','Castelo Branco',1),(2655,171,'CO','Coimbra',1),(2656,171,'EV','&Eacute;vora',1),(2657,171,'FA','Faro',1),(2658,171,'GU','Guarda',1),(2659,171,'LE','Leiria',1),(2660,171,'LI','Lisboa',1),(2661,171,'ME','Madeira',1),(2662,171,'PO','Portalegre',1),(2663,171,'PR','Porto',1),(2664,171,'SA','Santar&eacute;m',1),(2665,171,'SE','Set&uacute;bal',1),(2666,171,'VC','Viana do Castelo',1),(2667,171,'VR','Vila Real',1),(2668,171,'VI','Viseu',1),(2669,173,'DW','Ad Dawhah',1),(2670,173,'GW','Al Ghuwayriyah',1),(2671,173,'JM','Al Jumayliyah',1),(2672,173,'KR','Al Khawr',1),(2673,173,'WK','Al Wakrah',1),(2674,173,'RN','Ar Rayyan',1),(2675,173,'JB','Jarayan al Batinah',1),(2676,173,'MS','Madinat ash Shamal',1),(2677,173,'UD','Umm Sa\'id',1),(2678,173,'UL','Umm Salal',1),(2679,175,'AB','Alba',1),(2680,175,'AR','Arad',1),(2681,175,'AG','Arges',1),(2682,175,'BC','Bacau',1),(2683,175,'BH','Bihor',1),(2684,175,'BN','Bistrita-Nasaud',1),(2685,175,'BT','Botosani',1),(2686,175,'BV','Brasov',1),(2687,175,'BR','Braila',1),(2688,175,'B','Bucuresti',1),(2689,175,'BZ','Buzau',1),(2690,175,'CS','Caras-Severin',1),(2691,175,'CL','Calarasi',1),(2692,175,'CJ','Cluj',1),(2693,175,'CT','Constanta',1),(2694,175,'CV','Covasna',1),(2695,175,'DB','Dimbovita',1),(2696,175,'DJ','Dolj',1),(2697,175,'GL','Galati',1),(2698,175,'GR','Giurgiu',1),(2699,175,'GJ','Gorj',1),(2700,175,'HR','Harghita',1),(2701,175,'HD','Hunedoara',1),(2702,175,'IL','Ialomita',1),(2703,175,'IS','Iasi',1),(2704,175,'IF','Ilfov',1),(2705,175,'MM','Maramures',1),(2706,175,'MH','Mehedinti',1),(2707,175,'MS','Mures',1),(2708,175,'NT','Neamt',1),(2709,175,'OT','Olt',1),(2710,175,'PH','Prahova',1),(2711,175,'SM','Satu-Mare',1),(2712,175,'SJ','Salaj',1),(2713,175,'SB','Sibiu',1),(2714,175,'SV','Suceava',1),(2715,175,'TR','Teleorman',1),(2716,175,'TM','Timis',1),(2717,175,'TL','Tulcea',1),(2718,175,'VS','Vaslui',1),(2719,175,'VL','Valcea',1),(2720,175,'VN','Vrancea',1),(2721,176,'AB','Abakan',1),(2722,176,'AG','Aginskoye',1),(2723,176,'AN','Anadyr',1),(2724,176,'AR','Arkahangelsk',1),(2725,176,'AS','Astrakhan',1),(2726,176,'BA','Barnaul',1),(2727,176,'BE','Belgorod',1),(2728,176,'BI','Birobidzhan',1),(2729,176,'BL','Blagoveshchensk',1),(2730,176,'BR','Bryansk',1),(2731,176,'CH','Cheboksary',1),(2732,176,'CL','Chelyabinsk',1),(2733,176,'CR','Cherkessk',1),(2734,176,'CI','Chita',1),(2735,176,'DU','Dudinka',1),(2736,176,'EL','Elista',1),(2737,176,'GO','Gomo-Altaysk',1),(2738,176,'GA','Gorno-Altaysk',1),(2739,176,'GR','Groznyy',1),(2740,176,'IR','Irkutsk',1),(2741,176,'IV','Ivanovo',1),(2742,176,'IZ','Izhevsk',1),(2743,176,'KA','Kalinigrad',1),(2744,176,'KL','Kaluga',1),(2745,176,'KS','Kasnodar',1),(2746,176,'KZ','Kazan',1),(2747,176,'KE','Kemerovo',1),(2748,176,'KH','Khabarovsk',1),(2749,176,'KM','Khanty-Mansiysk',1),(2750,176,'KO','Kostroma',1),(2751,176,'KR','Krasnodar',1),(2752,176,'KN','Krasnoyarsk',1),(2753,176,'KU','Kudymkar',1),(2754,176,'KG','Kurgan',1),(2755,176,'KK','Kursk',1),(2756,176,'KY','Kyzyl',1),(2757,176,'LI','Lipetsk',1),(2758,176,'MA','Magadan',1),(2759,176,'MK','Makhachkala',1),(2760,176,'MY','Maykop',1),(2761,176,'MO','Moscow',1),(2762,176,'MU','Murmansk',1),(2763,176,'NA','Nalchik',1),(2764,176,'NR','Naryan Mar',1),(2765,176,'NZ','Nazran',1),(2766,176,'NI','Nizhniy Novgorod',1),(2767,176,'NO','Novgorod',1),(2768,176,'NV','Novosibirsk',1),(2769,176,'OM','Omsk',1),(2770,176,'OR','Orel',1),(2771,176,'OE','Orenburg',1),(2772,176,'PA','Palana',1),(2773,176,'PE','Penza',1),(2774,176,'PR','Perm',1),(2775,176,'PK','Petropavlovsk-Kamchatskiy',1),(2776,176,'PT','Petrozavodsk',1),(2777,176,'PS','Pskov',1),(2778,176,'RO','Rostov-na-Donu',1),(2779,176,'RY','Ryazan',1),(2780,176,'SL','Salekhard',1),(2781,176,'SA','Samara',1),(2782,176,'SR','Saransk',1),(2783,176,'SV','Saratov',1),(2784,176,'SM','Smolensk',1),(2785,176,'SP','St. Petersburg',1),(2786,176,'ST','Stavropol',1),(2787,176,'SY','Syktyvkar',1),(2788,176,'TA','Tambov',1),(2789,176,'TO','Tomsk',1),(2790,176,'TU','Tula',1),(2791,176,'TR','Tura',1),(2792,176,'TV','Tver',1),(2793,176,'TY','Tyumen',1),(2794,176,'UF','Ufa',1),(2795,176,'UL','Ul\'yanovsk',1),(2796,176,'UU','Ulan-Ude',1),(2797,176,'US','Ust\'-Ordynskiy',1),(2798,176,'VL','Vladikavkaz',1),(2799,176,'VA','Vladimir',1),(2800,176,'VV','Vladivostok',1),(2801,176,'VG','Volgograd',1),(2802,176,'VD','Vologda',1),(2803,176,'VO','Voronezh',1),(2804,176,'VY','Vyatka',1),(2805,176,'YA','Yakutsk',1),(2806,176,'YR','Yaroslavl',1),(2807,176,'YE','Yekaterinburg',1),(2808,176,'YO','Yoshkar-Ola',1),(2809,177,'BU','Butare',1),(2810,177,'BY','Byumba',1),(2811,177,'CY','Cyangugu',1),(2812,177,'GK','Gikongoro',1),(2813,177,'GS','Gisenyi',1),(2814,177,'GT','Gitarama',1),(2815,177,'KG','Kibungo',1),(2816,177,'KY','Kibuye',1),(2817,177,'KR','Kigali Rurale',1),(2818,177,'KV','Kigali-ville',1),(2819,177,'RU','Ruhengeri',1),(2820,177,'UM','Umutara',1),(2821,178,'CCN','Christ Church Nichola Town',1),(2822,178,'SAS','Saint Anne Sandy Point',1),(2823,178,'SGB','Saint George Basseterre',1),(2824,178,'SGG','Saint George Gingerland',1),(2825,178,'SJW','Saint James Windward',1),(2826,178,'SJC','Saint John Capesterre',1),(2827,178,'SJF','Saint John Figtree',1),(2828,178,'SMC','Saint Mary Cayon',1),(2829,178,'CAP','Saint Paul Capesterre',1),(2830,178,'CHA','Saint Paul Charlestown',1),(2831,178,'SPB','Saint Peter Basseterre',1),(2832,178,'STL','Saint Thomas Lowland',1),(2833,178,'STM','Saint Thomas Middle Island',1),(2834,178,'TPP','Trinity Palmetto Point',1),(2835,179,'AR','Anse-la-Raye',1),(2836,179,'CA','Castries',1),(2837,179,'CH','Choiseul',1),(2838,179,'DA','Dauphin',1),(2839,179,'DE','Dennery',1),(2840,179,'GI','Gros-Islet',1),(2841,179,'LA','Laborie',1),(2842,179,'MI','Micoud',1),(2843,179,'PR','Praslin',1),(2844,179,'SO','Soufriere',1),(2845,179,'VF','Vieux-Fort',1),(2846,180,'C','Charlotte',1),(2847,180,'R','Grenadines',1),(2848,180,'A','Saint Andrew',1),(2849,180,'D','Saint David',1),(2850,180,'G','Saint George',1),(2851,180,'P','Saint Patrick',1),(2852,181,'AN','A\'ana',1),(2853,181,'AI','Aiga-i-le-Tai',1),(2854,181,'AT','Atua',1),(2855,181,'FA','Fa\'asaleleaga',1),(2856,181,'GE','Gaga\'emauga',1),(2857,181,'GF','Gagaifomauga',1),(2858,181,'PA','Palauli',1),(2859,181,'SA','Satupa\'itea',1),(2860,181,'TU','Tuamasaga',1),(2861,181,'VF','Va\'a-o-Fonoti',1),(2862,181,'VS','Vaisigano',1),(2863,182,'AC','Acquaviva',1),(2864,182,'BM','Borgo Maggiore',1),(2865,182,'CH','Chiesanuova',1),(2866,182,'DO','Domagnano',1),(2867,182,'FA','Faetano',1),(2868,182,'FI','Fiorentino',1),(2869,182,'MO','Montegiardino',1),(2870,182,'SM','Citta di San Marino',1),(2871,182,'SE','Serravalle',1),(2872,183,'S','Sao Tome',1),(2873,183,'P','Principe',1),(2874,184,'BH','Al Bahah',1),(2875,184,'HS','Al Hudud ash Shamaliyah',1),(2876,184,'JF','Al Jawf',1),(2877,184,'MD','Al Madinah',1),(2878,184,'QS','Al Qasim',1),(2879,184,'RD','Ar Riyad',1),(2880,184,'AQ','Ash Sharqiyah (Eastern)',1),(2881,184,'AS','\'Asir',1),(2882,184,'HL','Ha\'il',1),(2883,184,'JZ','Jizan',1),(2884,184,'ML','Makkah',1),(2885,184,'NR','Najran',1),(2886,184,'TB','Tabuk',1),(2887,185,'DA','Dakar',1),(2888,185,'DI','Diourbel',1),(2889,185,'FA','Fatick',1),(2890,185,'KA','Kaolack',1),(2891,185,'KO','Kolda',1),(2892,185,'LO','Louga',1),(2893,185,'MA','Matam',1),(2894,185,'SL','Saint-Louis',1),(2895,185,'TA','Tambacounda',1),(2896,185,'TH','Thies',1),(2897,185,'ZI','Ziguinchor',1),(2898,186,'AP','Anse aux Pins',1),(2899,186,'AB','Anse Boileau',1),(2900,186,'AE','Anse Etoile',1),(2901,186,'AL','Anse Louis',1),(2902,186,'AR','Anse Royale',1),(2903,186,'BL','Baie Lazare',1),(2904,186,'BS','Baie Sainte Anne',1),(2905,186,'BV','Beau Vallon',1),(2906,186,'BA','Bel Air',1),(2907,186,'BO','Bel Ombre',1),(2908,186,'CA','Cascade',1),(2909,186,'GL','Glacis',1),(2910,186,'GM','Grand\' Anse (on Mahe)',1),(2911,186,'GP','Grand\' Anse (on Praslin)',1),(2912,186,'DG','La Digue',1),(2913,186,'RA','La Riviere Anglaise',1),(2914,186,'MB','Mont Buxton',1),(2915,186,'MF','Mont Fleuri',1),(2916,186,'PL','Plaisance',1),(2917,186,'PR','Pointe La Rue',1),(2918,186,'PG','Port Glaud',1),(2919,186,'SL','Saint Louis',1),(2920,186,'TA','Takamaka',1),(2921,187,'E','Eastern',1),(2922,187,'N','Northern',1),(2923,187,'S','Southern',1),(2924,187,'W','Western',1),(2925,189,'BA','Banskobystrický',1),(2926,189,'BR','Bratislavský',1),(2927,189,'KO','Košický',1),(2928,189,'NI','Nitriansky',1),(2929,189,'PR','Prešovský',1),(2930,189,'TC','Trenčiansky',1),(2931,189,'TV','Trnavský',1),(2932,189,'ZI','Žilinský',1),(2933,191,'CE','Central',1),(2934,191,'CH','Choiseul',1),(2935,191,'GC','Guadalcanal',1),(2936,191,'HO','Honiara',1),(2937,191,'IS','Isabel',1),(2938,191,'MK','Makira',1),(2939,191,'ML','Malaita',1),(2940,191,'RB','Rennell and Bellona',1),(2941,191,'TM','Temotu',1),(2942,191,'WE','Western',1),(2943,192,'AW','Awdal',1),(2944,192,'BK','Bakool',1),(2945,192,'BN','Banaadir',1),(2946,192,'BR','Bari',1),(2947,192,'BY','Bay',1),(2948,192,'GA','Galguduud',1),(2949,192,'GE','Gedo',1),(2950,192,'HI','Hiiraan',1),(2951,192,'JD','Jubbada Dhexe',1),(2952,192,'JH','Jubbada Hoose',1),(2953,192,'MU','Mudug',1),(2954,192,'NU','Nugaal',1),(2955,192,'SA','Sanaag',1),(2956,192,'SD','Shabeellaha Dhexe',1),(2957,192,'SH','Shabeellaha Hoose',1),(2958,192,'SL','Sool',1),(2959,192,'TO','Togdheer',1),(2960,192,'WG','Woqooyi Galbeed',1),(2961,193,'EC','Eastern Cape',1),(2962,193,'FS','Free State',1),(2963,193,'GT','Gauteng',1),(2964,193,'KN','KwaZulu-Natal',1),(2965,193,'LP','Limpopo',1),(2966,193,'MP','Mpumalanga',1),(2967,193,'NW','North West',1),(2968,193,'NC','Northern Cape',1),(2969,193,'WC','Western Cape',1),(2970,195,'CA','La Coru&ntilde;a',1),(2971,195,'AL','&Aacute;lava',1),(2972,195,'AB','Albacete',1),(2973,195,'AC','Alicante',1),(2974,195,'AM','Almeria',1),(2975,195,'AS','Asturias',1),(2976,195,'AV','&Aacute;vila',1),(2977,195,'BJ','Badajoz',1),(2978,195,'IB','Baleares',1),(2979,195,'BA','Barcelona',1),(2980,195,'BU','Burgos',1),(2981,195,'CC','C&aacute;ceres',1),(2982,195,'CZ','C&aacute;diz',1),(2983,195,'CT','Cantabria',1),(2984,195,'CL','Castell&oacute;n',1),(2985,195,'CE','Ceuta',1),(2986,195,'CR','Ciudad Real',1),(2987,195,'CD','C&oacute;rdoba',1),(2988,195,'CU','Cuenca',1),(2989,195,'GI','Girona',1),(2990,195,'GD','Granada',1),(2991,195,'GJ','Guadalajara',1),(2992,195,'GP','Guip&uacute;zcoa',1),(2993,195,'HL','Huelva',1),(2994,195,'HS','Huesca',1),(2995,195,'JN','Ja&eacute;n',1),(2996,195,'RJ','La Rioja',1),(2997,195,'PM','Las Palmas',1),(2998,195,'LE','Leon',1),(2999,195,'LL','Lleida',1),(3000,195,'LG','Lugo',1),(3001,195,'MD','Madrid',1),(3002,195,'MA','Malaga',1),(3003,195,'ML','Melilla',1),(3004,195,'MU','Murcia',1),(3005,195,'NV','Navarra',1),(3006,195,'OU','Ourense',1),(3007,195,'PL','Palencia',1),(3008,195,'PO','Pontevedra',1),(3009,195,'SL','Salamanca',1),(3010,195,'SC','Santa Cruz de Tenerife',1),(3011,195,'SG','Segovia',1),(3012,195,'SV','Sevilla',1),(3013,195,'SO','Soria',1),(3014,195,'TA','Tarragona',1),(3015,195,'TE','Teruel',1),(3016,195,'TO','Toledo',1),(3017,195,'VC','Valencia',1),(3018,195,'VD','Valladolid',1),(3019,195,'VZ','Vizcaya',1),(3020,195,'ZM','Zamora',1),(3021,195,'ZR','Zaragoza',1),(3022,196,'CE','Central',1),(3023,196,'EA','Eastern',1),(3024,196,'NC','North Central',1),(3025,196,'NO','Northern',1),(3026,196,'NW','North Western',1),(3027,196,'SA','Sabaragamuwa',1),(3028,196,'SO','Southern',1),(3029,196,'UV','Uva',1),(3030,196,'WE','Western',1),(3031,197,'A','Ascension',1),(3032,197,'S','Saint Helena',1),(3033,197,'T','Tristan da Cunha',1),(3034,199,'ANL','A\'ali an Nil',1),(3035,199,'BAM','Al Bahr al Ahmar',1),(3036,199,'BRT','Al Buhayrat',1),(3037,199,'JZR','Al Jazirah',1),(3038,199,'KRT','Al Khartum',1),(3039,199,'QDR','Al Qadarif',1),(3040,199,'WDH','Al Wahdah',1),(3041,199,'ANB','An Nil al Abyad',1),(3042,199,'ANZ','An Nil al Azraq',1),(3043,199,'ASH','Ash Shamaliyah',1),(3044,199,'BJA','Bahr al Jabal',1),(3045,199,'GIS','Gharb al Istiwa\'iyah',1),(3046,199,'GBG','Gharb Bahr al Ghazal',1),(3047,199,'GDA','Gharb Darfur',1),(3048,199,'GKU','Gharb Kurdufan',1),(3049,199,'JDA','Janub Darfur',1),(3050,199,'JKU','Janub Kurdufan',1),(3051,199,'JQL','Junqali',1),(3052,199,'KSL','Kassala',1),(3053,199,'NNL','Nahr an Nil',1),(3054,199,'SBG','Shamal Bahr al Ghazal',1),(3055,199,'SDA','Shamal Darfur',1),(3056,199,'SKU','Shamal Kurdufan',1),(3057,199,'SIS','Sharq al Istiwa\'iyah',1),(3058,199,'SNR','Sinnar',1),(3059,199,'WRB','Warab',1),(3060,200,'BR','Brokopondo',1),(3061,200,'CM','Commewijne',1),(3062,200,'CR','Coronie',1),(3063,200,'MA','Marowijne',1),(3064,200,'NI','Nickerie',1),(3065,200,'PA','Para',1),(3066,200,'PM','Paramaribo',1),(3067,200,'SA','Saramacca',1),(3068,200,'SI','Sipaliwini',1),(3069,200,'WA','Wanica',1),(3070,202,'H','Hhohho',1),(3071,202,'L','Lubombo',1),(3072,202,'M','Manzini',1),(3073,202,'S','Shishelweni',1),(3074,203,'K','Blekinge',1),(3075,203,'W','Dalama',1),(3076,203,'X','G&auml;vleborg',1),(3077,203,'I','Gotland',1),(3078,203,'N','Halland',1),(3079,203,'Z','J&auml;mtland',1),(3080,203,'F','J&ouml;nk&ouml;ping',1),(3081,203,'H','Kalmar',1),(3082,203,'G','Kronoberg',1),(3083,203,'BD','Norrbotten',1),(3084,203,'T','&Ouml;rebro',1),(3085,203,'E','&Ouml;sterg&ouml;tland',1),(3086,203,'M','Sk&aring;ne',1),(3087,203,'D','S&ouml;dermanland',1),(3088,203,'AB','Stockholm',1),(3089,203,'C','Uppsala',1),(3090,203,'S','V&auml;rmland',1),(3091,203,'AC','V&auml;sterbotten',1),(3092,203,'Y','V&auml;sternorrland',1),(3093,203,'U','V&auml;stmanland',1),(3094,203,'O','V&auml;stra G&ouml;taland',1),(3095,204,'AG','Aargau',1),(3096,204,'AR','Appenzell Ausserrhoden',1),(3097,204,'AI','Appenzell Innerrhoden',1),(3098,204,'BS','Basel-Stadt',1),(3099,204,'BL','Basel-Landschaft',1),(3100,204,'BE','Bern',1),(3101,204,'FR','Fribourg',1),(3102,204,'GE','Gen&egrave;ve',1),(3103,204,'GL','Glarus',1),(3104,204,'GR','Graub&uuml;nden',1),(3105,204,'JU','Jura',1),(3106,204,'LU','Luzern',1),(3107,204,'NE','Neuch&acirc;tel',1),(3108,204,'NW','Nidwald',1),(3109,204,'OW','Obwald',1),(3110,204,'SG','St. Gallen',1),(3111,204,'SH','Schaffhausen',1),(3112,204,'SZ','Schwyz',1),(3113,204,'SO','Solothurn',1),(3114,204,'TG','Thurgau',1),(3115,204,'TI','Ticino',1),(3116,204,'UR','Uri',1),(3117,204,'VS','Valais',1),(3118,204,'VD','Vaud',1),(3119,204,'ZG','Zug',1),(3120,204,'ZH','Z&uuml;rich',1),(3121,205,'HA','Al Hasakah',1),(3122,205,'LA','Al Ladhiqiyah',1),(3123,205,'QU','Al Qunaytirah',1),(3124,205,'RQ','Ar Raqqah',1),(3125,205,'SU','As Suwayda',1),(3126,205,'DA','Dara',1),(3127,205,'DZ','Dayr az Zawr',1),(3128,205,'DI','Dimashq',1),(3129,205,'HL','Halab',1),(3130,205,'HM','Hamah',1),(3131,205,'HI','Hims',1),(3132,205,'ID','Idlib',1),(3133,205,'RD','Rif Dimashq',1),(3134,205,'TA','Tartus',1),(3135,206,'CH','Chang-hua',1),(3136,206,'CI','Chia-i',1),(3137,206,'HS','Hsin-chu',1),(3138,206,'HL','Hua-lien',1),(3139,206,'IL','I-lan',1),(3140,206,'KH','Kao-hsiung county',1),(3141,206,'KM','Kin-men',1),(3142,206,'LC','Lien-chiang',1),(3143,206,'ML','Miao-li',1),(3144,206,'NT','Nan-t\'ou',1),(3145,206,'PH','P\'eng-hu',1),(3146,206,'PT','P\'ing-tung',1),(3147,206,'TG','T\'ai-chung',1),(3148,206,'TA','T\'ai-nan',1),(3149,206,'TP','T\'ai-pei county',1),(3150,206,'TT','T\'ai-tung',1),(3151,206,'TY','T\'ao-yuan',1),(3152,206,'YL','Yun-lin',1),(3153,206,'CC','Chia-i city',1),(3154,206,'CL','Chi-lung',1),(3155,206,'HC','Hsin-chu',1),(3156,206,'TH','T\'ai-chung',1),(3157,206,'TN','T\'ai-nan',1),(3158,206,'KC','Kao-hsiung city',1),(3159,206,'TC','T\'ai-pei city',1),(3160,207,'GB','Gorno-Badakhstan',1),(3161,207,'KT','Khatlon',1),(3162,207,'SU','Sughd',1),(3163,208,'AR','Arusha',1),(3164,208,'DS','Dar es Salaam',1),(3165,208,'DO','Dodoma',1),(3166,208,'IR','Iringa',1),(3167,208,'KA','Kagera',1),(3168,208,'KI','Kigoma',1),(3169,208,'KJ','Kilimanjaro',1),(3170,208,'LN','Lindi',1),(3171,208,'MY','Manyara',1),(3172,208,'MR','Mara',1),(3173,208,'MB','Mbeya',1),(3174,208,'MO','Morogoro',1),(3175,208,'MT','Mtwara',1),(3176,208,'MW','Mwanza',1),(3177,208,'PN','Pemba North',1),(3178,208,'PS','Pemba South',1),(3179,208,'PW','Pwani',1),(3180,208,'RK','Rukwa',1),(3181,208,'RV','Ruvuma',1),(3182,208,'SH','Shinyanga',1),(3183,208,'SI','Singida',1),(3184,208,'TB','Tabora',1),(3185,208,'TN','Tanga',1),(3186,208,'ZC','Zanzibar Central/South',1),(3187,208,'ZN','Zanzibar North',1),(3188,208,'ZU','Zanzibar Urban/West',1),(3189,209,'Amnat Charoen','Amnat Charoen',1),(3190,209,'Ang Thong','Ang Thong',1),(3191,209,'Ayutthaya','Ayutthaya',1),(3192,209,'Bangkok','Bangkok',1),(3193,209,'Buriram','Buriram',1),(3194,209,'Chachoengsao','Chachoengsao',1),(3195,209,'Chai Nat','Chai Nat',1),(3196,209,'Chaiyaphum','Chaiyaphum',1),(3197,209,'Chanthaburi','Chanthaburi',1),(3198,209,'Chiang Mai','Chiang Mai',1),(3199,209,'Chiang Rai','Chiang Rai',1),(3200,209,'Chon Buri','Chon Buri',1),(3201,209,'Chumphon','Chumphon',1),(3202,209,'Kalasin','Kalasin',1),(3203,209,'Kamphaeng Phet','Kamphaeng Phet',1),(3204,209,'Kanchanaburi','Kanchanaburi',1),(3205,209,'Khon Kaen','Khon Kaen',1),(3206,209,'Krabi','Krabi',1),(3207,209,'Lampang','Lampang',1),(3208,209,'Lamphun','Lamphun',1),(3209,209,'Loei','Loei',1),(3210,209,'Lop Buri','Lop Buri',1),(3211,209,'Mae Hong Son','Mae Hong Son',1),(3212,209,'Maha Sarakham','Maha Sarakham',1),(3213,209,'Mukdahan','Mukdahan',1),(3214,209,'Nakhon Nayok','Nakhon Nayok',1),(3215,209,'Nakhon Pathom','Nakhon Pathom',1),(3216,209,'Nakhon Phanom','Nakhon Phanom',1),(3217,209,'Nakhon Ratchasima','Nakhon Ratchasima',1),(3218,209,'Nakhon Sawan','Nakhon Sawan',1),(3219,209,'Nakhon Si Thammarat','Nakhon Si Thammarat',1),(3220,209,'Nan','Nan',1),(3221,209,'Narathiwat','Narathiwat',1),(3222,209,'Nong Bua Lamphu','Nong Bua Lamphu',1),(3223,209,'Nong Khai','Nong Khai',1),(3224,209,'Nonthaburi','Nonthaburi',1),(3225,209,'Pathum Thani','Pathum Thani',1),(3226,209,'Pattani','Pattani',1),(3227,209,'Phangnga','Phangnga',1),(3228,209,'Phatthalung','Phatthalung',1),(3229,209,'Phayao','Phayao',1),(3230,209,'Phetchabun','Phetchabun',1),(3231,209,'Phetchaburi','Phetchaburi',1),(3232,209,'Phichit','Phichit',1),(3233,209,'Phitsanulok','Phitsanulok',1),(3234,209,'Phrae','Phrae',1),(3235,209,'Phuket','Phuket',1),(3236,209,'Prachin Buri','Prachin Buri',1),(3237,209,'Prachuap Khiri Khan','Prachuap Khiri Khan',1),(3238,209,'Ranong','Ranong',1),(3239,209,'Ratchaburi','Ratchaburi',1),(3240,209,'Rayong','Rayong',1),(3241,209,'Roi Et','Roi Et',1),(3242,209,'Sa Kaeo','Sa Kaeo',1),(3243,209,'Sakon Nakhon','Sakon Nakhon',1),(3244,209,'Samut Prakan','Samut Prakan',1),(3245,209,'Samut Sakhon','Samut Sakhon',1),(3246,209,'Samut Songkhram','Samut Songkhram',1),(3247,209,'Sara Buri','Sara Buri',1),(3248,209,'Satun','Satun',1),(3249,209,'Sing Buri','Sing Buri',1),(3250,209,'Sisaket','Sisaket',1),(3251,209,'Songkhla','Songkhla',1),(3252,209,'Sukhothai','Sukhothai',1),(3253,209,'Suphan Buri','Suphan Buri',1),(3254,209,'Surat Thani','Surat Thani',1),(3255,209,'Surin','Surin',1),(3256,209,'Tak','Tak',1),(3257,209,'Trang','Trang',1),(3258,209,'Trat','Trat',1),(3259,209,'Ubon Ratchathani','Ubon Ratchathani',1),(3260,209,'Udon Thani','Udon Thani',1),(3261,209,'Uthai Thani','Uthai Thani',1),(3262,209,'Uttaradit','Uttaradit',1),(3263,209,'Yala','Yala',1),(3264,209,'Yasothon','Yasothon',1),(3265,210,'K','Kara',1),(3266,210,'P','Plateaux',1),(3267,210,'S','Savanes',1),(3268,210,'C','Centrale',1),(3269,210,'M','Maritime',1),(3270,211,'A','Atafu',1),(3271,211,'F','Fakaofo',1),(3272,211,'N','Nukunonu',1),(3273,212,'H','Ha\'apai',1),(3274,212,'T','Tongatapu',1),(3275,212,'V','Vava\'u',1),(3276,213,'CT','Couva/Tabaquite/Talparo',1),(3277,213,'DM','Diego Martin',1),(3278,213,'MR','Mayaro/Rio Claro',1),(3279,213,'PD','Penal/Debe',1),(3280,213,'PT','Princes Town',1),(3281,213,'SG','Sangre Grande',1),(3282,213,'SL','San Juan/Laventille',1),(3283,213,'SI','Siparia',1),(3284,213,'TP','Tunapuna/Piarco',1),(3285,213,'PS','Port of Spain',1),(3286,213,'SF','San Fernando',1),(3287,213,'AR','Arima',1),(3288,213,'PF','Point Fortin',1),(3289,213,'CH','Chaguanas',1),(3290,213,'TO','Tobago',1),(3291,214,'AR','Ariana',1),(3292,214,'BJ','Beja',1),(3293,214,'BA','Ben Arous',1),(3294,214,'BI','Bizerte',1),(3295,214,'GB','Gabes',1),(3296,214,'GF','Gafsa',1),(3297,214,'JE','Jendouba',1),(3298,214,'KR','Kairouan',1),(3299,214,'KS','Kasserine',1),(3300,214,'KB','Kebili',1),(3301,214,'KF','Kef',1),(3302,214,'MH','Mahdia',1),(3303,214,'MN','Manouba',1),(3304,214,'ME','Medenine',1),(3305,214,'MO','Monastir',1),(3306,214,'NA','Nabeul',1),(3307,214,'SF','Sfax',1),(3308,214,'SD','Sidi',1),(3309,214,'SL','Siliana',1),(3310,214,'SO','Sousse',1),(3311,214,'TA','Tataouine',1),(3312,214,'TO','Tozeur',1),(3313,214,'TU','Tunis',1),(3314,214,'ZA','Zaghouan',1),(3315,215,'ADA','Adana',1),(3316,215,'ADI','Adiyaman',1),(3317,215,'AFY','Afyonkarahisar',1),(3318,215,'AGR','Agri',1),(3319,215,'AKS','Aksaray',1),(3320,215,'AMA','Amasya',1),(3321,215,'ANK','Ankara',1),(3322,215,'ANT','Antalya',1),(3323,215,'ARD','Ardahan',1),(3324,215,'ART','Artvin',1),(3325,215,'AYI','Aydin',1),(3326,215,'BAL','Balikesir',1),(3327,215,'BAR','Bartin',1),(3328,215,'BAT','Batman',1),(3329,215,'BAY','Bayburt',1),(3330,215,'BIL','Bilecik',1),(3331,215,'BIN','Bingol',1),(3332,215,'BIT','Bitlis',1),(3333,215,'BOL','Bolu',1),(3334,215,'BRD','Burdur',1),(3335,215,'BRS','Bursa',1),(3336,215,'CKL','Canakkale',1),(3337,215,'CKR','Cankiri',1),(3338,215,'COR','Corum',1),(3339,215,'DEN','Denizli',1),(3340,215,'DIY','Diyarbakir',1),(3341,215,'DUZ','Duzce',1),(3342,215,'EDI','Edirne',1),(3343,215,'ELA','Elazig',1),(3344,215,'EZC','Erzincan',1),(3345,215,'EZR','Erzurum',1),(3346,215,'ESK','Eskisehir',1),(3347,215,'GAZ','Gaziantep',1),(3348,215,'GIR','Giresun',1),(3349,215,'GMS','Gumushane',1),(3350,215,'HKR','Hakkari',1),(3351,215,'HTY','Hatay',1),(3352,215,'IGD','Igdir',1),(3353,215,'ISP','Isparta',1),(3354,215,'IST','Istanbul',1),(3355,215,'IZM','Izmir',1),(3356,215,'KAH','Kahramanmaras',1),(3357,215,'KRB','Karabuk',1),(3358,215,'KRM','Karaman',1),(3359,215,'KRS','Kars',1),(3360,215,'KAS','Kastamonu',1),(3361,215,'KAY','Kayseri',1),(3362,215,'KLS','Kilis',1),(3363,215,'KRK','Kirikkale',1),(3364,215,'KLR','Kirklareli',1),(3365,215,'KRH','Kirsehir',1),(3366,215,'KOC','Kocaeli',1),(3367,215,'KON','Konya',1),(3368,215,'KUT','Kutahya',1),(3369,215,'MAL','Malatya',1),(3370,215,'MAN','Manisa',1),(3371,215,'MAR','Mardin',1),(3372,215,'MER','Mersin',1),(3373,215,'MUG','Mugla',1),(3374,215,'MUS','Mus',1),(3375,215,'NEV','Nevsehir',1),(3376,215,'NIG','Nigde',1),(3377,215,'ORD','Ordu',1),(3378,215,'OSM','Osmaniye',1),(3379,215,'RIZ','Rize',1),(3380,215,'SAK','Sakarya',1),(3381,215,'SAM','Samsun',1),(3382,215,'SAN','Sanliurfa',1),(3383,215,'SII','Siirt',1),(3384,215,'SIN','Sinop',1),(3385,215,'SIR','Sirnak',1),(3386,215,'SIV','Sivas',1),(3387,215,'TEL','Tekirdag',1),(3388,215,'TOK','Tokat',1),(3389,215,'TRA','Trabzon',1),(3390,215,'TUN','Tunceli',1),(3391,215,'USK','Usak',1),(3392,215,'VAN','Van',1),(3393,215,'YAL','Yalova',1),(3394,215,'YOZ','Yozgat',1),(3395,215,'ZON','Zonguldak',1),(3396,216,'A','Ahal Welayaty',1),(3397,216,'B','Balkan Welayaty',1),(3398,216,'D','Dashhowuz Welayaty',1),(3399,216,'L','Lebap Welayaty',1),(3400,216,'M','Mary Welayaty',1),(3401,217,'AC','Ambergris Cays',1),(3402,217,'DC','Dellis Cay',1),(3403,217,'FC','French Cay',1),(3404,217,'LW','Little Water Cay',1),(3405,217,'RC','Parrot Cay',1),(3406,217,'PN','Pine Cay',1),(3407,217,'SL','Salt Cay',1),(3408,217,'GT','Grand Turk',1),(3409,217,'SC','South Caicos',1),(3410,217,'EC','East Caicos',1),(3411,217,'MC','Middle Caicos',1),(3412,217,'NC','North Caicos',1),(3413,217,'PR','Providenciales',1),(3414,217,'WC','West Caicos',1),(3415,218,'NMG','Nanumanga',1),(3416,218,'NLK','Niulakita',1),(3417,218,'NTO','Niutao',1),(3418,218,'FUN','Funafuti',1),(3419,218,'NME','Nanumea',1),(3420,218,'NUI','Nui',1),(3421,218,'NFT','Nukufetau',1),(3422,218,'NLL','Nukulaelae',1),(3423,218,'VAI','Vaitupu',1),(3424,219,'KAL','Kalangala',1),(3425,219,'KMP','Kampala',1),(3426,219,'KAY','Kayunga',1),(3427,219,'KIB','Kiboga',1),(3428,219,'LUW','Luwero',1),(3429,219,'MAS','Masaka',1),(3430,219,'MPI','Mpigi',1),(3431,219,'MUB','Mubende',1),(3432,219,'MUK','Mukono',1),(3433,219,'NKS','Nakasongola',1),(3434,219,'RAK','Rakai',1),(3435,219,'SEM','Sembabule',1),(3436,219,'WAK','Wakiso',1),(3437,219,'BUG','Bugiri',1),(3438,219,'BUS','Busia',1),(3439,219,'IGA','Iganga',1),(3440,219,'JIN','Jinja',1),(3441,219,'KAB','Kaberamaido',1),(3442,219,'KML','Kamuli',1),(3443,219,'KPC','Kapchorwa',1),(3444,219,'KTK','Katakwi',1),(3445,219,'KUM','Kumi',1),(3446,219,'MAY','Mayuge',1),(3447,219,'MBA','Mbale',1),(3448,219,'PAL','Pallisa',1),(3449,219,'SIR','Sironko',1),(3450,219,'SOR','Soroti',1),(3451,219,'TOR','Tororo',1),(3452,219,'ADJ','Adjumani',1),(3453,219,'APC','Apac',1),(3454,219,'ARU','Arua',1),(3455,219,'GUL','Gulu',1),(3456,219,'KIT','Kitgum',1),(3457,219,'KOT','Kotido',1),(3458,219,'LIR','Lira',1),(3459,219,'MRT','Moroto',1),(3460,219,'MOY','Moyo',1),(3461,219,'NAK','Nakapiripirit',1),(3462,219,'NEB','Nebbi',1),(3463,219,'PAD','Pader',1),(3464,219,'YUM','Yumbe',1),(3465,219,'BUN','Bundibugyo',1),(3466,219,'BSH','Bushenyi',1),(3467,219,'HOI','Hoima',1),(3468,219,'KBL','Kabale',1),(3469,219,'KAR','Kabarole',1),(3470,219,'KAM','Kamwenge',1),(3471,219,'KAN','Kanungu',1),(3472,219,'KAS','Kasese',1),(3473,219,'KBA','Kibaale',1),(3474,219,'KIS','Kisoro',1),(3475,219,'KYE','Kyenjojo',1),(3476,219,'MSN','Masindi',1),(3477,219,'MBR','Mbarara',1),(3478,219,'NTU','Ntungamo',1),(3479,219,'RUK','Rukungiri',1),(3480,220,'CK','Cherkasy',1),(3481,220,'CH','Chernihiv',1),(3482,220,'CV','Chernivtsi',1),(3483,220,'CR','Crimea',1),(3484,220,'DN','Dnipropetrovs\'k',1),(3485,220,'DO','Donets\'k',1),(3486,220,'IV','Ivano-Frankivs\'k',1),(3487,220,'KL','Kharkiv Kherson',1),(3488,220,'KM','Khmel\'nyts\'kyy',1),(3489,220,'KR','Kirovohrad',1),(3490,220,'KV','Kiev',1),(3491,220,'KY','Kyyiv',1),(3492,220,'LU','Luhans\'k',1),(3493,220,'LV','L\'viv',1),(3494,220,'MY','Mykolayiv',1),(3495,220,'OD','Odesa',1),(3496,220,'PO','Poltava',1),(3497,220,'RI','Rivne',1),(3498,220,'SE','Sevastopol',1),(3499,220,'SU','Sumy',1),(3500,220,'TE','Ternopil\'',1),(3501,220,'VI','Vinnytsya',1),(3502,220,'VO','Volyn\'',1),(3503,220,'ZK','Zakarpattya',1),(3504,220,'ZA','Zaporizhzhya',1),(3505,220,'ZH','Zhytomyr',1),(3506,221,'AZ','Abu Zaby',1),(3507,221,'AJ','\'Ajman',1),(3508,221,'FU','Al Fujayrah',1),(3509,221,'SH','Ash Shariqah',1),(3510,221,'DU','Dubayy',1),(3511,221,'RK','R\'as al Khaymah',1),(3512,221,'UQ','Umm al Qaywayn',1),(3513,222,'ABN','Aberdeen',1),(3514,222,'ABNS','Aberdeenshire',1),(3515,222,'ANG','Anglesey',1),(3516,222,'AGS','Angus',1),(3517,222,'ARY','Argyll and Bute',1),(3518,222,'BEDS','Bedfordshire',1),(3519,222,'BERKS','Berkshire',1),(3520,222,'BLA','Blaenau Gwent',1),(3521,222,'BRI','Bridgend',1),(3522,222,'BSTL','Bristol',1),(3523,222,'BUCKS','Buckinghamshire',1),(3524,222,'CAE','Caerphilly',1),(3525,222,'CAMBS','Cambridgeshire',1),(3526,222,'CDF','Cardiff',1),(3527,222,'CARM','Carmarthenshire',1),(3528,222,'CDGN','Ceredigion',1),(3529,222,'CHES','Cheshire',1),(3530,222,'CLACK','Clackmannanshire',1),(3531,222,'CON','Conwy',1),(3532,222,'CORN','Cornwall',1),(3533,222,'DNBG','Denbighshire',1),(3534,222,'DERBY','Derbyshire',1),(3535,222,'DVN','Devon',1),(3536,222,'DOR','Dorset',1),(3537,222,'DGL','Dumfries and Galloway',1),(3538,222,'DUND','Dundee',1),(3539,222,'DHM','Durham',1),(3540,222,'ARYE','East Ayrshire',1),(3541,222,'DUNBE','East Dunbartonshire',1),(3542,222,'LOTE','East Lothian',1),(3543,222,'RENE','East Renfrewshire',1),(3544,222,'ERYS','East Riding of Yorkshire',1),(3545,222,'SXE','East Sussex',1),(3546,222,'EDIN','Edinburgh',1),(3547,222,'ESX','Essex',1),(3548,222,'FALK','Falkirk',1),(3549,222,'FFE','Fife',1),(3550,222,'FLINT','Flintshire',1),(3551,222,'GLAS','Glasgow',1),(3552,222,'GLOS','Gloucestershire',1),(3553,222,'LDN','Greater London',1),(3554,222,'MCH','Greater Manchester',1),(3555,222,'GDD','Gwynedd',1),(3556,222,'HANTS','Hampshire',1),(3557,222,'HWR','Herefordshire',1),(3558,222,'HERTS','Hertfordshire',1),(3559,222,'HLD','Highlands',1),(3560,222,'IVER','Inverclyde',1),(3561,222,'IOW','Isle of Wight',1),(3562,222,'KNT','Kent',1),(3563,222,'LANCS','Lancashire',1),(3564,222,'LEICS','Leicestershire',1),(3565,222,'LINCS','Lincolnshire',1),(3566,222,'MSY','Merseyside',1),(3567,222,'MERT','Merthyr Tydfil',1),(3568,222,'MLOT','Midlothian',1),(3569,222,'MMOUTH','Monmouthshire',1),(3570,222,'MORAY','Moray',1),(3571,222,'NPRTAL','Neath Port Talbot',1),(3572,222,'NEWPT','Newport',1),(3573,222,'NOR','Norfolk',1),(3574,222,'ARYN','North Ayrshire',1),(3575,222,'LANN','North Lanarkshire',1),(3576,222,'YSN','North Yorkshire',1),(3577,222,'NHM','Northamptonshire',1),(3578,222,'NLD','Northumberland',1),(3579,222,'NOT','Nottinghamshire',1),(3580,222,'ORK','Orkney Islands',1),(3581,222,'OFE','Oxfordshire',1),(3582,222,'PEM','Pembrokeshire',1),(3583,222,'PERTH','Perth and Kinross',1),(3584,222,'PWS','Powys',1),(3585,222,'REN','Renfrewshire',1),(3586,222,'RHON','Rhondda Cynon Taff',1),(3587,222,'RUT','Rutland',1),(3588,222,'BOR','Scottish Borders',1),(3589,222,'SHET','Shetland Islands',1),(3590,222,'SPE','Shropshire',1),(3591,222,'SOM','Somerset',1),(3592,222,'ARYS','South Ayrshire',1),(3593,222,'LANS','South Lanarkshire',1),(3594,222,'YSS','South Yorkshire',1),(3595,222,'SFD','Staffordshire',1),(3596,222,'STIR','Stirling',1),(3597,222,'SFK','Suffolk',1),(3598,222,'SRY','Surrey',1),(3599,222,'SWAN','Swansea',1),(3600,222,'TORF','Torfaen',1),(3601,222,'TWR','Tyne and Wear',1),(3602,222,'VGLAM','Vale of Glamorgan',1),(3603,222,'WARKS','Warwickshire',1),(3604,222,'WDUN','West Dunbartonshire',1),(3605,222,'WLOT','West Lothian',1),(3606,222,'WMD','West Midlands',1),(3607,222,'SXW','West Sussex',1),(3608,222,'YSW','West Yorkshire',1),(3609,222,'WIL','Western Isles',1),(3610,222,'WLT','Wiltshire',1),(3611,222,'WORCS','Worcestershire',1),(3612,222,'WRX','Wrexham',1),(3613,223,'AL','Alabama',1),(3614,223,'AK','Alaska',1),(3615,223,'AS','American Samoa',1),(3616,223,'AZ','Arizona',1),(3617,223,'AR','Arkansas',1),(3618,223,'AF','Armed Forces Africa',1),(3619,223,'AA','Armed Forces Americas',1),(3620,223,'AC','Armed Forces Canada',1),(3621,223,'AE','Armed Forces Europe',1),(3622,223,'AM','Armed Forces Middle East',1),(3623,223,'AP','Armed Forces Pacific',1),(3624,223,'CA','California',1),(3625,223,'CO','Colorado',1),(3626,223,'CT','Connecticut',1),(3627,223,'DE','Delaware',1),(3628,223,'DC','District of Columbia',1),(3629,223,'FM','Federated States Of Micronesia',1),(3630,223,'FL','Florida',1),(3631,223,'GA','Georgia',1),(3632,223,'GU','Guam',1),(3633,223,'HI','Hawaii',1),(3634,223,'ID','Idaho',1),(3635,223,'IL','Illinois',1),(3636,223,'IN','Indiana',1),(3637,223,'IA','Iowa',1),(3638,223,'KS','Kansas',1),(3639,223,'KY','Kentucky',1),(3640,223,'LA','Louisiana',1),(3641,223,'ME','Maine',1),(3642,223,'MH','Marshall Islands',1),(3643,223,'MD','Maryland',1),(3644,223,'MA','Massachusetts',1),(3645,223,'MI','Michigan',1),(3646,223,'MN','Minnesota',1),(3647,223,'MS','Mississippi',1),(3648,223,'MO','Missouri',1),(3649,223,'MT','Montana',1),(3650,223,'NE','Nebraska',1),(3651,223,'NV','Nevada',1),(3652,223,'NH','New Hampshire',1),(3653,223,'NJ','New Jersey',1),(3654,223,'NM','New Mexico',1),(3655,223,'NY','New York',1),(3656,223,'NC','North Carolina',1),(3657,223,'ND','North Dakota',1),(3658,223,'MP','Northern Mariana Islands',1),(3659,223,'OH','Ohio',1),(3660,223,'OK','Oklahoma',1),(3661,223,'OR','Oregon',1),(3662,223,'PW','Palau',1),(3663,223,'PA','Pennsylvania',1),(3664,223,'PR','Puerto Rico',1),(3665,223,'RI','Rhode Island',1),(3666,223,'SC','South Carolina',1),(3667,223,'SD','South Dakota',1),(3668,223,'TN','Tennessee',1),(3669,223,'TX','Texas',1),(3670,223,'UT','Utah',1),(3671,223,'VT','Vermont',1),(3672,223,'VI','Virgin Islands',1),(3673,223,'VA','Virginia',1),(3674,223,'WA','Washington',1),(3675,223,'WV','West Virginia',1),(3676,223,'WI','Wisconsin',1),(3677,223,'WY','Wyoming',1),(3678,224,'BI','Baker Island',1),(3679,224,'HI','Howland Island',1),(3680,224,'JI','Jarvis Island',1),(3681,224,'JA','Johnston Atoll',1),(3682,224,'KR','Kingman Reef',1),(3683,224,'MA','Midway Atoll',1),(3684,224,'NI','Navassa Island',1),(3685,224,'PA','Palmyra Atoll',1),(3686,224,'WI','Wake Island',1),(3687,225,'AR','Artigas',1),(3688,225,'CA','Canelones',1),(3689,225,'CL','Cerro Largo',1),(3690,225,'CO','Colonia',1),(3691,225,'DU','Durazno',1),(3692,225,'FS','Flores',1),(3693,225,'FA','Florida',1),(3694,225,'LA','Lavalleja',1),(3695,225,'MA','Maldonado',1),(3696,225,'MO','Montevideo',1),(3697,225,'PA','Paysandu',1),(3698,225,'RN','Rio Negro',1),(3699,225,'RV','Rivera',1),(3700,225,'RO','Rocha',1),(3701,225,'SL','Salto',1),(3702,225,'SJ','San Jose',1),(3703,225,'SO','Soriano',1),(3704,225,'TA','Tacuarembo',1),(3705,225,'TT','Treinta y Tres',1),(3706,226,'AN','Andijon',1),(3707,226,'BU','Buxoro',1),(3708,226,'FA','Farg\'ona',1),(3709,226,'JI','Jizzax',1),(3710,226,'NG','Namangan',1),(3711,226,'NW','Navoiy',1),(3712,226,'QA','Qashqadaryo',1),(3713,226,'QR','Qoraqalpog\'iston Republikasi',1),(3714,226,'SA','Samarqand',1),(3715,226,'SI','Sirdaryo',1),(3716,226,'SU','Surxondaryo',1),(3717,226,'TK','Toshkent City',1),(3718,226,'TO','Toshkent Region',1),(3719,226,'XO','Xorazm',1),(3720,227,'MA','Malampa',1),(3721,227,'PE','Penama',1),(3722,227,'SA','Sanma',1),(3723,227,'SH','Shefa',1),(3724,227,'TA','Tafea',1),(3725,227,'TO','Torba',1),(3726,229,'AM','Amazonas',1),(3727,229,'AN','Anzoategui',1),(3728,229,'AP','Apure',1),(3729,229,'AR','Aragua',1),(3730,229,'BA','Barinas',1),(3731,229,'BO','Bolivar',1),(3732,229,'CA','Carabobo',1),(3733,229,'CO','Cojedes',1),(3734,229,'DA','Delta Amacuro',1),(3735,229,'DF','Dependencias Federales',1),(3736,229,'DI','Distrito Federal',1),(3737,229,'FA','Falcon',1),(3738,229,'GU','Guarico',1),(3739,229,'LA','Lara',1),(3740,229,'ME','Merida',1),(3741,229,'MI','Miranda',1),(3742,229,'MO','Monagas',1),(3743,229,'NE','Nueva Esparta',1),(3744,229,'PO','Portuguesa',1),(3745,229,'SU','Sucre',1),(3746,229,'TA','Tachira',1),(3747,229,'TR','Trujillo',1),(3748,229,'VA','Vargas',1),(3749,229,'YA','Yaracuy',1),(3750,229,'ZU','Zulia',1),(3751,230,'AG','An Giang',1),(3752,230,'BG','Bac Giang',1),(3753,230,'BK','Bac Kan',1),(3754,230,'BL','Bac Lieu',1),(3755,230,'BC','Bac Ninh',1),(3756,230,'BR','Ba Ria-Vung Tau',1),(3757,230,'BN','Ben Tre',1),(3758,230,'BH','Binh Dinh',1),(3759,230,'BU','Binh Duong',1),(3760,230,'BP','Binh Phuoc',1),(3761,230,'BT','Binh Thuan',1),(3762,230,'CM','Ca Mau',1),(3763,230,'CT','Can Tho',1),(3764,230,'CB','Cao Bang',1),(3765,230,'DL','Dak Lak',1),(3766,230,'DG','Dak Nong',1),(3767,230,'DN','Da Nang',1),(3768,230,'DB','Dien Bien',1),(3769,230,'DI','Dong Nai',1),(3770,230,'DT','Dong Thap',1),(3771,230,'GL','Gia Lai',1),(3772,230,'HG','Ha Giang',1),(3773,230,'HD','Hai Duong',1),(3774,230,'HP','Hai Phong',1),(3775,230,'HM','Ha Nam',1),(3776,230,'HI','Ha Noi',1),(3777,230,'HT','Ha Tay',1),(3778,230,'HH','Ha Tinh',1),(3779,230,'HB','Hoa Binh',1),(3780,230,'HC','Ho Chi Minh City',1),(3781,230,'HU','Hau Giang',1),(3782,230,'HY','Hung Yen',1),(3783,232,'C','Saint Croix',1),(3784,232,'J','Saint John',1),(3785,232,'T','Saint Thomas',1),(3786,233,'A','Alo',1),(3787,233,'S','Sigave',1),(3788,233,'W','Wallis',1),(3789,235,'AB','Abyan',1),(3790,235,'AD','Adan',1),(3791,235,'AM','Amran',1),(3792,235,'BA','Al Bayda',1),(3793,235,'DA','Ad Dali',1),(3794,235,'DH','Dhamar',1),(3795,235,'HD','Hadramawt',1),(3796,235,'HJ','Hajjah',1),(3797,235,'HU','Al Hudaydah',1),(3798,235,'IB','Ibb',1),(3799,235,'JA','Al Jawf',1),(3800,235,'LA','Lahij',1),(3801,235,'MA','Ma\'rib',1),(3802,235,'MR','Al Mahrah',1),(3803,235,'MW','Al Mahwit',1),(3804,235,'SD','Sa\'dah',1),(3805,235,'SN','San\'a',1),(3806,235,'SH','Shabwah',1),(3807,235,'TA','Ta\'izz',1),(3808,236,'KOS','Kosovo',1),(3809,236,'MON','Montenegro',1),(3810,236,'SER','Serbia',1),(3811,236,'VOJ','Vojvodina',1),(3812,237,'BC','Bas-Congo',1),(3813,237,'BN','Bandundu',1),(3814,237,'EQ','Equateur',1),(3815,237,'KA','Katanga',1),(3816,237,'KE','Kasai-Oriental',1),(3817,237,'KN','Kinshasa',1),(3818,237,'KW','Kasai-Occidental',1),(3819,237,'MA','Maniema',1),(3820,237,'NK','Nord-Kivu',1),(3821,237,'OR','Orientale',1),(3822,237,'SK','Sud-Kivu',1),(3823,238,'CE','Central',1),(3824,238,'CB','Copperbelt',1),(3825,238,'EA','Eastern',1),(3826,238,'LP','Luapula',1),(3827,238,'LK','Lusaka',1),(3828,238,'NO','Northern',1),(3829,238,'NW','North-Western',1),(3830,238,'SO','Southern',1),(3831,238,'WE','Western',1),(3832,239,'BU','Bulawayo',1),(3833,239,'HA','Harare',1),(3834,239,'ML','Manicaland',1),(3835,239,'MC','Mashonaland Central',1),(3836,239,'ME','Mashonaland East',1),(3837,239,'MW','Mashonaland West',1),(3838,239,'MV','Masvingo',1),(3839,239,'MN','Matabeleland North',1),(3840,239,'MS','Matabeleland South',1),(3841,239,'MD','Midlands',1),(3861,105,'CB','Campobasso',1),(3862,105,'CI','Carbonia-Iglesias',1),(3863,105,'CE','Caserta',1),(3864,105,'CT','Catania',1),(3865,105,'CZ','Catanzaro',1),(3866,105,'CH','Chieti',1),(3867,105,'CO','Como',1),(3868,105,'CS','Cosenza',1),(3869,105,'CR','Cremona',1),(3870,105,'KR','Crotone',1),(3871,105,'CN','Cuneo',1),(3872,105,'EN','Enna',1),(3873,105,'FE','Ferrara',1),(3874,105,'FI','Firenze',1),(3875,105,'FG','Foggia',1),(3876,105,'FC','Forli-Cesena',1),(3877,105,'FR','Frosinone',1),(3878,105,'GE','Genova',1),(3879,105,'GO','Gorizia',1),(3880,105,'GR','Grosseto',1),(3881,105,'IM','Imperia',1),(3882,105,'IS','Isernia',1),(3883,105,'AQ','L&#39;Aquila',1),(3884,105,'SP','La Spezia',1),(3885,105,'LT','Latina',1),(3886,105,'LE','Lecce',1),(3887,105,'LC','Lecco',1),(3888,105,'LI','Livorno',1),(3889,105,'LO','Lodi',1),(3890,105,'LU','Lucca',1),(3891,105,'MC','Macerata',1),(3892,105,'MN','Mantova',1),(3893,105,'MS','Massa-Carrara',1),(3894,105,'MT','Matera',1),(3895,105,'VS','Medio Campidano',1),(3896,105,'ME','Messina',1),(3897,105,'MI','Milano',1),(3898,105,'MO','Modena',1),(3899,105,'NA','Napoli',1),(3900,105,'NO','Novara',1),(3901,105,'NU','Nuoro',1),(3902,105,'OG','Ogliastra',1),(3903,105,'OT','Olbia-Tempio',1),(3904,105,'OR','Oristano',1),(3905,105,'PD','Padova',1),(3906,105,'PA','Palermo',1),(3907,105,'PR','Parma',1),(3908,105,'PV','Pavia',1),(3909,105,'PG','Perugia',1),(3910,105,'PU','Pesaro e Urbino',1),(3911,105,'PE','Pescara',1),(3912,105,'PC','Piacenza',1),(3913,105,'PI','Pisa',1),(3914,105,'PT','Pistoia',1),(3915,105,'PN','Pordenone',1),(3916,105,'PZ','Potenza',1),(3917,105,'PO','Prato',1),(3918,105,'RG','Ragusa',1),(3919,105,'RA','Ravenna',1),(3920,105,'RC','Reggio Calabria',1),(3921,105,'RE','Reggio Emilia',1),(3922,105,'RI','Rieti',1),(3923,105,'RN','Rimini',1),(3924,105,'RM','Roma',1),(3925,105,'RO','Rovigo',1),(3926,105,'SA','Salerno',1),(3927,105,'SS','Sassari',1),(3928,105,'SV','Savona',1),(3929,105,'SI','Siena',1),(3930,105,'SR','Siracusa',1),(3931,105,'SO','Sondrio',1),(3932,105,'TA','Taranto',1),(3933,105,'TE','Teramo',1),(3934,105,'TR','Terni',1),(3935,105,'TO','Torino',1),(3936,105,'TP','Trapani',1),(3937,105,'TN','Trento',1),(3938,105,'TV','Treviso',1),(3939,105,'TS','Trieste',1),(3940,105,'UD','Udine',1),(3941,105,'VA','Varese',1),(3942,105,'VE','Venezia',1),(3943,105,'VB','Verbano-Cusio-Ossola',1),(3944,105,'VC','Vercelli',1),(3945,105,'VR','Verona',1),(3946,105,'VV','Vibo Valentia',1),(3947,105,'VI','Vicenza',1),(3948,105,'VT','Viterbo',1),(3949,222,'ANT','County Antrim',1),(3950,222,'ARM','County Armagh',1),(3951,222,'DOW','County Down',1),(3952,222,'FER','County Fermanagh',1),(3953,222,'LDY','County Londonderry',1),(3954,222,'TYR','County Tyrone',1),(3955,222,'CMA','Cumbria',1),(3956,190,'1','Pomurska',1),(3957,190,'2','Podravska',1),(3958,190,'3','Koroška',1),(3959,190,'4','Savinjska',1),(3960,190,'5','Zasavska',1),(3961,190,'6','Spodnjeposavska',1),(3962,190,'7','Jugovzhodna Slovenija',1),(3963,190,'8','Osrednjeslovenska',1),(3964,190,'9','Gorenjska',1),(3965,190,'10','Notranjsko-kraška',1),(3966,190,'11','Goriška',1),(3967,190,'12','Obalno-kraška',1);
/*!40000 ALTER TABLE `gds_zone` ENABLE KEYS */;
UNLOCK TABLES;

--
-- Table structure for table `gds_zone_to_geo_zone`
--

DROP TABLE IF EXISTS `gds_zone_to_geo_zone`;
/*!40101 SET @saved_cs_client     = @@character_set_client */;
/*!40101 SET character_set_client = utf8 */;
CREATE TABLE `gds_zone_to_geo_zone` (
  `zone_to_geo_zone_id` int(11) NOT NULL AUTO_INCREMENT,
  `country_id` int(11) NOT NULL,
  `zone_id` int(11) NOT NULL DEFAULT '0',
  `geo_zone_id` int(11) NOT NULL,
  `date_added` datetime NOT NULL DEFAULT '0000-00-00 00:00:00',
  `date_modified` datetime NOT NULL DEFAULT '0000-00-00 00:00:00',
  PRIMARY KEY (`zone_to_geo_zone_id`)
) ENGINE=MyISAM AUTO_INCREMENT=66 DEFAULT CHARSET=utf8 COLLATE=utf8_bin;
/*!40101 SET character_set_client = @saved_cs_client */;

--
-- Dumping data for table `gds_zone_to_geo_zone`
--

LOCK TABLES `gds_zone_to_geo_zone` WRITE;
/*!40000 ALTER TABLE `gds_zone_to_geo_zone` DISABLE KEYS */;
INSERT INTO `gds_zone_to_geo_zone` VALUES (57,222,0,3,'2010-02-26 22:33:24','0000-00-00 00:00:00'),(65,222,0,4,'2010-12-15 15:18:13','0000-00-00 00:00:00');
/*!40000 ALTER TABLE `gds_zone_to_geo_zone` ENABLE KEYS */;
UNLOCK TABLES;
/*!40103 SET TIME_ZONE=@OLD_TIME_ZONE */;

/*!40101 SET SQL_MODE=@OLD_SQL_MODE */;
/*!40014 SET FOREIGN_KEY_CHECKS=@OLD_FOREIGN_KEY_CHECKS */;
/*!40014 SET UNIQUE_CHECKS=@OLD_UNIQUE_CHECKS */;
/*!40101 SET CHARACTER_SET_CLIENT=@OLD_CHARACTER_SET_CLIENT */;
/*!40101 SET CHARACTER_SET_RESULTS=@OLD_CHARACTER_SET_RESULTS */;
/*!40101 SET COLLATION_CONNECTION=@OLD_COLLATION_CONNECTION */;
/*!40111 SET SQL_NOTES=@OLD_SQL_NOTES */;

-- Dump completed on 2012-06-30 23:54:44
